   Compiling jzon-fuzz v0.0.0 (/home/meme/Documentos/GitHub/jzon-rs/fuzz)
    Finished `release` profile [optimized + debuginfo] target(s) in 7.16s
    Finished `release` profile [optimized + debuginfo] target(s) in 0.02s
     Running `target/x86_64-unknown-linux-gnu/release/map_keys -artifact_prefix=/home/meme/Documentos/GitHub/jzon-rs/fuzz/artifacts/map_keys/ -max_total_time=30 -max_len=4096 -rss_limit_mb=512 /home/meme/Documentos/GitHub/jzon-rs/fuzz/corpus/map_keys`
INFO: Running with entropic power schedule (0xFF, 100).
INFO: Seed: 1103641286
INFO: Loaded 1 modules   (13089 inline 8-bit counters): 13089 [0x555c03123bb0, 0x555c03126ed1), 
INFO: Loaded 1 PC tables (13089 PCs): 13089 [0x555c03126ed8,0x555c0315a0e8), 
INFO:     3044 files found in /home/meme/Documentos/GitHub/jzon-rs/fuzz/corpus/map_keys
INFO: seed corpus: files: 3044 min: 1b max: 1000b total: 101087b rss: 51Mb
#3045	INITED cov: 4299 ft: 13431 corp: 1406/42Kb exec/s: 0 rss: 105Mb
#3133	NEW    cov: 4300 ft: 13432 corp: 1407/42Kb lim: 1009 exec/s: 0 rss: 105Mb L: 162/1000 MS: 3 CopyPart-InsertByte-InsertRepeatedBytes-
#3288	NEW    cov: 4301 ft: 13433 corp: 1408/42Kb lim: 1009 exec/s: 0 rss: 106Mb L: 52/1000 MS: 5 ShuffleBytes-EraseBytes-CrossOver-CopyPart-ChangeBinInt-
#3426	REDUCE cov: 4301 ft: 13433 corp: 1408/42Kb lim: 1009 exec/s: 0 rss: 107Mb L: 14/1000 MS: 3 ChangeByte-ChangeBinInt-EraseBytes-
#3431	NEW    cov: 4301 ft: 13434 corp: 1409/42Kb lim: 1009 exec/s: 0 rss: 107Mb L: 178/1000 MS: 5 InsertRepeatedBytes-ChangeBinInt-ChangeBit-CopyPart-CMP- DE: "\003]\005\000\020\000\000\000"-
#3487	REDUCE cov: 4301 ft: 13434 corp: 1409/42Kb lim: 1009 exec/s: 0 rss: 107Mb L: 16/1000 MS: 1 EraseBytes-
#3608	NEW    cov: 4302 ft: 13436 corp: 1410/42Kb lim: 1009 exec/s: 0 rss: 108Mb L: 21/1000 MS: 1 ChangeByte-
#3768	REDUCE cov: 4302 ft: 13436 corp: 1410/42Kb lim: 1009 exec/s: 0 rss: 108Mb L: 2/1000 MS: 5 ChangeByte-EraseBytes-ChangeByte-ChangeByte-ChangeByte-
#3855	NEW    cov: 4302 ft: 13437 corp: 1411/42Kb lim: 1009 exec/s: 0 rss: 109Mb L: 5/1000 MS: 2 EraseBytes-ChangeBit-
#3875	REDUCE cov: 4302 ft: 13437 corp: 1411/42Kb lim: 1009 exec/s: 0 rss: 109Mb L: 32/1000 MS: 5 ChangeByte-ChangeASCIIInt-PersAutoDict-CMP-EraseBytes- DE: "\003]\005\000\020\000\000\000"-"\000\000\000\000"-
#3901	REDUCE cov: 4302 ft: 13437 corp: 1411/42Kb lim: 1009 exec/s: 0 rss: 109Mb L: 29/1000 MS: 1 EraseBytes-
#3920	NEW    cov: 4302 ft: 13438 corp: 1412/42Kb lim: 1009 exec/s: 0 rss: 109Mb L: 236/1000 MS: 4 ShuffleBytes-CrossOver-InsertRepeatedBytes-InsertRepeatedBytes-
#4341	REDUCE cov: 4302 ft: 13438 corp: 1412/42Kb lim: 1009 exec/s: 0 rss: 111Mb L: 5/1000 MS: 1 EraseBytes-
#4357	REDUCE cov: 4302 ft: 13438 corp: 1412/42Kb lim: 1009 exec/s: 0 rss: 112Mb L: 8/1000 MS: 1 EraseBytes-
#4375	NEW    cov: 4311 ft: 13447 corp: 1413/43Kb lim: 1009 exec/s: 0 rss: 112Mb L: 207/1000 MS: 3 InsertRepeatedBytes-PersAutoDict-InsertRepeatedBytes- DE: "\000\000\000\000"-
#4406	NEW    cov: 4312 ft: 13448 corp: 1414/43Kb lim: 1009 exec/s: 0 rss: 112Mb L: 34/1000 MS: 1 ChangeBinInt-
#4422	REDUCE cov: 4312 ft: 13448 corp: 1414/43Kb lim: 1009 exec/s: 0 rss: 112Mb L: 30/1000 MS: 1 EraseBytes-
#4844	NEW    cov: 4312 ft: 13449 corp: 1415/43Kb lim: 1009 exec/s: 0 rss: 114Mb L: 24/1000 MS: 2 EraseBytes-EraseBytes-
#5542	NEW    cov: 4313 ft: 13450 corp: 1416/43Kb lim: 1009 exec/s: 0 rss: 117Mb L: 5/1000 MS: 3 EraseBytes-ShuffleBytes-CrossOver-
#5679	NEW    cov: 4313 ft: 13459 corp: 1417/43Kb lim: 1009 exec/s: 0 rss: 117Mb L: 209/1000 MS: 2 ShuffleBytes-InsertRepeatedBytes-
#5860	REDUCE cov: 4313 ft: 13459 corp: 1417/43Kb lim: 1009 exec/s: 0 rss: 118Mb L: 25/1000 MS: 1 EraseBytes-
#5881	NEW    cov: 4314 ft: 13460 corp: 1418/43Kb lim: 1009 exec/s: 0 rss: 118Mb L: 77/1000 MS: 1 InsertRepeatedBytes-
#6079	REDUCE cov: 4314 ft: 13460 corp: 1418/43Kb lim: 1009 exec/s: 0 rss: 119Mb L: 16/1000 MS: 3 InsertByte-CopyPart-EraseBytes-
#6485	NEW    cov: 4314 ft: 13461 corp: 1419/43Kb lim: 1009 exec/s: 0 rss: 121Mb L: 21/1000 MS: 1 CopyPart-
#6507	NEW    cov: 4314 ft: 13463 corp: 1420/43Kb lim: 1009 exec/s: 0 rss: 121Mb L: 12/1000 MS: 2 CrossOver-EraseBytes-
#6678	NEW    cov: 4314 ft: 13472 corp: 1421/43Kb lim: 1009 exec/s: 0 rss: 121Mb L: 218/1000 MS: 1 InsertRepeatedBytes-
#6876	REDUCE cov: 4314 ft: 13472 corp: 1421/43Kb lim: 1009 exec/s: 0 rss: 123Mb L: 56/1000 MS: 3 PersAutoDict-CopyPart-EraseBytes- DE: "\000\000\000\000"-
#6927	REDUCE cov: 4314 ft: 13472 corp: 1421/43Kb lim: 1009 exec/s: 0 rss: 123Mb L: 23/1000 MS: 1 EraseBytes-
#7060	NEW    cov: 4314 ft: 13473 corp: 1422/43Kb lim: 1009 exec/s: 0 rss: 123Mb L: 264/1000 MS: 3 CopyPart-InsertRepeatedBytes-InsertRepeatedBytes-
#7106	REDUCE cov: 4314 ft: 13473 corp: 1422/43Kb lim: 1009 exec/s: 0 rss: 124Mb L: 13/1000 MS: 1 EraseBytes-
#7295	NEW    cov: 4315 ft: 13483 corp: 1423/44Kb lim: 1009 exec/s: 0 rss: 124Mb L: 329/1000 MS: 4 CopyPart-ShuffleBytes-CMP-CopyPart- DE: "fa:e\365."-
#7347	REDUCE cov: 4315 ft: 13483 corp: 1423/44Kb lim: 1009 exec/s: 0 rss: 125Mb L: 3/1000 MS: 2 ChangeByte-EraseBytes-
#7358	REDUCE cov: 4315 ft: 13483 corp: 1423/44Kb lim: 1009 exec/s: 0 rss: 125Mb L: 26/1000 MS: 1 EraseBytes-
#7370	REDUCE cov: 4315 ft: 13483 corp: 1423/44Kb lim: 1009 exec/s: 0 rss: 125Mb L: 45/1000 MS: 2 InsertByte-EraseBytes-
#7412	NEW    cov: 4315 ft: 13484 corp: 1424/44Kb lim: 1009 exec/s: 0 rss: 125Mb L: 15/1000 MS: 2 ChangeASCIIInt-ChangeBinInt-
#7488	REDUCE cov: 4315 ft: 13484 corp: 1424/44Kb lim: 1009 exec/s: 0 rss: 126Mb L: 6/1000 MS: 1 EraseBytes-
#7689	NEW    cov: 4315 ft: 13487 corp: 1425/44Kb lim: 1009 exec/s: 0 rss: 127Mb L: 32/1000 MS: 1 EraseBytes-
#7800	NEW    cov: 4315 ft: 13488 corp: 1426/44Kb lim: 1009 exec/s: 0 rss: 127Mb L: 7/1000 MS: 1 EraseBytes-
#7861	REDUCE cov: 4315 ft: 13488 corp: 1426/44Kb lim: 1009 exec/s: 0 rss: 128Mb L: 131/1000 MS: 1 EraseBytes-
#8224	REDUCE cov: 4315 ft: 13488 corp: 1426/44Kb lim: 1009 exec/s: 8224 rss: 129Mb L: 6/1000 MS: 3 ShuffleBytes-InsertRepeatedBytes-EraseBytes-
#8226	REDUCE cov: 4315 ft: 13488 corp: 1426/44Kb lim: 1009 exec/s: 8226 rss: 129Mb L: 10/1000 MS: 2 ChangeBit-EraseBytes-
#8497	NEW    cov: 4315 ft: 13489 corp: 1427/44Kb lim: 1009 exec/s: 8497 rss: 131Mb L: 157/1000 MS: 1 InsertRepeatedBytes-
#8783	REDUCE cov: 4315 ft: 13489 corp: 1427/44Kb lim: 1009 exec/s: 8783 rss: 132Mb L: 20/1000 MS: 1 EraseBytes-
#8809	REDUCE cov: 4315 ft: 13489 corp: 1427/44Kb lim: 1009 exec/s: 8809 rss: 132Mb L: 18/1000 MS: 1 EraseBytes-
#9135	NEW    cov: 4315 ft: 13490 corp: 1428/44Kb lim: 1009 exec/s: 9135 rss: 133Mb L: 39/1000 MS: 1 EraseBytes-
#9206	REDUCE cov: 4315 ft: 13490 corp: 1428/44Kb lim: 1009 exec/s: 9206 rss: 134Mb L: 16/1000 MS: 1 EraseBytes-
#9743	REDUCE cov: 4315 ft: 13490 corp: 1428/44Kb lim: 1009 exec/s: 9743 rss: 136Mb L: 10/1000 MS: 2 ChangeBit-EraseBytes-
#9784	REDUCE cov: 4315 ft: 13490 corp: 1428/44Kb lim: 1009 exec/s: 9784 rss: 136Mb L: 77/1000 MS: 1 EraseBytes-
#9902	REDUCE cov: 4315 ft: 13490 corp: 1428/44Kb lim: 1009 exec/s: 9902 rss: 137Mb L: 12/1000 MS: 3 ChangeBinInt-ChangeByte-EraseBytes-
#10043	REDUCE cov: 4315 ft: 13490 corp: 1428/44Kb lim: 1009 exec/s: 10043 rss: 137Mb L: 10/1000 MS: 1 EraseBytes-
#10160	NEW    cov: 4315 ft: 13492 corp: 1429/44Kb lim: 1009 exec/s: 10160 rss: 138Mb L: 8/1000 MS: 2 ChangeBinInt-EraseBytes-
#10466	NEW    cov: 4315 ft: 13493 corp: 1430/44Kb lim: 1009 exec/s: 10466 rss: 139Mb L: 157/1000 MS: 1 ChangeByte-
#10651	NEW    cov: 4316 ft: 13494 corp: 1431/44Kb lim: 1009 exec/s: 10651 rss: 139Mb L: 24/1000 MS: 5 EraseBytes-InsertRepeatedBytes-ChangeBit-ChangeBinInt-EraseBytes-
#10720	NEW    cov: 4316 ft: 13495 corp: 1432/44Kb lim: 1009 exec/s: 10720 rss: 140Mb L: 69/1000 MS: 4 PersAutoDict-PersAutoDict-ChangeByte-ChangeBinInt- DE: "\000\000\000\000"-"\000\000\000\000"-
#11024	REDUCE cov: 4316 ft: 13495 corp: 1432/44Kb lim: 1009 exec/s: 11024 rss: 141Mb L: 190/1000 MS: 4 ChangeASCIIInt-ChangeByte-ChangeASCIIInt-EraseBytes-
#11191	NEW    cov: 4316 ft: 13500 corp: 1433/44Kb lim: 1009 exec/s: 11191 rss: 142Mb L: 74/1000 MS: 2 EraseBytes-EraseBytes-
#11213	REDUCE cov: 4316 ft: 13500 corp: 1433/44Kb lim: 1009 exec/s: 11213 rss: 142Mb L: 100/1000 MS: 2 ChangeBit-EraseBytes-
#11300	REDUCE cov: 4316 ft: 13500 corp: 1433/44Kb lim: 1009 exec/s: 11300 rss: 142Mb L: 5/1000 MS: 2 ChangeBinInt-EraseBytes-
#11386	NEW    cov: 4316 ft: 13502 corp: 1434/44Kb lim: 1009 exec/s: 11386 rss: 143Mb L: 17/1000 MS: 1 ChangeASCIIInt-
#11808	NEW    cov: 4316 ft: 13504 corp: 1435/44Kb lim: 1009 exec/s: 11808 rss: 144Mb L: 67/1000 MS: 2 ChangeASCIIInt-CrossOver-
#12157	REDUCE cov: 4316 ft: 13504 corp: 1435/44Kb lim: 1009 exec/s: 12157 rss: 146Mb L: 76/1000 MS: 4 ChangeBit-ShuffleBytes-ChangeByte-EraseBytes-
#12173	REDUCE cov: 4316 ft: 13504 corp: 1435/44Kb lim: 1009 exec/s: 12173 rss: 146Mb L: 29/1000 MS: 1 EraseBytes-
#12291	REDUCE cov: 4316 ft: 13504 corp: 1435/44Kb lim: 1009 exec/s: 12291 rss: 146Mb L: 42/1000 MS: 3 ChangeASCIIInt-ChangeBit-EraseBytes-
#12492	REDUCE cov: 4316 ft: 13504 corp: 1435/44Kb lim: 1009 exec/s: 12492 rss: 147Mb L: 90/1000 MS: 1 EraseBytes-
#12758	NEW    cov: 4316 ft: 13505 corp: 1436/44Kb lim: 1009 exec/s: 12758 rss: 148Mb L: 13/1000 MS: 1 EraseBytes-
#12787	NEW    cov: 4317 ft: 13506 corp: 1437/44Kb lim: 1009 exec/s: 12787 rss: 148Mb L: 73/1000 MS: 4 ChangeByte-ShuffleBytes-EraseBytes-InsertRepeatedBytes-
#12873	REDUCE cov: 4317 ft: 13506 corp: 1437/44Kb lim: 1009 exec/s: 12873 rss: 149Mb L: 37/1000 MS: 1 EraseBytes-
#12905	NEW    cov: 4317 ft: 13507 corp: 1438/44Kb lim: 1009 exec/s: 12905 rss: 149Mb L: 75/1000 MS: 2 EraseBytes-CMP- DE: "VN\376\371\334\003\000\000"-
#13169	NEW    cov: 4317 ft: 13516 corp: 1439/45Kb lim: 1009 exec/s: 13169 rss: 150Mb L: 186/1000 MS: 4 PersAutoDict-InsertRepeatedBytes-InsertByte-InsertRepeatedBytes- DE: "fa:e\365."-
#13498	REDUCE cov: 4317 ft: 13516 corp: 1439/45Kb lim: 1009 exec/s: 13498 rss: 151Mb L: 84/1000 MS: 4 ChangeBit-ChangeASCIIInt-ChangeByte-CrossOver-
#13780	REDUCE cov: 4317 ft: 13516 corp: 1439/45Kb lim: 1009 exec/s: 13780 rss: 152Mb L: 37/1000 MS: 2 ChangeASCIIInt-EraseBytes-
#13821	REDUCE cov: 4317 ft: 13516 corp: 1439/45Kb lim: 1009 exec/s: 13821 rss: 152Mb L: 32/1000 MS: 1 EraseBytes-
#13894	NEW    cov: 4317 ft: 13520 corp: 1440/45Kb lim: 1009 exec/s: 13894 rss: 153Mb L: 76/1000 MS: 3 ChangeByte-ChangeASCIIInt-ChangeBit-
#13997	NEW    cov: 4321 ft: 13524 corp: 1441/45Kb lim: 1009 exec/s: 13997 rss: 153Mb L: 45/1000 MS: 3 ChangeBinInt-EraseBytes-CrossOver-
#14263	REDUCE cov: 4321 ft: 13524 corp: 1441/45Kb lim: 1009 exec/s: 14263 rss: 154Mb L: 31/1000 MS: 1 EraseBytes-
#14466	NEW    cov: 4321 ft: 13525 corp: 1442/45Kb lim: 1009 exec/s: 14466 rss: 155Mb L: 64/1000 MS: 3 ChangeBinInt-InsertByte-CrossOver-
#14610	NEW    cov: 4321 ft: 13526 corp: 1443/45Kb lim: 1009 exec/s: 14610 rss: 155Mb L: 304/1000 MS: 4 CMP-PersAutoDict-ShuffleBytes-InsertRepeatedBytes- DE: "\003\000\000\000\000\000\000\000"-"VN\376\371\334\003\000\000"-
#15023	REDUCE cov: 4321 ft: 13526 corp: 1443/45Kb lim: 1009 exec/s: 15023 rss: 157Mb L: 16/1000 MS: 3 ChangeASCIIInt-EraseBytes-ChangeASCIIInt-
#15169	REDUCE cov: 4321 ft: 13526 corp: 1443/45Kb lim: 1009 exec/s: 15169 rss: 158Mb L: 13/1000 MS: 1 EraseBytes-
#15700	NEW    cov: 4321 ft: 13527 corp: 1444/45Kb lim: 1009 exec/s: 15700 rss: 160Mb L: 166/1000 MS: 1 CopyPart-
#15816	REDUCE cov: 4321 ft: 13527 corp: 1444/45Kb lim: 1009 exec/s: 15816 rss: 160Mb L: 28/1000 MS: 1 EraseBytes-
#15947	NEW    cov: 4321 ft: 13532 corp: 1445/45Kb lim: 1009 exec/s: 15947 rss: 161Mb L: 10/1000 MS: 1 CrossOver-
#16750	REDUCE cov: 4321 ft: 13532 corp: 1445/45Kb lim: 1009 exec/s: 16750 rss: 164Mb L: 13/1000 MS: 3 InsertByte-CrossOver-EraseBytes-
#16976	REDUCE cov: 4321 ft: 13532 corp: 1445/45Kb lim: 1009 exec/s: 16976 rss: 164Mb L: 41/1000 MS: 1 EraseBytes-
#17421	REDUCE cov: 4321 ft: 13532 corp: 1445/45Kb lim: 1009 exec/s: 17421 rss: 174Mb L: 91/1000 MS: 1 EraseBytes-
#17452	REDUCE cov: 4321 ft: 13532 corp: 1445/45Kb lim: 1009 exec/s: 17452 rss: 174Mb L: 24/1000 MS: 1 EraseBytes-
#17678	NEW    cov: 4321 ft: 13534 corp: 1446/45Kb lim: 1009 exec/s: 17678 rss: 175Mb L: 8/1000 MS: 1 EraseBytes-
#17704	REDUCE cov: 4321 ft: 13534 corp: 1446/45Kb lim: 1009 exec/s: 17704 rss: 175Mb L: 6/1000 MS: 1 EraseBytes-
#18155	REDUCE cov: 4321 ft: 13534 corp: 1446/45Kb lim: 1009 exec/s: 18155 rss: 177Mb L: 17/1000 MS: 1 EraseBytes-
#18317	NEW    cov: 4321 ft: 13535 corp: 1447/45Kb lim: 1009 exec/s: 18317 rss: 178Mb L: 294/1000 MS: 2 InsertRepeatedBytes-InsertRepeatedBytes-
#18355	NEW    cov: 4322 ft: 13536 corp: 1448/46Kb lim: 1009 exec/s: 18355 rss: 178Mb L: 15/1000 MS: 3 ChangeASCIIInt-ChangeByte-InsertByte-
#18356	REDUCE cov: 4322 ft: 13536 corp: 1448/46Kb lim: 1009 exec/s: 18356 rss: 178Mb L: 6/1000 MS: 1 EraseBytes-
#18438	NEW    cov: 4324 ft: 13540 corp: 1449/46Kb lim: 1009 exec/s: 18438 rss: 178Mb L: 15/1000 MS: 2 CopyPart-EraseBytes-
#18644	NEW    cov: 4324 ft: 13541 corp: 1450/46Kb lim: 1009 exec/s: 18644 rss: 179Mb L: 79/1000 MS: 1 ChangeByte-
#18753	NEW    cov: 4324 ft: 13542 corp: 1451/46Kb lim: 1009 exec/s: 18753 rss: 180Mb L: 71/1000 MS: 4 CopyPart-ShuffleBytes-EraseBytes-PersAutoDict- DE: "VN\376\371\334\003\000\000"-
#19014	REDUCE cov: 4324 ft: 13542 corp: 1451/46Kb lim: 1009 exec/s: 19014 rss: 181Mb L: 52/1000 MS: 1 EraseBytes-
#19218	REDUCE cov: 4324 ft: 13542 corp: 1451/46Kb lim: 1009 exec/s: 19218 rss: 181Mb L: 12/1000 MS: 4 CopyPart-ChangeBinInt-ChangeASCIIInt-EraseBytes-
#19429	REDUCE cov: 4324 ft: 13542 corp: 1451/46Kb lim: 1009 exec/s: 19429 rss: 182Mb L: 21/1000 MS: 1 EraseBytes-
#19775	REDUCE cov: 4324 ft: 13542 corp: 1451/46Kb lim: 1009 exec/s: 19775 rss: 183Mb L: 23/1000 MS: 1 EraseBytes-
#19876	NEW    cov: 4324 ft: 13543 corp: 1452/46Kb lim: 1009 exec/s: 19876 rss: 184Mb L: 76/1000 MS: 1 ChangeASCIIInt-
#19917	REDUCE cov: 4324 ft: 13543 corp: 1452/46Kb lim: 1009 exec/s: 19917 rss: 184Mb L: 15/1000 MS: 1 EraseBytes-
#19948	NEW    cov: 4325 ft: 13545 corp: 1453/46Kb lim: 1009 exec/s: 19948 rss: 184Mb L: 55/1000 MS: 1 CrossOver-
#20101	NEW    cov: 4325 ft: 13546 corp: 1454/46Kb lim: 1009 exec/s: 20101 rss: 185Mb L: 140/1000 MS: 3 ShuffleBytes-ShuffleBytes-InsertRepeatedBytes-
#20462	REDUCE cov: 4325 ft: 13546 corp: 1454/46Kb lim: 1009 exec/s: 20462 rss: 186Mb L: 107/1000 MS: 1 EraseBytes-
#20722	NEW    cov: 4325 ft: 13552 corp: 1455/46Kb lim: 1009 exec/s: 20722 rss: 188Mb L: 611/1000 MS: 5 PersAutoDict-InsertByte-InsertRepeatedBytes-ChangeByte-CopyPart- DE: "fa:e\365."-
#20924	REDUCE cov: 4325 ft: 13552 corp: 1455/46Kb lim: 1009 exec/s: 20924 rss: 189Mb L: 39/1000 MS: 2 CopyPart-EraseBytes-
#20960	REDUCE cov: 4325 ft: 13552 corp: 1455/46Kb lim: 1009 exec/s: 20960 rss: 189Mb L: 28/1000 MS: 1 EraseBytes-
#20964	REDUCE cov: 4325 ft: 13552 corp: 1455/46Kb lim: 1009 exec/s: 20964 rss: 189Mb L: 41/1000 MS: 4 ChangeByte-PersAutoDict-ChangeByte-EraseBytes- DE: "fa:e\365."-
#21010	REDUCE cov: 4325 ft: 13552 corp: 1455/46Kb lim: 1009 exec/s: 21010 rss: 189Mb L: 983/983 MS: 1 EraseBytes-
#21076	NEW    cov: 4325 ft: 13553 corp: 1456/46Kb lim: 1009 exec/s: 21076 rss: 189Mb L: 21/983 MS: 1 EraseBytes-
#21282	NEW    cov: 4325 ft: 13556 corp: 1457/47Kb lim: 1009 exec/s: 21282 rss: 190Mb L: 124/983 MS: 1 InsertRepeatedBytes-
#21313	REDUCE cov: 4325 ft: 13556 corp: 1457/47Kb lim: 1009 exec/s: 21313 rss: 190Mb L: 25/983 MS: 1 EraseBytes-
#21449	REDUCE cov: 4325 ft: 13556 corp: 1457/47Kb lim: 1009 exec/s: 21449 rss: 191Mb L: 21/983 MS: 1 EraseBytes-
#21748	NEW    cov: 4325 ft: 13557 corp: 1458/47Kb lim: 1009 exec/s: 21748 rss: 192Mb L: 433/983 MS: 4 InsertRepeatedBytes-ChangeByte-CrossOver-CopyPart-
#22424	REDUCE cov: 4325 ft: 13557 corp: 1458/47Kb lim: 1009 exec/s: 11212 rss: 194Mb L: 18/983 MS: 1 EraseBytes-
#22535	REDUCE cov: 4325 ft: 13557 corp: 1458/47Kb lim: 1009 exec/s: 11267 rss: 195Mb L: 41/983 MS: 1 EraseBytes-
#22896	NEW    cov: 4325 ft: 13562 corp: 1459/47Kb lim: 1009 exec/s: 11448 rss: 196Mb L: 40/983 MS: 1 InsertByte-
#23360	REDUCE cov: 4325 ft: 13562 corp: 1459/47Kb lim: 1009 exec/s: 11680 rss: 198Mb L: 52/983 MS: 4 ChangeBit-ChangeByte-ChangeByte-EraseBytes-
#23639	NEW    cov: 4327 ft: 13564 corp: 1460/47Kb lim: 1009 exec/s: 11819 rss: 199Mb L: 6/983 MS: 4 InsertByte-PersAutoDict-InsertRepeatedBytes-CrossOver- DE: "VN\376\371\334\003\000\000"-
#23688	NEW    cov: 4328 ft: 13565 corp: 1461/47Kb lim: 1009 exec/s: 11844 rss: 199Mb L: 25/983 MS: 4 ShuffleBytes-ChangeASCIIInt-ShuffleBytes-CMP- DE: "\000\000\000\000\000\000\000\000"-
#23729	REDUCE cov: 4328 ft: 13565 corp: 1461/47Kb lim: 1009 exec/s: 11864 rss: 199Mb L: 28/983 MS: 1 EraseBytes-
#23751	REDUCE cov: 4328 ft: 13565 corp: 1461/47Kb lim: 1009 exec/s: 11875 rss: 200Mb L: 41/983 MS: 2 ChangeBinInt-EraseBytes-
#24373	REDUCE cov: 4328 ft: 13565 corp: 1461/47Kb lim: 1009 exec/s: 12186 rss: 201Mb L: 70/983 MS: 2 ChangeASCIIInt-EraseBytes-
#24773	REDUCE cov: 4328 ft: 13565 corp: 1461/47Kb lim: 1009 exec/s: 12386 rss: 203Mb L: 3/983 MS: 5 ShuffleBytes-ChangeASCIIInt-ChangeBit-ShuffleBytes-EraseBytes-
#24852	REDUCE cov: 4328 ft: 13565 corp: 1461/47Kb lim: 1009 exec/s: 12426 rss: 203Mb L: 77/983 MS: 4 CrossOver-ChangeBinInt-ChangeBit-EraseBytes-
#24873	REDUCE cov: 4328 ft: 13565 corp: 1461/47Kb lim: 1009 exec/s: 12436 rss: 203Mb L: 20/983 MS: 1 EraseBytes-
#24980	NEW    cov: 4328 ft: 13566 corp: 1462/47Kb lim: 1009 exec/s: 12490 rss: 203Mb L: 137/983 MS: 2 InsertRepeatedBytes-ChangeByte-
#25056	REDUCE cov: 4328 ft: 13566 corp: 1462/47Kb lim: 1009 exec/s: 12528 rss: 204Mb L: 23/983 MS: 1 EraseBytes-
#25370	NEW    cov: 4328 ft: 13567 corp: 1463/47Kb lim: 1009 exec/s: 12685 rss: 205Mb L: 166/983 MS: 4 CopyPart-CrossOver-CMP-InsertByte- DE: "false\""-
#25413	REDUCE cov: 4328 ft: 13567 corp: 1463/47Kb lim: 1009 exec/s: 12706 rss: 205Mb L: 55/983 MS: 3 CrossOver-ChangeASCIIInt-EraseBytes-
#25509	REDUCE cov: 4328 ft: 13567 corp: 1463/47Kb lim: 1009 exec/s: 12754 rss: 206Mb L: 3/983 MS: 1 EraseBytes-
#25537	REDUCE cov: 4328 ft: 13567 corp: 1463/47Kb lim: 1009 exec/s: 12768 rss: 206Mb L: 16/983 MS: 3 ChangeBit-CopyPart-EraseBytes-
#25645	REDUCE cov: 4328 ft: 13567 corp: 1463/47Kb lim: 1009 exec/s: 12822 rss: 206Mb L: 7/983 MS: 3 ChangeBit-ChangeByte-EraseBytes-
#25662	REDUCE cov: 4328 ft: 13567 corp: 1463/47Kb lim: 1009 exec/s: 12831 rss: 206Mb L: 9/983 MS: 2 ChangeASCIIInt-EraseBytes-
#25693	NEW    cov: 4328 ft: 13568 corp: 1464/47Kb lim: 1009 exec/s: 12846 rss: 207Mb L: 16/983 MS: 1 ChangeByte-
#25695	NEW    cov: 4328 ft: 13569 corp: 1465/47Kb lim: 1009 exec/s: 12847 rss: 207Mb L: 222/983 MS: 2 InsertByte-CopyPart-
#25736	REDUCE cov: 4328 ft: 13569 corp: 1465/47Kb lim: 1009 exec/s: 12868 rss: 207Mb L: 11/983 MS: 1 EraseBytes-
#25898	REDUCE cov: 4328 ft: 13569 corp: 1465/47Kb lim: 1009 exec/s: 12949 rss: 208Mb L: 18/983 MS: 2 ChangeBinInt-EraseBytes-
#25985	REDUCE cov: 4328 ft: 13569 corp: 1465/47Kb lim: 1009 exec/s: 12992 rss: 208Mb L: 15/983 MS: 2 CrossOver-EraseBytes-
#26191	REDUCE cov: 4328 ft: 13569 corp: 1465/47Kb lim: 1009 exec/s: 13095 rss: 209Mb L: 38/983 MS: 1 EraseBytes-
#26231	NEW    cov: 4328 ft: 13570 corp: 1466/48Kb lim: 1009 exec/s: 13115 rss: 209Mb L: 172/983 MS: 5 ChangeBit-ShuffleBytes-CopyPart-ChangeByte-InsertRepeatedBytes-
#26372	REDUCE cov: 4328 ft: 13572 corp: 1467/48Kb lim: 1009 exec/s: 13186 rss: 210Mb L: 6/983 MS: 1 ShuffleBytes-
#26523	REDUCE cov: 4328 ft: 13572 corp: 1467/48Kb lim: 1009 exec/s: 13261 rss: 210Mb L: 27/983 MS: 1 EraseBytes-
#26624	NEW    cov: 4328 ft: 13573 corp: 1468/48Kb lim: 1009 exec/s: 13312 rss: 211Mb L: 10/983 MS: 1 ChangeBit-
#26795	REDUCE cov: 4328 ft: 13573 corp: 1468/48Kb lim: 1009 exec/s: 13397 rss: 211Mb L: 43/983 MS: 1 EraseBytes-
#26896	REDUCE cov: 4328 ft: 13573 corp: 1468/48Kb lim: 1009 exec/s: 13448 rss: 212Mb L: 5/983 MS: 1 EraseBytes-
#27077	NEW    cov: 4328 ft: 13574 corp: 1469/48Kb lim: 1009 exec/s: 13538 rss: 212Mb L: 9/983 MS: 1 EraseBytes-
#27109	REDUCE cov: 4328 ft: 13574 corp: 1469/48Kb lim: 1009 exec/s: 13554 rss: 213Mb L: 33/983 MS: 2 CMP-EraseBytes- DE: "\304\343\267x"-
#27355	REDUCE cov: 4328 ft: 13574 corp: 1469/48Kb lim: 1009 exec/s: 13677 rss: 214Mb L: 20/983 MS: 1 EraseBytes-
#27409	REDUCE cov: 4328 ft: 13574 corp: 1469/48Kb lim: 1009 exec/s: 13704 rss: 214Mb L: 29/983 MS: 4 ChangeASCIIInt-PersAutoDict-ChangeBit-EraseBytes- DE: "false\""-
#27732	REDUCE cov: 4328 ft: 13574 corp: 1469/48Kb lim: 1009 exec/s: 13866 rss: 215Mb L: 16/983 MS: 3 ChangeBinInt-InsertByte-EraseBytes-
#27830	REDUCE cov: 4328 ft: 13574 corp: 1469/48Kb lim: 1009 exec/s: 13915 rss: 215Mb L: 60/983 MS: 3 CrossOver-InsertByte-EraseBytes-
#27977	REDUCE cov: 4328 ft: 13574 corp: 1469/48Kb lim: 1009 exec/s: 13988 rss: 216Mb L: 32/983 MS: 2 ChangeBit-EraseBytes-
#28588	REDUCE cov: 4328 ft: 13574 corp: 1469/48Kb lim: 1009 exec/s: 14294 rss: 218Mb L: 18/983 MS: 1 EraseBytes-
#28669	REDUCE cov: 4328 ft: 13574 corp: 1469/48Kb lim: 1009 exec/s: 14334 rss: 218Mb L: 12/983 MS: 1 EraseBytes-
#29125	REDUCE cov: 4328 ft: 13574 corp: 1469/47Kb lim: 1009 exec/s: 14562 rss: 220Mb L: 44/983 MS: 1 EraseBytes-
#29296	NEW    cov: 4328 ft: 13576 corp: 1470/48Kb lim: 1009 exec/s: 14648 rss: 221Mb L: 125/983 MS: 1 InsertRepeatedBytes-
#29319	REDUCE cov: 4328 ft: 13576 corp: 1470/48Kb lim: 1009 exec/s: 14659 rss: 221Mb L: 23/983 MS: 3 CrossOver-ShuffleBytes-EraseBytes-
#29340	REDUCE cov: 4328 ft: 13576 corp: 1470/48Kb lim: 1009 exec/s: 14670 rss: 221Mb L: 39/983 MS: 1 EraseBytes-
#29442	REDUCE cov: 4328 ft: 13576 corp: 1470/48Kb lim: 1009 exec/s: 14721 rss: 222Mb L: 48/983 MS: 2 EraseBytes-CopyPart-
#29473	NEW    cov: 4328 ft: 13579 corp: 1471/48Kb lim: 1009 exec/s: 14736 rss: 222Mb L: 119/983 MS: 1 CrossOver-
#29475	NEW    cov: 4328 ft: 13580 corp: 1472/48Kb lim: 1009 exec/s: 14737 rss: 222Mb L: 164/983 MS: 2 CMP-InsertRepeatedBytes- DE: "\001\000\000\000"-
#29622	REDUCE cov: 4328 ft: 13580 corp: 1472/48Kb lim: 1009 exec/s: 14811 rss: 223Mb L: 11/983 MS: 2 ChangeBinInt-EraseBytes-
#30758	REDUCE cov: 4328 ft: 13580 corp: 1472/48Kb lim: 1018 exec/s: 15379 rss: 227Mb L: 5/983 MS: 1 EraseBytes-
#30844	REDUCE cov: 4328 ft: 13580 corp: 1472/48Kb lim: 1018 exec/s: 15422 rss: 227Mb L: 17/983 MS: 1 EraseBytes-
#30862	REDUCE cov: 4328 ft: 13580 corp: 1472/48Kb lim: 1018 exec/s: 15431 rss: 227Mb L: 10/983 MS: 3 ChangeASCIIInt-ChangeBit-EraseBytes-
#31161	REDUCE cov: 4328 ft: 13580 corp: 1472/48Kb lim: 1018 exec/s: 15580 rss: 228Mb L: 55/983 MS: 4 InsertByte-ChangeBinInt-ChangeByte-EraseBytes-
#31273	REDUCE cov: 4328 ft: 13580 corp: 1472/48Kb lim: 1018 exec/s: 15636 rss: 229Mb L: 37/983 MS: 2 ChangeBit-EraseBytes-
#31286	NEW    cov: 4328 ft: 13601 corp: 1473/48Kb lim: 1018 exec/s: 15643 rss: 229Mb L: 36/983 MS: 3 PersAutoDict-PersAutoDict-CrossOver- DE: "\000\000\000\000\000\000\000\000"-"\000\000\000\000\000\000\000\000"-
#31294	REDUCE cov: 4328 ft: 13601 corp: 1473/48Kb lim: 1018 exec/s: 15647 rss: 229Mb L: 24/983 MS: 3 ChangeASCIIInt-CopyPart-EraseBytes-
#31440	REDUCE cov: 4328 ft: 13601 corp: 1473/48Kb lim: 1018 exec/s: 15720 rss: 230Mb L: 50/983 MS: 1 EraseBytes-
#31723	REDUCE cov: 4328 ft: 13601 corp: 1473/48Kb lim: 1018 exec/s: 15861 rss: 231Mb L: 13/983 MS: 3 ChangeByte-InsertByte-EraseBytes-
#31736	REDUCE cov: 4328 ft: 13601 corp: 1473/48Kb lim: 1018 exec/s: 15868 rss: 231Mb L: 63/983 MS: 3 ShuffleBytes-ShuffleBytes-EraseBytes-
#31852	REDUCE cov: 4328 ft: 13601 corp: 1473/48Kb lim: 1018 exec/s: 15926 rss: 235Mb L: 19/983 MS: 1 EraseBytes-
#31919	REDUCE cov: 4328 ft: 13601 corp: 1473/48Kb lim: 1018 exec/s: 15959 rss: 235Mb L: 48/983 MS: 2 ChangeBit-EraseBytes-
#32000	NEW    cov: 4328 ft: 13603 corp: 1474/48Kb lim: 1018 exec/s: 16000 rss: 236Mb L: 193/983 MS: 1 InsertRepeatedBytes-
#32135	NEW    cov: 4328 ft: 13604 corp: 1475/48Kb lim: 1018 exec/s: 16067 rss: 237Mb L: 338/983 MS: 5 ShuffleBytes-CMP-ChangeBit-CopyPart-InsertRepeatedBytes- DE: "\001\000\000\000\000\000\000\200"-
#32252	REDUCE cov: 4328 ft: 13604 corp: 1475/48Kb lim: 1018 exec/s: 16126 rss: 237Mb L: 32/983 MS: 2 ChangeASCIIInt-EraseBytes-
#32298	REDUCE cov: 4328 ft: 13604 corp: 1475/48Kb lim: 1018 exec/s: 16149 rss: 238Mb L: 27/983 MS: 1 EraseBytes-
#32319	NEW    cov: 4328 ft: 13605 corp: 1476/48Kb lim: 1018 exec/s: 16159 rss: 238Mb L: 6/983 MS: 1 CopyPart-
#32395	REDUCE cov: 4328 ft: 13605 corp: 1476/48Kb lim: 1018 exec/s: 16197 rss: 238Mb L: 24/983 MS: 1 EraseBytes-
#32416	REDUCE cov: 4328 ft: 13605 corp: 1476/48Kb lim: 1018 exec/s: 16208 rss: 238Mb L: 25/983 MS: 1 EraseBytes-
#32757	NEW    cov: 4328 ft: 13612 corp: 1477/48Kb lim: 1018 exec/s: 16378 rss: 240Mb L: 46/983 MS: 1 CrossOver-
#32768	pulse  cov: 4328 ft: 13612 corp: 1477/48Kb lim: 1018 exec/s: 16384 rss: 240Mb
#33013	REDUCE cov: 4328 ft: 13612 corp: 1477/48Kb lim: 1018 exec/s: 16506 rss: 241Mb L: 698/698 MS: 1 EraseBytes-
#33039	REDUCE cov: 4328 ft: 13612 corp: 1477/48Kb lim: 1018 exec/s: 16519 rss: 241Mb L: 8/698 MS: 1 EraseBytes-
#33115	NEW    cov: 4328 ft: 13655 corp: 1478/48Kb lim: 1018 exec/s: 16557 rss: 241Mb L: 176/698 MS: 1 CopyPart-
#33177	REDUCE cov: 4328 ft: 13655 corp: 1478/48Kb lim: 1018 exec/s: 16588 rss: 242Mb L: 34/698 MS: 2 CopyPart-EraseBytes-
#33433	REDUCE cov: 4328 ft: 13655 corp: 1478/48Kb lim: 1018 exec/s: 16716 rss: 243Mb L: 48/698 MS: 1 EraseBytes-
#33439	REDUCE cov: 4328 ft: 13655 corp: 1478/48Kb lim: 1018 exec/s: 16719 rss: 243Mb L: 19/698 MS: 1 EraseBytes-
#33440	REDUCE cov: 4328 ft: 13655 corp: 1478/48Kb lim: 1018 exec/s: 16720 rss: 243Mb L: 8/698 MS: 1 EraseBytes-
#33736	REDUCE cov: 4328 ft: 13655 corp: 1478/48Kb lim: 1018 exec/s: 16868 rss: 244Mb L: 21/698 MS: 1 EraseBytes-
#33804	REDUCE cov: 4328 ft: 13655 corp: 1478/48Kb lim: 1018 exec/s: 16902 rss: 245Mb L: 26/698 MS: 3 ChangeBit-ChangeBinInt-EraseBytes-
#33886	REDUCE cov: 4328 ft: 13655 corp: 1478/48Kb lim: 1018 exec/s: 16943 rss: 245Mb L: 23/698 MS: 2 InsertByte-EraseBytes-
#33897	REDUCE cov: 4328 ft: 13655 corp: 1478/48Kb lim: 1018 exec/s: 16948 rss: 245Mb L: 20/698 MS: 1 EraseBytes-
#33949	REDUCE cov: 4328 ft: 13655 corp: 1478/48Kb lim: 1018 exec/s: 16974 rss: 246Mb L: 163/698 MS: 2 PersAutoDict-EraseBytes- DE: "VN\376\371\334\003\000\000"-
#34225	REDUCE cov: 4328 ft: 13655 corp: 1478/48Kb lim: 1018 exec/s: 17112 rss: 247Mb L: 27/698 MS: 1 EraseBytes-
#34336	REDUCE cov: 4328 ft: 13655 corp: 1478/48Kb lim: 1018 exec/s: 17168 rss: 247Mb L: 105/698 MS: 1 EraseBytes-
#34432	REDUCE cov: 4328 ft: 13655 corp: 1478/48Kb lim: 1018 exec/s: 17216 rss: 248Mb L: 12/698 MS: 1 EraseBytes-
#34608	NEW    cov: 4328 ft: 13656 corp: 1479/48Kb lim: 1018 exec/s: 17304 rss: 248Mb L: 45/698 MS: 1 CrossOver-
#34634	REDUCE cov: 4328 ft: 13656 corp: 1479/48Kb lim: 1018 exec/s: 17317 rss: 248Mb L: 16/698 MS: 1 EraseBytes-
#34764	REDUCE cov: 4328 ft: 13656 corp: 1479/48Kb lim: 1018 exec/s: 17382 rss: 249Mb L: 91/698 MS: 5 ChangeBit-InsertByte-CopyPart-ChangeBit-EraseBytes-
#34769	REDUCE cov: 4328 ft: 13656 corp: 1479/48Kb lim: 1018 exec/s: 17384 rss: 249Mb L: 22/698 MS: 5 ChangeASCIIInt-ChangeBit-ShuffleBytes-ChangeBinInt-EraseBytes-
#34795	REDUCE cov: 4328 ft: 13656 corp: 1479/48Kb lim: 1018 exec/s: 17397 rss: 250Mb L: 95/698 MS: 1 EraseBytes-
#34946	REDUCE cov: 4328 ft: 13656 corp: 1479/48Kb lim: 1018 exec/s: 17473 rss: 250Mb L: 19/698 MS: 1 EraseBytes-
#34979	REDUCE cov: 4328 ft: 13657 corp: 1480/49Kb lim: 1018 exec/s: 17489 rss: 250Mb L: 360/698 MS: 3 CrossOver-PersAutoDict-CrossOver- DE: "\000\000\000\000"-
#34995	NEW    cov: 4328 ft: 13662 corp: 1481/49Kb lim: 1018 exec/s: 17497 rss: 250Mb L: 36/698 MS: 1 CopyPart-
#35099	REDUCE cov: 4328 ft: 13662 corp: 1481/49Kb lim: 1018 exec/s: 17549 rss: 251Mb L: 21/698 MS: 4 CopyPart-ChangeASCIIInt-CrossOver-EraseBytes-
#35196	REDUCE cov: 4328 ft: 13662 corp: 1481/49Kb lim: 1018 exec/s: 17598 rss: 251Mb L: 84/698 MS: 2 InsertByte-EraseBytes-
#35222	NEW    cov: 4328 ft: 13666 corp: 1482/49Kb lim: 1018 exec/s: 17611 rss: 251Mb L: 135/698 MS: 1 CopyPart-
#35583	REDUCE cov: 4328 ft: 13666 corp: 1482/49Kb lim: 1018 exec/s: 17791 rss: 253Mb L: 75/698 MS: 1 EraseBytes-
#36013	REDUCE cov: 4328 ft: 13666 corp: 1482/49Kb lim: 1018 exec/s: 12004 rss: 254Mb L: 5/698 MS: 5 EraseBytes-ChangeByte-InsertByte-CopyPart-ChangeBinInt-
#36099	REDUCE cov: 4328 ft: 13666 corp: 1482/49Kb lim: 1018 exec/s: 12033 rss: 255Mb L: 33/698 MS: 1 EraseBytes-
#36106	NEW    cov: 4328 ft: 13670 corp: 1483/49Kb lim: 1018 exec/s: 12035 rss: 255Mb L: 134/698 MS: 2 ShuffleBytes-CopyPart-
#36412	REDUCE cov: 4328 ft: 13670 corp: 1483/49Kb lim: 1018 exec/s: 12137 rss: 256Mb L: 16/698 MS: 1 EraseBytes-
#36598	NEW    cov: 4328 ft: 13675 corp: 1484/49Kb lim: 1018 exec/s: 12199 rss: 256Mb L: 17/698 MS: 1 CopyPart-
#36906	REDUCE cov: 4328 ft: 13675 corp: 1484/49Kb lim: 1018 exec/s: 12302 rss: 258Mb L: 27/698 MS: 3 ShuffleBytes-ChangeASCIIInt-EraseBytes-
#36952	REDUCE cov: 4328 ft: 13675 corp: 1484/49Kb lim: 1018 exec/s: 12317 rss: 258Mb L: 79/698 MS: 1 EraseBytes-
#36970	REDUCE cov: 4328 ft: 13676 corp: 1485/49Kb lim: 1018 exec/s: 12323 rss: 258Mb L: 27/698 MS: 3 CopyPart-ChangeBit-EraseBytes-
#37036	REDUCE cov: 4328 ft: 13676 corp: 1485/49Kb lim: 1018 exec/s: 12345 rss: 259Mb L: 34/698 MS: 1 EraseBytes-
#37078	REDUCE cov: 4328 ft: 13676 corp: 1485/49Kb lim: 1018 exec/s: 12359 rss: 259Mb L: 21/698 MS: 2 ShuffleBytes-EraseBytes-
#37109	REDUCE cov: 4328 ft: 13676 corp: 1485/49Kb lim: 1018 exec/s: 12369 rss: 259Mb L: 36/698 MS: 1 EraseBytes-
#37210	REDUCE cov: 4328 ft: 13676 corp: 1485/49Kb lim: 1018 exec/s: 12403 rss: 260Mb L: 21/698 MS: 1 EraseBytes-
#37456	REDUCE cov: 4328 ft: 13676 corp: 1485/49Kb lim: 1018 exec/s: 12485 rss: 261Mb L: 9/698 MS: 1 EraseBytes-
#37497	REDUCE cov: 4328 ft: 13676 corp: 1485/49Kb lim: 1018 exec/s: 12499 rss: 261Mb L: 41/698 MS: 1 EraseBytes-
#37583	REDUCE cov: 4328 ft: 13676 corp: 1485/49Kb lim: 1018 exec/s: 12527 rss: 261Mb L: 50/698 MS: 1 EraseBytes-
#37659	NEW    cov: 4328 ft: 13682 corp: 1486/49Kb lim: 1018 exec/s: 12553 rss: 261Mb L: 37/698 MS: 1 ShuffleBytes-
#38059	NEW    cov: 4328 ft: 13686 corp: 1487/49Kb lim: 1018 exec/s: 12686 rss: 263Mb L: 85/698 MS: 5 CMP-ChangeBit-ChangeASCIIInt-EraseBytes-CMP- DE: "fE0"-"\000\000\000\000"-
#38207	NEW    cov: 4328 ft: 13687 corp: 1488/50Kb lim: 1018 exec/s: 12735 rss: 263Mb L: 701/701 MS: 3 CopyPart-PersAutoDict-CopyPart- DE: "VN\376\371\334\003\000\000"-
#38365	REDUCE cov: 4328 ft: 13687 corp: 1488/50Kb lim: 1018 exec/s: 12788 rss: 264Mb L: 95/701 MS: 3 ChangeBit-ChangeBit-EraseBytes-
#38501	NEW    cov: 4328 ft: 13688 corp: 1489/50Kb lim: 1018 exec/s: 12833 rss: 265Mb L: 51/701 MS: 1 PersAutoDict- DE: "fa:e\365."-
#38542	REDUCE cov: 4328 ft: 13688 corp: 1489/50Kb lim: 1018 exec/s: 12847 rss: 265Mb L: 18/701 MS: 1 EraseBytes-
#38793	REDUCE cov: 4328 ft: 13688 corp: 1489/50Kb lim: 1018 exec/s: 12931 rss: 266Mb L: 35/701 MS: 1 EraseBytes-
#39174	NEW    cov: 4328 ft: 13689 corp: 1490/50Kb lim: 1018 exec/s: 13058 rss: 267Mb L: 22/701 MS: 1 ChangeBinInt-
#39206	REDUCE cov: 4328 ft: 13689 corp: 1490/50Kb lim: 1018 exec/s: 13068 rss: 267Mb L: 40/701 MS: 2 ChangeBinInt-EraseBytes-
#39392	REDUCE cov: 4328 ft: 13689 corp: 1490/50Kb lim: 1018 exec/s: 13130 rss: 268Mb L: 40/701 MS: 1 EraseBytes-
#39646	REDUCE cov: 4328 ft: 13689 corp: 1490/50Kb lim: 1018 exec/s: 13215 rss: 269Mb L: 32/701 MS: 4 CrossOver-ChangeBit-ShuffleBytes-EraseBytes-
#39660	REDUCE cov: 4328 ft: 13689 corp: 1490/50Kb lim: 1018 exec/s: 13220 rss: 269Mb L: 33/701 MS: 4 ChangeASCIIInt-InsertByte-ChangeASCIIInt-EraseBytes-
#39785	REDUCE cov: 4328 ft: 13689 corp: 1490/50Kb lim: 1018 exec/s: 13261 rss: 270Mb L: 61/701 MS: 5 CrossOver-ChangeByte-ChangeBinInt-PersAutoDict-EraseBytes- DE: "false\""-
#40017	REDUCE cov: 4328 ft: 13689 corp: 1490/50Kb lim: 1018 exec/s: 13339 rss: 270Mb L: 33/701 MS: 2 ChangeBinInt-EraseBytes-
#40239	REDUCE cov: 4328 ft: 13689 corp: 1490/50Kb lim: 1018 exec/s: 13413 rss: 271Mb L: 16/701 MS: 2 ChangeBit-EraseBytes-
#40406	REDUCE cov: 4328 ft: 13689 corp: 1490/50Kb lim: 1018 exec/s: 13468 rss: 272Mb L: 19/701 MS: 2 ChangeASCIIInt-EraseBytes-
#40977	REDUCE cov: 4328 ft: 13689 corp: 1490/50Kb lim: 1018 exec/s: 13659 rss: 274Mb L: 73/701 MS: 1 EraseBytes-
#40984	REDUCE cov: 4328 ft: 13689 corp: 1490/50Kb lim: 1018 exec/s: 13661 rss: 274Mb L: 35/701 MS: 2 ChangeBit-EraseBytes-
#41265	REDUCE cov: 4328 ft: 13689 corp: 1490/50Kb lim: 1018 exec/s: 13755 rss: 275Mb L: 47/701 MS: 1 EraseBytes-
#41335	NEW    cov: 4328 ft: 13691 corp: 1491/50Kb lim: 1018 exec/s: 13778 rss: 276Mb L: 45/701 MS: 5 PersAutoDict-ChangeByte-ChangeASCIIInt-ChangeByte-PersAutoDict- DE: "\003]\005\000\020\000\000\000"-"VN\376\371\334\003\000\000"-
#41376	NEW    cov: 4328 ft: 13692 corp: 1492/50Kb lim: 1018 exec/s: 13792 rss: 276Mb L: 46/701 MS: 1 CrossOver-
#41454	REDUCE cov: 4328 ft: 13692 corp: 1492/50Kb lim: 1018 exec/s: 13818 rss: 277Mb L: 15/701 MS: 3 InsertByte-ChangeASCIIInt-EraseBytes-
#41603	REDUCE cov: 4328 ft: 13693 corp: 1493/50Kb lim: 1018 exec/s: 13867 rss: 277Mb L: 76/701 MS: 4 CrossOver-CrossOver-EraseBytes-ChangeBinInt-
#41646	REDUCE cov: 4328 ft: 13693 corp: 1493/50Kb lim: 1018 exec/s: 13882 rss: 277Mb L: 36/701 MS: 3 ShuffleBytes-ShuffleBytes-EraseBytes-
#41737	REDUCE cov: 4328 ft: 13693 corp: 1493/50Kb lim: 1018 exec/s: 13912 rss: 278Mb L: 29/701 MS: 1 EraseBytes-
#42018	NEW    cov: 4328 ft: 13703 corp: 1494/50Kb lim: 1018 exec/s: 14006 rss: 279Mb L: 42/701 MS: 1 CrossOver-
#42085	REDUCE cov: 4328 ft: 13703 corp: 1494/50Kb lim: 1018 exec/s: 14028 rss: 279Mb L: 34/701 MS: 2 CMP-EraseBytes- DE: "\012\020<\001"-
#42219	NEW    cov: 4328 ft: 13705 corp: 1495/50Kb lim: 1018 exec/s: 14073 rss: 280Mb L: 8/701 MS: 4 CrossOver-ChangeBit-ChangeBit-EraseBytes-
#42286	NEW    cov: 4328 ft: 13706 corp: 1496/50Kb lim: 1018 exec/s: 14095 rss: 280Mb L: 176/701 MS: 2 CopyPart-ChangeBinInt-
#42597	REDUCE cov: 4328 ft: 13706 corp: 1496/50Kb lim: 1018 exec/s: 14199 rss: 281Mb L: 62/701 MS: 1 EraseBytes-
#42831	REDUCE cov: 4328 ft: 13706 corp: 1496/50Kb lim: 1018 exec/s: 14277 rss: 282Mb L: 16/701 MS: 4 ChangeBinInt-InsertByte-InsertByte-EraseBytes-
#42907	REDUCE cov: 4328 ft: 13706 corp: 1496/50Kb lim: 1018 exec/s: 14302 rss: 282Mb L: 8/701 MS: 1 EraseBytes-
#43023	NEW    cov: 4328 ft: 13711 corp: 1497/50Kb lim: 1018 exec/s: 14341 rss: 283Mb L: 13/701 MS: 1 ChangeBinInt-
#43339	REDUCE cov: 4328 ft: 13711 corp: 1497/50Kb lim: 1018 exec/s: 14446 rss: 284Mb L: 45/701 MS: 1 EraseBytes-
#43545	REDUCE cov: 4328 ft: 13711 corp: 1497/50Kb lim: 1018 exec/s: 14515 rss: 285Mb L: 13/701 MS: 1 EraseBytes-
#43572	NEW    cov: 4328 ft: 13717 corp: 1498/50Kb lim: 1018 exec/s: 14524 rss: 285Mb L: 175/701 MS: 2 CrossOver-CrossOver-
#43818	REDUCE cov: 4328 ft: 13717 corp: 1498/50Kb lim: 1018 exec/s: 14606 rss: 286Mb L: 9/701 MS: 1 EraseBytes-
#43830	REDUCE cov: 4328 ft: 13717 corp: 1498/50Kb lim: 1018 exec/s: 14610 rss: 286Mb L: 19/701 MS: 2 ChangeByte-EraseBytes-
#43907	REDUCE cov: 4328 ft: 13717 corp: 1498/50Kb lim: 1018 exec/s: 14635 rss: 287Mb L: 8/701 MS: 2 PersAutoDict-EraseBytes- DE: "\012\020<\001"-
#43968	REDUCE cov: 4328 ft: 13717 corp: 1498/50Kb lim: 1018 exec/s: 14656 rss: 287Mb L: 41/701 MS: 1 EraseBytes-
#43971	REDUCE cov: 4328 ft: 13717 corp: 1498/50Kb lim: 1018 exec/s: 14657 rss: 287Mb L: 53/701 MS: 3 ChangeBit-CrossOver-EraseBytes-
#44051	REDUCE cov: 4328 ft: 13718 corp: 1499/50Kb lim: 1018 exec/s: 14683 rss: 287Mb L: 63/701 MS: 5 ChangeByte-CopyPart-ChangeBit-PersAutoDict-ChangeByte- DE: "\001\000\000\000\000\000\000\200"-
#44053	REDUCE cov: 4328 ft: 13718 corp: 1499/50Kb lim: 1018 exec/s: 14684 rss: 288Mb L: 46/701 MS: 2 ShuffleBytes-EraseBytes-
#44063	NEW    cov: 4328 ft: 13719 corp: 1500/50Kb lim: 1018 exec/s: 14687 rss: 288Mb L: 135/701 MS: 5 InsertRepeatedBytes-PersAutoDict-ChangeBit-ShuffleBytes-EraseBytes- DE: "fE0"-
#44119	NEW    cov: 4328 ft: 13720 corp: 1501/50Kb lim: 1018 exec/s: 14706 rss: 288Mb L: 103/701 MS: 1 CrossOver-
#44465	REDUCE cov: 4328 ft: 13720 corp: 1501/50Kb lim: 1018 exec/s: 14821 rss: 290Mb L: 81/701 MS: 1 EraseBytes-
#44472	REDUCE cov: 4328 ft: 13720 corp: 1501/50Kb lim: 1018 exec/s: 14824 rss: 290Mb L: 69/701 MS: 2 ShuffleBytes-EraseBytes-
#44558	REDUCE cov: 4328 ft: 13720 corp: 1501/50Kb lim: 1018 exec/s: 14852 rss: 290Mb L: 45/701 MS: 1 EraseBytes-
#44624	REDUCE cov: 4328 ft: 13720 corp: 1501/50Kb lim: 1018 exec/s: 14874 rss: 290Mb L: 30/701 MS: 1 EraseBytes-
#44726	NEW    cov: 4328 ft: 13725 corp: 1502/50Kb lim: 1018 exec/s: 14908 rss: 291Mb L: 53/701 MS: 2 CrossOver-EraseBytes-
#44837	REDUCE cov: 4328 ft: 13725 corp: 1502/50Kb lim: 1018 exec/s: 14945 rss: 291Mb L: 24/701 MS: 1 EraseBytes-
#45074	REDUCE cov: 4328 ft: 13725 corp: 1502/50Kb lim: 1018 exec/s: 15024 rss: 292Mb L: 38/701 MS: 2 InsertByte-EraseBytes-
#45075	REDUCE cov: 4328 ft: 13725 corp: 1502/50Kb lim: 1018 exec/s: 15025 rss: 292Mb L: 35/701 MS: 1 EraseBytes-
#45285	REDUCE cov: 4328 ft: 13725 corp: 1502/50Kb lim: 1018 exec/s: 15095 rss: 293Mb L: 170/701 MS: 5 ChangeASCIIInt-PersAutoDict-InsertByte-InsertRepeatedBytes-EraseBytes- DE: "\304\343\267x"-
#45407	NEW    cov: 4328 ft: 13726 corp: 1503/50Kb lim: 1018 exec/s: 15135 rss: 297Mb L: 177/701 MS: 2 CopyPart-CrossOver-
#45479	NEW    cov: 4328 ft: 13727 corp: 1504/51Kb lim: 1018 exec/s: 15159 rss: 298Mb L: 120/701 MS: 2 InsertByte-InsertRepeatedBytes-
#45535	NEW    cov: 4328 ft: 13732 corp: 1505/51Kb lim: 1018 exec/s: 15178 rss: 298Mb L: 25/701 MS: 1 CopyPart-
#45916	NEW    cov: 4328 ft: 13735 corp: 1506/51Kb lim: 1018 exec/s: 15305 rss: 300Mb L: 46/701 MS: 1 CMP- DE: "t\\u00"-
#46031	REDUCE cov: 4328 ft: 13735 corp: 1506/51Kb lim: 1018 exec/s: 15343 rss: 300Mb L: 53/701 MS: 5 ShuffleBytes-ChangeASCIIInt-ChangeASCIIInt-ChangeASCIIInt-EraseBytes-
#46172	REDUCE cov: 4328 ft: 13735 corp: 1506/51Kb lim: 1018 exec/s: 15390 rss: 301Mb L: 15/701 MS: 1 EraseBytes-
#46422	REDUCE cov: 4328 ft: 13735 corp: 1506/51Kb lim: 1018 exec/s: 15474 rss: 302Mb L: 62/701 MS: 5 InsertByte-CMP-ShuffleBytes-ChangeBit-EraseBytes- DE: "\377\377\377\377\377\377\377\377"-
#47371	REDUCE cov: 4328 ft: 13735 corp: 1506/51Kb lim: 1027 exec/s: 15790 rss: 305Mb L: 58/701 MS: 4 ShuffleBytes-ChangeBit-EraseBytes-PersAutoDict- DE: "\304\343\267x"-
#47403	REDUCE cov: 4328 ft: 13735 corp: 1506/51Kb lim: 1027 exec/s: 15801 rss: 305Mb L: 51/701 MS: 2 ChangeByte-EraseBytes-
#47494	NEW    cov: 4328 ft: 13737 corp: 1507/51Kb lim: 1027 exec/s: 15831 rss: 306Mb L: 49/701 MS: 1 EraseBytes-
#47566	REDUCE cov: 4328 ft: 13737 corp: 1507/51Kb lim: 1027 exec/s: 15855 rss: 306Mb L: 26/701 MS: 2 ChangeByte-EraseBytes-
#47609	NEW    cov: 4328 ft: 13747 corp: 1508/51Kb lim: 1027 exec/s: 15869 rss: 306Mb L: 214/701 MS: 3 ShuffleBytes-InsertRepeatedBytes-InsertRepeatedBytes-
#47685	REDUCE cov: 4328 ft: 13747 corp: 1508/51Kb lim: 1027 exec/s: 15895 rss: 307Mb L: 11/701 MS: 1 EraseBytes-
#47936	REDUCE cov: 4328 ft: 13747 corp: 1508/51Kb lim: 1027 exec/s: 15978 rss: 307Mb L: 72/701 MS: 1 EraseBytes-
#48032	REDUCE cov: 4328 ft: 13795 corp: 1509/51Kb lim: 1027 exec/s: 16010 rss: 308Mb L: 146/701 MS: 1 CopyPart-
#48085	REDUCE cov: 4328 ft: 13795 corp: 1509/51Kb lim: 1027 exec/s: 16028 rss: 308Mb L: 96/701 MS: 3 ChangeBit-ChangeBinInt-EraseBytes-
#48181	NEW    cov: 4328 ft: 13796 corp: 1510/51Kb lim: 1027 exec/s: 16060 rss: 308Mb L: 47/701 MS: 1 InsertByte-
#48357	NEW    cov: 4328 ft: 13801 corp: 1511/51Kb lim: 1027 exec/s: 16119 rss: 309Mb L: 100/701 MS: 1 CopyPart-
#48613	NEW    cov: 4328 ft: 13803 corp: 1512/51Kb lim: 1027 exec/s: 16204 rss: 310Mb L: 25/701 MS: 1 EraseBytes-
#48866	NEW    cov: 4328 ft: 13805 corp: 1513/51Kb lim: 1027 exec/s: 16288 rss: 311Mb L: 40/701 MS: 3 CopyPart-ChangeASCIIInt-CopyPart-
#48917	NEW    cov: 4328 ft: 13806 corp: 1514/51Kb lim: 1027 exec/s: 16305 rss: 312Mb L: 70/701 MS: 1 InsertRepeatedBytes-
#48939	NEW    cov: 4328 ft: 13808 corp: 1515/51Kb lim: 1027 exec/s: 16313 rss: 312Mb L: 14/701 MS: 2 ChangeASCIIInt-InsertByte-
#49035	REDUCE cov: 4328 ft: 13811 corp: 1516/51Kb lim: 1027 exec/s: 16345 rss: 312Mb L: 88/701 MS: 1 CrossOver-
#49261	NEW    cov: 4330 ft: 13813 corp: 1517/51Kb lim: 1027 exec/s: 16420 rss: 313Mb L: 45/701 MS: 1 CrossOver-
#49292	REDUCE cov: 4330 ft: 13813 corp: 1517/51Kb lim: 1027 exec/s: 16430 rss: 313Mb L: 19/701 MS: 1 EraseBytes-
#49338	REDUCE cov: 4330 ft: 13813 corp: 1517/51Kb lim: 1027 exec/s: 16446 rss: 314Mb L: 25/701 MS: 1 EraseBytes-
#49534	REDUCE cov: 4330 ft: 13813 corp: 1517/51Kb lim: 1027 exec/s: 16511 rss: 314Mb L: 9/701 MS: 1 EraseBytes-
#49621	REDUCE cov: 4330 ft: 13813 corp: 1517/51Kb lim: 1027 exec/s: 16540 rss: 315Mb L: 31/701 MS: 2 ChangeBinInt-EraseBytes-
#50092	REDUCE cov: 4330 ft: 13813 corp: 1517/51Kb lim: 1027 exec/s: 12523 rss: 322Mb L: 7/701 MS: 1 EraseBytes-
#50106	REDUCE cov: 4330 ft: 13813 corp: 1517/51Kb lim: 1027 exec/s: 12526 rss: 322Mb L: 48/701 MS: 4 ChangeBit-ChangeBinInt-ChangeBit-EraseBytes-
#50188	NEW    cov: 4330 ft: 13814 corp: 1518/51Kb lim: 1027 exec/s: 12547 rss: 322Mb L: 79/701 MS: 2 PersAutoDict-CopyPart- DE: "fa:e\365."-
#50212	REDUCE cov: 4330 ft: 13814 corp: 1518/51Kb lim: 1027 exec/s: 12553 rss: 322Mb L: 68/701 MS: 4 EraseBytes-EraseBytes-ChangeBit-ChangeByte-
#50343	REDUCE cov: 4330 ft: 13814 corp: 1518/51Kb lim: 1027 exec/s: 12585 rss: 322Mb L: 21/701 MS: 1 EraseBytes-
#50599	REDUCE cov: 4330 ft: 13814 corp: 1518/51Kb lim: 1027 exec/s: 12649 rss: 322Mb L: 35/701 MS: 1 EraseBytes-
#50680	REDUCE cov: 4330 ft: 13814 corp: 1518/51Kb lim: 1027 exec/s: 12670 rss: 322Mb L: 10/701 MS: 1 EraseBytes-
#50976	NEW    cov: 4330 ft: 13815 corp: 1519/51Kb lim: 1027 exec/s: 12744 rss: 322Mb L: 56/701 MS: 1 CopyPart-
#51183	REDUCE cov: 4330 ft: 13815 corp: 1519/51Kb lim: 1027 exec/s: 12795 rss: 322Mb L: 19/701 MS: 2 InsertByte-EraseBytes-
#51509	REDUCE cov: 4330 ft: 13815 corp: 1519/51Kb lim: 1027 exec/s: 12877 rss: 322Mb L: 16/701 MS: 1 EraseBytes-
#51520	REDUCE cov: 4330 ft: 13815 corp: 1519/51Kb lim: 1027 exec/s: 12880 rss: 322Mb L: 13/701 MS: 1 EraseBytes-
#51591	REDUCE cov: 4330 ft: 13815 corp: 1519/51Kb lim: 1027 exec/s: 12897 rss: 322Mb L: 31/701 MS: 1 EraseBytes-
#51702	NEW    cov: 4330 ft: 13816 corp: 1520/51Kb lim: 1027 exec/s: 12925 rss: 322Mb L: 47/701 MS: 1 ChangeBinInt-
#51984	REDUCE cov: 4330 ft: 13816 corp: 1520/51Kb lim: 1027 exec/s: 12996 rss: 322Mb L: 31/701 MS: 2 InsertByte-EraseBytes-
#52010	REDUCE cov: 4330 ft: 13816 corp: 1520/51Kb lim: 1027 exec/s: 13002 rss: 322Mb L: 27/701 MS: 1 EraseBytes-
#52156	REDUCE cov: 4330 ft: 13816 corp: 1520/51Kb lim: 1027 exec/s: 13039 rss: 322Mb L: 26/701 MS: 1 EraseBytes-
#52322	REDUCE cov: 4330 ft: 13816 corp: 1520/51Kb lim: 1027 exec/s: 13080 rss: 322Mb L: 4/701 MS: 1 EraseBytes-
#52354	REDUCE cov: 4330 ft: 13816 corp: 1520/51Kb lim: 1027 exec/s: 13088 rss: 322Mb L: 53/701 MS: 2 ChangeBit-EraseBytes-
#52430	REDUCE cov: 4330 ft: 13816 corp: 1520/51Kb lim: 1027 exec/s: 13107 rss: 322Mb L: 34/701 MS: 1 EraseBytes-
#52498	REDUCE cov: 4330 ft: 13816 corp: 1520/51Kb lim: 1027 exec/s: 13124 rss: 322Mb L: 20/701 MS: 3 InsertByte-ChangeByte-EraseBytes-
#52739	REDUCE cov: 4330 ft: 13816 corp: 1520/51Kb lim: 1027 exec/s: 13184 rss: 322Mb L: 55/701 MS: 1 EraseBytes-
#53437	REDUCE cov: 4330 ft: 13816 corp: 1520/51Kb lim: 1027 exec/s: 13359 rss: 322Mb L: 16/701 MS: 3 EraseBytes-CrossOver-InsertByte-
#53633	NEW    cov: 4330 ft: 13817 corp: 1521/51Kb lim: 1027 exec/s: 13408 rss: 322Mb L: 62/701 MS: 1 InsertRepeatedBytes-
#53699	REDUCE cov: 4330 ft: 13817 corp: 1521/51Kb lim: 1027 exec/s: 13424 rss: 322Mb L: 84/701 MS: 1 EraseBytes-
#53820	REDUCE cov: 4330 ft: 13817 corp: 1521/51Kb lim: 1027 exec/s: 13455 rss: 322Mb L: 20/701 MS: 1 EraseBytes-
#54246	REDUCE cov: 4330 ft: 13817 corp: 1521/51Kb lim: 1027 exec/s: 13561 rss: 322Mb L: 21/701 MS: 1 EraseBytes-
#54422	REDUCE cov: 4330 ft: 13817 corp: 1521/51Kb lim: 1027 exec/s: 13605 rss: 322Mb L: 52/701 MS: 1 EraseBytes-
#54608	NEW    cov: 4330 ft: 13818 corp: 1522/51Kb lim: 1027 exec/s: 13652 rss: 322Mb L: 67/701 MS: 1 CrossOver-
#54621	REDUCE cov: 4330 ft: 13818 corp: 1522/51Kb lim: 1027 exec/s: 13655 rss: 322Mb L: 9/701 MS: 3 InsertByte-InsertByte-EraseBytes-
#54760	REDUCE cov: 4330 ft: 13819 corp: 1523/51Kb lim: 1027 exec/s: 13690 rss: 322Mb L: 141/701 MS: 4 ShuffleBytes-ShuffleBytes-ShuffleBytes-InsertRepeatedBytes-
#54806	REDUCE cov: 4330 ft: 13821 corp: 1524/51Kb lim: 1027 exec/s: 13701 rss: 322Mb L: 26/701 MS: 1 CrossOver-
#54891	NEW    cov: 4330 ft: 13822 corp: 1525/52Kb lim: 1027 exec/s: 13722 rss: 322Mb L: 109/701 MS: 5 CMP-ShuffleBytes-InsertByte-PersAutoDict-InsertRepeatedBytes- DE: "\000\014"-"\304\343\267x"-
#54962	NEW    cov: 4330 ft: 13823 corp: 1526/52Kb lim: 1027 exec/s: 13740 rss: 322Mb L: 22/701 MS: 1 InsertByte-
#55523	REDUCE cov: 4330 ft: 13823 corp: 1526/52Kb lim: 1027 exec/s: 13880 rss: 322Mb L: 5/701 MS: 1 EraseBytes-
#55571	NEW    cov: 4330 ft: 13825 corp: 1527/52Kb lim: 1027 exec/s: 13892 rss: 322Mb L: 91/701 MS: 3 ChangeASCIIInt-CMP-ChangeBinInt- DE: "\001\000\330M"-
#55732	NEW    cov: 4331 ft: 13826 corp: 1528/52Kb lim: 1027 exec/s: 13933 rss: 322Mb L: 6/701 MS: 1 PersAutoDict- DE: "fE0"-
#55916	REDUCE cov: 4331 ft: 13826 corp: 1528/52Kb lim: 1027 exec/s: 13979 rss: 322Mb L: 53/701 MS: 4 EraseBytes-PersAutoDict-PersAutoDict-CrossOver- DE: "t\\u00"-"\012\020<\001"-
#55947	REDUCE cov: 4331 ft: 13826 corp: 1528/52Kb lim: 1027 exec/s: 13986 rss: 322Mb L: 71/701 MS: 1 EraseBytes-
#56068	REDUCE cov: 4331 ft: 13826 corp: 1528/52Kb lim: 1027 exec/s: 14017 rss: 322Mb L: 42/701 MS: 1 EraseBytes-
#56174	NEW    cov: 4331 ft: 13827 corp: 1529/52Kb lim: 1027 exec/s: 14043 rss: 322Mb L: 56/701 MS: 1 ChangeASCIIInt-
#56540	REDUCE cov: 4331 ft: 13827 corp: 1529/52Kb lim: 1027 exec/s: 14135 rss: 322Mb L: 7/701 MS: 1 EraseBytes-
#56764	REDUCE cov: 4331 ft: 13827 corp: 1529/52Kb lim: 1027 exec/s: 14191 rss: 322Mb L: 24/701 MS: 4 ChangeBit-InsertByte-PersAutoDict-EraseBytes- DE: "false\""-
#56851	REDUCE cov: 4331 ft: 13827 corp: 1529/52Kb lim: 1027 exec/s: 14212 rss: 322Mb L: 89/701 MS: 2 ChangeByte-EraseBytes-
#56878	NEW    cov: 4331 ft: 13835 corp: 1530/52Kb lim: 1027 exec/s: 14219 rss: 322Mb L: 82/701 MS: 2 ChangeByte-InsertRepeatedBytes-
#57004	NEW    cov: 4331 ft: 13837 corp: 1531/52Kb lim: 1027 exec/s: 14251 rss: 322Mb L: 206/701 MS: 1 InsertRepeatedBytes-
#57321	REDUCE cov: 4331 ft: 13837 corp: 1531/52Kb lim: 1027 exec/s: 14330 rss: 322Mb L: 42/701 MS: 2 ChangeBit-EraseBytes-
#57488	NEW    cov: 4331 ft: 13853 corp: 1532/52Kb lim: 1027 exec/s: 14372 rss: 322Mb L: 36/701 MS: 2 ChangeBit-CopyPart-
#57942	REDUCE cov: 4331 ft: 13853 corp: 1532/52Kb lim: 1027 exec/s: 14485 rss: 322Mb L: 167/701 MS: 4 ChangeBit-InsertRepeatedBytes-InsertByte-EraseBytes-
#57990	REDUCE cov: 4331 ft: 13853 corp: 1532/52Kb lim: 1027 exec/s: 14497 rss: 322Mb L: 12/701 MS: 3 ChangeBit-CopyPart-EraseBytes-
#58265	REDUCE cov: 4331 ft: 13853 corp: 1532/52Kb lim: 1027 exec/s: 14566 rss: 322Mb L: 33/701 MS: 2 ChangeByte-EraseBytes-
#58954	NEW    cov: 4331 ft: 13854 corp: 1533/52Kb lim: 1027 exec/s: 14738 rss: 322Mb L: 28/701 MS: 4 ChangeBit-ChangeByte-ChangeBit-CrossOver-
#59035	REDUCE cov: 4331 ft: 13854 corp: 1533/52Kb lim: 1027 exec/s: 14758 rss: 322Mb L: 96/701 MS: 1 EraseBytes-
#59262	REDUCE cov: 4331 ft: 13854 corp: 1533/52Kb lim: 1027 exec/s: 14815 rss: 322Mb L: 64/701 MS: 2 PersAutoDict-EraseBytes- DE: "\377\377\377\377\377\377\377\377"-
#59353	REDUCE cov: 4331 ft: 13854 corp: 1533/52Kb lim: 1027 exec/s: 14838 rss: 322Mb L: 35/701 MS: 1 EraseBytes-
#59370	NEW    cov: 4331 ft: 13855 corp: 1534/52Kb lim: 1027 exec/s: 14842 rss: 322Mb L: 57/701 MS: 2 InsertByte-InsertByte-
#59388	REDUCE cov: 4331 ft: 13855 corp: 1534/52Kb lim: 1027 exec/s: 14847 rss: 322Mb L: 57/701 MS: 3 CrossOver-ShuffleBytes-EraseBytes-
#59559	REDUCE cov: 4331 ft: 13855 corp: 1534/52Kb lim: 1027 exec/s: 14889 rss: 322Mb L: 12/701 MS: 1 EraseBytes-
#59660	REDUCE cov: 4331 ft: 13855 corp: 1534/52Kb lim: 1027 exec/s: 14915 rss: 322Mb L: 34/701 MS: 1 EraseBytes-
#59762	REDUCE cov: 4331 ft: 13855 corp: 1534/52Kb lim: 1027 exec/s: 14940 rss: 322Mb L: 75/701 MS: 2 ChangeBinInt-EraseBytes-
#59798	REDUCE cov: 4331 ft: 13855 corp: 1534/52Kb lim: 1027 exec/s: 14949 rss: 322Mb L: 15/701 MS: 1 EraseBytes-
#59824	NEW    cov: 4331 ft: 13862 corp: 1535/52Kb lim: 1027 exec/s: 14956 rss: 322Mb L: 22/701 MS: 1 EraseBytes-
#59850	REDUCE cov: 4331 ft: 13862 corp: 1535/52Kb lim: 1027 exec/s: 14962 rss: 322Mb L: 42/701 MS: 1 EraseBytes-
#59947	NEW    cov: 4331 ft: 13863 corp: 1536/52Kb lim: 1027 exec/s: 14986 rss: 322Mb L: 70/701 MS: 2 PersAutoDict-EraseBytes- DE: "fa:e\365."-
#60009	REDUCE cov: 4331 ft: 13863 corp: 1536/52Kb lim: 1027 exec/s: 15002 rss: 322Mb L: 21/701 MS: 2 CopyPart-EraseBytes-
#60445	REDUCE cov: 4331 ft: 13863 corp: 1536/52Kb lim: 1027 exec/s: 15111 rss: 322Mb L: 32/701 MS: 1 EraseBytes-
#61271	NEW    cov: 4332 ft: 13864 corp: 1537/52Kb lim: 1027 exec/s: 15317 rss: 322Mb L: 61/701 MS: 1 PersAutoDict- DE: "\012\020<\001"-
#61657	NEW    cov: 4332 ft: 13865 corp: 1538/52Kb lim: 1027 exec/s: 15414 rss: 322Mb L: 107/701 MS: 1 InsertRepeatedBytes-
#61668	REDUCE cov: 4332 ft: 13865 corp: 1538/52Kb lim: 1027 exec/s: 15417 rss: 322Mb L: 51/701 MS: 1 EraseBytes-
#61754	REDUCE cov: 4332 ft: 13865 corp: 1538/52Kb lim: 1027 exec/s: 15438 rss: 322Mb L: 9/701 MS: 1 EraseBytes-
#61920	REDUCE cov: 4332 ft: 13865 corp: 1538/52Kb lim: 1027 exec/s: 15480 rss: 322Mb L: 27/701 MS: 1 EraseBytes-
#62146	REDUCE cov: 4332 ft: 13865 corp: 1538/52Kb lim: 1027 exec/s: 12429 rss: 322Mb L: 17/701 MS: 1 EraseBytes-
#62422	NEW    cov: 4332 ft: 13866 corp: 1539/52Kb lim: 1027 exec/s: 12484 rss: 322Mb L: 53/701 MS: 1 ChangeByte-
#62549	REDUCE cov: 4332 ft: 13866 corp: 1539/52Kb lim: 1027 exec/s: 12509 rss: 322Mb L: 14/701 MS: 2 CMP-EraseBytes- DE: "\" ,e"-
#62575	REDUCE cov: 4332 ft: 13866 corp: 1539/52Kb lim: 1027 exec/s: 12515 rss: 322Mb L: 11/701 MS: 1 EraseBytes-
#62704	REDUCE cov: 4332 ft: 13866 corp: 1539/52Kb lim: 1027 exec/s: 12540 rss: 322Mb L: 8/701 MS: 4 InsertByte-ChangeBit-ChangeByte-EraseBytes-
#62776	REDUCE cov: 4332 ft: 13866 corp: 1539/52Kb lim: 1027 exec/s: 12555 rss: 322Mb L: 23/701 MS: 2 CopyPart-EraseBytes-
#62792	NEW    cov: 4332 ft: 13867 corp: 1540/52Kb lim: 1027 exec/s: 12558 rss: 322Mb L: 76/701 MS: 1 CopyPart-
#62966	REDUCE cov: 4332 ft: 13867 corp: 1540/52Kb lim: 1027 exec/s: 12593 rss: 322Mb L: 26/701 MS: 4 ShuffleBytes-ShuffleBytes-CrossOver-CMP- DE: "\013\314\314\313"-
#63097	REDUCE cov: 4332 ft: 13867 corp: 1540/52Kb lim: 1027 exec/s: 12619 rss: 322Mb L: 17/701 MS: 1 EraseBytes-
#63387	REDUCE cov: 4332 ft: 13867 corp: 1540/52Kb lim: 1027 exec/s: 12677 rss: 322Mb L: 62/701 MS: 5 ChangeBit-CMP-InsertByte-InsertByte-EraseBytes- DE: ".\000\000\000"-
#63484	REDUCE cov: 4332 ft: 13867 corp: 1540/52Kb lim: 1027 exec/s: 12696 rss: 322Mb L: 40/701 MS: 2 EraseBytes-PersAutoDict- DE: ".\000\000\000"-
#63536	REDUCE cov: 4332 ft: 13867 corp: 1540/52Kb lim: 1027 exec/s: 12707 rss: 322Mb L: 20/701 MS: 2 ChangeByte-EraseBytes-
#63562	REDUCE cov: 4332 ft: 13867 corp: 1540/52Kb lim: 1027 exec/s: 12712 rss: 322Mb L: 40/701 MS: 1 EraseBytes-
#63630	REDUCE cov: 4332 ft: 13867 corp: 1540/52Kb lim: 1027 exec/s: 12726 rss: 322Mb L: 16/701 MS: 3 ChangeByte-ChangeByte-EraseBytes-
#63643	REDUCE cov: 4332 ft: 13867 corp: 1540/52Kb lim: 1027 exec/s: 12728 rss: 322Mb L: 9/701 MS: 3 PersAutoDict-InsertByte-EraseBytes- DE: "t\\u00"-
#63884	REDUCE cov: 4332 ft: 13867 corp: 1540/52Kb lim: 1027 exec/s: 12776 rss: 322Mb L: 165/701 MS: 1 EraseBytes-
#63970	REDUCE cov: 4332 ft: 13867 corp: 1540/52Kb lim: 1027 exec/s: 12794 rss: 322Mb L: 134/701 MS: 1 EraseBytes-
#64065	NEW    cov: 4332 ft: 13868 corp: 1541/52Kb lim: 1027 exec/s: 12813 rss: 322Mb L: 89/701 MS: 5 PersAutoDict-CopyPart-CMP-PersAutoDict-CopyPart- DE: "\000\000\000\000\000\000\000\000"-"true"-"false\""-
#64067	REDUCE cov: 4332 ft: 13868 corp: 1541/52Kb lim: 1027 exec/s: 12813 rss: 322Mb L: 10/701 MS: 2 CopyPart-EraseBytes-
#64097	REDUCE cov: 4332 ft: 13868 corp: 1541/52Kb lim: 1027 exec/s: 12819 rss: 322Mb L: 29/701 MS: 5 ShuffleBytes-ChangeBit-ChangeASCIIInt-ShuffleBytes-EraseBytes-
#64123	REDUCE cov: 4332 ft: 13868 corp: 1541/52Kb lim: 1027 exec/s: 12824 rss: 322Mb L: 30/701 MS: 1 EraseBytes-
#64239	NEW    cov: 4332 ft: 13870 corp: 1542/52Kb lim: 1027 exec/s: 12847 rss: 322Mb L: 80/701 MS: 1 CopyPart-
#64596	REDUCE cov: 4332 ft: 13870 corp: 1542/52Kb lim: 1027 exec/s: 12919 rss: 322Mb L: 51/701 MS: 2 ChangeBinInt-EraseBytes-
#65063	REDUCE cov: 4332 ft: 13870 corp: 1542/52Kb lim: 1027 exec/s: 13012 rss: 322Mb L: 57/701 MS: 2 CopyPart-EraseBytes-
#65170	NEW    cov: 4332 ft: 13871 corp: 1543/52Kb lim: 1027 exec/s: 13034 rss: 322Mb L: 18/701 MS: 2 ChangeByte-CrossOver-
#65221	REDUCE cov: 4332 ft: 13871 corp: 1543/52Kb lim: 1027 exec/s: 13044 rss: 322Mb L: 24/701 MS: 1 EraseBytes-
#65272	REDUCE cov: 4332 ft: 13871 corp: 1543/52Kb lim: 1027 exec/s: 13054 rss: 322Mb L: 55/701 MS: 1 EraseBytes-
#65445	REDUCE cov: 4332 ft: 13871 corp: 1543/52Kb lim: 1027 exec/s: 13089 rss: 322Mb L: 52/701 MS: 3 ChangeASCIIInt-ChangeBit-EraseBytes-
#65497	REDUCE cov: 4332 ft: 13871 corp: 1543/52Kb lim: 1027 exec/s: 13099 rss: 322Mb L: 13/701 MS: 2 PersAutoDict-EraseBytes- DE: "\000\014"-
#65503	REDUCE cov: 4332 ft: 13871 corp: 1543/52Kb lim: 1027 exec/s: 13100 rss: 322Mb L: 178/701 MS: 1 EraseBytes-
#65536	pulse  cov: 4332 ft: 13871 corp: 1543/52Kb lim: 1027 exec/s: 13107 rss: 322Mb
#65791	REDUCE cov: 4332 ft: 13871 corp: 1543/52Kb lim: 1027 exec/s: 13158 rss: 322Mb L: 38/701 MS: 3 ShuffleBytes-ShuffleBytes-EraseBytes-
#65797	NEW    cov: 4332 ft: 13875 corp: 1544/52Kb lim: 1027 exec/s: 13159 rss: 322Mb L: 13/701 MS: 1 ChangeBit-
#65844	NEW    cov: 4332 ft: 13876 corp: 1545/52Kb lim: 1027 exec/s: 13168 rss: 322Mb L: 16/701 MS: 2 ChangeByte-CrossOver-
#66081	REDUCE cov: 4332 ft: 13876 corp: 1545/52Kb lim: 1027 exec/s: 13216 rss: 322Mb L: 101/701 MS: 2 InsertRepeatedBytes-EraseBytes-
#66107	NEW    cov: 4332 ft: 13877 corp: 1546/53Kb lim: 1027 exec/s: 13221 rss: 322Mb L: 119/701 MS: 1 CopyPart-
#66299	REDUCE cov: 4332 ft: 13877 corp: 1546/53Kb lim: 1027 exec/s: 13259 rss: 322Mb L: 24/701 MS: 2 ChangeBit-EraseBytes-
#66475	REDUCE cov: 4332 ft: 13877 corp: 1546/53Kb lim: 1027 exec/s: 13295 rss: 322Mb L: 16/701 MS: 1 EraseBytes-
#66826	REDUCE cov: 4332 ft: 13877 corp: 1546/53Kb lim: 1027 exec/s: 13365 rss: 322Mb L: 24/701 MS: 1 EraseBytes-
#67017	NEW    cov: 4332 ft: 13879 corp: 1547/53Kb lim: 1027 exec/s: 13403 rss: 322Mb L: 21/701 MS: 1 CrossOver-
#67141	REDUCE cov: 4332 ft: 13879 corp: 1547/53Kb lim: 1027 exec/s: 13428 rss: 322Mb L: 106/701 MS: 4 CMP-ChangeBinInt-ChangeASCIIInt-EraseBytes- DE: "\201\000\000\000"-
#67158	REDUCE cov: 4332 ft: 13879 corp: 1547/52Kb lim: 1027 exec/s: 13431 rss: 322Mb L: 54/701 MS: 2 ChangeBinInt-EraseBytes-
#67763	NEW    cov: 4332 ft: 13880 corp: 1548/53Kb lim: 1027 exec/s: 13552 rss: 322Mb L: 72/701 MS: 5 PersAutoDict-ChangeBinInt-ShuffleBytes-ChangeASCIIInt-ChangeBinInt- DE: ".\000\000\000"-
#68186	REDUCE cov: 4332 ft: 13880 corp: 1548/53Kb lim: 1027 exec/s: 13637 rss: 322Mb L: 34/701 MS: 3 ChangeByte-ShuffleBytes-EraseBytes-
#68272	NEW    cov: 4332 ft: 13885 corp: 1549/53Kb lim: 1027 exec/s: 13654 rss: 322Mb L: 11/701 MS: 1 EraseBytes-
#68416	REDUCE cov: 4332 ft: 13885 corp: 1549/53Kb lim: 1027 exec/s: 13683 rss: 322Mb L: 15/701 MS: 4 ShuffleBytes-PersAutoDict-ShuffleBytes-EraseBytes- DE: "\000\000\000\000\000\000\000\000"-
#68572	REDUCE cov: 4332 ft: 13885 corp: 1549/53Kb lim: 1027 exec/s: 13714 rss: 322Mb L: 29/701 MS: 1 EraseBytes-
#68723	REDUCE cov: 4332 ft: 13885 corp: 1549/53Kb lim: 1027 exec/s: 13744 rss: 322Mb L: 73/701 MS: 1 EraseBytes-
#69151	REDUCE cov: 4332 ft: 13885 corp: 1549/53Kb lim: 1027 exec/s: 13830 rss: 322Mb L: 139/701 MS: 3 CrossOver-CrossOver-EraseBytes-
#69248	REDUCE cov: 4332 ft: 13885 corp: 1549/53Kb lim: 1027 exec/s: 13849 rss: 322Mb L: 11/701 MS: 2 ChangeBinInt-EraseBytes-
#69321	REDUCE cov: 4332 ft: 13885 corp: 1549/52Kb lim: 1027 exec/s: 13864 rss: 322Mb L: 71/701 MS: 3 InsertByte-CMP-EraseBytes- DE: "\001\000\000\000\000\000\000\003"-
#69503	REDUCE cov: 4332 ft: 13885 corp: 1549/52Kb lim: 1027 exec/s: 13900 rss: 322Mb L: 65/701 MS: 2 ChangeByte-EraseBytes-
#69655	NEW    cov: 4332 ft: 13895 corp: 1550/53Kb lim: 1027 exec/s: 13931 rss: 322Mb L: 152/701 MS: 2 EraseBytes-InsertRepeatedBytes-
#69656	REDUCE cov: 4332 ft: 13895 corp: 1550/53Kb lim: 1027 exec/s: 13931 rss: 322Mb L: 22/701 MS: 1 EraseBytes-
#69927	REDUCE cov: 4332 ft: 13895 corp: 1550/53Kb lim: 1027 exec/s: 13985 rss: 322Mb L: 28/701 MS: 1 EraseBytes-
#69948	NEW    cov: 4332 ft: 13903 corp: 1551/53Kb lim: 1027 exec/s: 13989 rss: 322Mb L: 39/701 MS: 1 CrossOver-
#70049	REDUCE cov: 4332 ft: 13903 corp: 1551/53Kb lim: 1027 exec/s: 14009 rss: 322Mb L: 68/701 MS: 1 EraseBytes-
#70090	REDUCE cov: 4332 ft: 13903 corp: 1551/53Kb lim: 1027 exec/s: 14018 rss: 322Mb L: 24/701 MS: 1 EraseBytes-
#70163	REDUCE cov: 4332 ft: 13903 corp: 1551/53Kb lim: 1027 exec/s: 14032 rss: 322Mb L: 69/701 MS: 3 ChangeBit-ChangeASCIIInt-EraseBytes-
#70319	REDUCE cov: 4332 ft: 13903 corp: 1551/53Kb lim: 1027 exec/s: 14063 rss: 322Mb L: 684/698 MS: 4 ChangeBit-InsertByte-ChangeBinInt-EraseBytes-
#70395	REDUCE cov: 4332 ft: 13903 corp: 1551/53Kb lim: 1027 exec/s: 14079 rss: 322Mb L: 14/698 MS: 1 EraseBytes-
#70737	REDUCE cov: 4332 ft: 13903 corp: 1551/53Kb lim: 1027 exec/s: 14147 rss: 322Mb L: 4/698 MS: 2 ChangeBit-EraseBytes-
#70819	REDUCE cov: 4332 ft: 13903 corp: 1551/53Kb lim: 1027 exec/s: 14163 rss: 322Mb L: 42/698 MS: 2 ChangeBinInt-EraseBytes-
#71030	REDUCE cov: 4332 ft: 13903 corp: 1551/53Kb lim: 1027 exec/s: 14206 rss: 322Mb L: 61/698 MS: 1 EraseBytes-
#71131	REDUCE cov: 4332 ft: 13903 corp: 1551/53Kb lim: 1027 exec/s: 14226 rss: 322Mb L: 72/698 MS: 1 EraseBytes-
#71218	REDUCE cov: 4332 ft: 13903 corp: 1551/53Kb lim: 1027 exec/s: 14243 rss: 322Mb L: 62/698 MS: 2 ChangeByte-EraseBytes-
#71364	REDUCE cov: 4332 ft: 13903 corp: 1551/53Kb lim: 1027 exec/s: 14272 rss: 322Mb L: 18/698 MS: 1 EraseBytes-
#71465	REDUCE cov: 4332 ft: 13903 corp: 1551/53Kb lim: 1027 exec/s: 14293 rss: 322Mb L: 31/698 MS: 1 EraseBytes-
#71552	REDUCE cov: 4332 ft: 13903 corp: 1551/53Kb lim: 1027 exec/s: 14310 rss: 322Mb L: 8/698 MS: 2 ChangeBit-EraseBytes-
#71689	REDUCE cov: 4332 ft: 13903 corp: 1551/53Kb lim: 1027 exec/s: 14337 rss: 322Mb L: 52/698 MS: 2 EraseBytes-CMP- DE: "\211\000\000\000"-
#71716	REDUCE cov: 4332 ft: 13903 corp: 1551/52Kb lim: 1027 exec/s: 14343 rss: 322Mb L: 151/698 MS: 2 ChangeByte-EraseBytes-
#71843	NEW    cov: 4332 ft: 13904 corp: 1552/53Kb lim: 1027 exec/s: 14368 rss: 322Mb L: 47/698 MS: 2 ChangeBit-CrossOver-
#71926	REDUCE cov: 4332 ft: 13904 corp: 1552/53Kb lim: 1027 exec/s: 14385 rss: 322Mb L: 19/698 MS: 3 ChangeBit-ChangeByte-EraseBytes-
#71998	REDUCE cov: 4332 ft: 13904 corp: 1552/53Kb lim: 1027 exec/s: 14399 rss: 322Mb L: 25/698 MS: 2 ShuffleBytes-EraseBytes-
#72099	REDUCE cov: 4332 ft: 13904 corp: 1552/53Kb lim: 1027 exec/s: 14419 rss: 322Mb L: 94/698 MS: 1 EraseBytes-
#72167	REDUCE cov: 4332 ft: 13904 corp: 1552/53Kb lim: 1027 exec/s: 14433 rss: 322Mb L: 55/698 MS: 3 CopyPart-CrossOver-EraseBytes-
#72179	REDUCE cov: 4332 ft: 13904 corp: 1552/52Kb lim: 1027 exec/s: 14435 rss: 322Mb L: 67/698 MS: 2 CopyPart-EraseBytes-
#72246	REDUCE cov: 4332 ft: 13904 corp: 1552/52Kb lim: 1027 exec/s: 14449 rss: 322Mb L: 76/698 MS: 2 EraseBytes-CopyPart-
#72363	REDUCE cov: 4332 ft: 13904 corp: 1552/52Kb lim: 1027 exec/s: 14472 rss: 322Mb L: 18/698 MS: 2 PersAutoDict-EraseBytes- DE: "\211\000\000\000"-
#72454	REDUCE cov: 4332 ft: 13905 corp: 1553/52Kb lim: 1027 exec/s: 14490 rss: 322Mb L: 13/698 MS: 1 EraseBytes-
#72545	REDUCE cov: 4332 ft: 13905 corp: 1553/52Kb lim: 1027 exec/s: 14509 rss: 322Mb L: 19/698 MS: 1 EraseBytes-
#72756	REDUCE cov: 4332 ft: 13905 corp: 1553/52Kb lim: 1027 exec/s: 14551 rss: 322Mb L: 58/698 MS: 1 EraseBytes-
#72983	REDUCE cov: 4332 ft: 13905 corp: 1553/52Kb lim: 1027 exec/s: 14596 rss: 322Mb L: 43/698 MS: 2 EraseBytes-CrossOver-
#73044	REDUCE cov: 4332 ft: 13905 corp: 1553/52Kb lim: 1027 exec/s: 14608 rss: 322Mb L: 18/698 MS: 1 EraseBytes-
#73053	REDUCE cov: 4332 ft: 13905 corp: 1553/52Kb lim: 1027 exec/s: 14610 rss: 322Mb L: 78/698 MS: 4 CopyPart-InsertByte-ChangeASCIIInt-EraseBytes-
#73194	NEW    cov: 4332 ft: 13907 corp: 1554/52Kb lim: 1027 exec/s: 14638 rss: 322Mb L: 49/698 MS: 1 PersAutoDict- DE: ".\000\000\000"-
#73205	REDUCE cov: 4332 ft: 13907 corp: 1554/52Kb lim: 1027 exec/s: 14641 rss: 322Mb L: 67/698 MS: 1 EraseBytes-
#73276	REDUCE cov: 4332 ft: 13907 corp: 1554/52Kb lim: 1027 exec/s: 14655 rss: 322Mb L: 51/698 MS: 1 EraseBytes-
#73607	REDUCE cov: 4332 ft: 13907 corp: 1554/52Kb lim: 1027 exec/s: 14721 rss: 322Mb L: 60/698 MS: 1 EraseBytes-
#73731	NEW    cov: 4332 ft: 13911 corp: 1555/53Kb lim: 1027 exec/s: 14746 rss: 322Mb L: 131/698 MS: 4 EraseBytes-InsertByte-CrossOver-InsertRepeatedBytes-
#73732	NEW    cov: 4332 ft: 13912 corp: 1556/53Kb lim: 1027 exec/s: 14746 rss: 322Mb L: 129/698 MS: 1 ChangeByte-
#73958	REDUCE cov: 4332 ft: 13912 corp: 1556/53Kb lim: 1027 exec/s: 14791 rss: 322Mb L: 10/698 MS: 1 EraseBytes-
#74353	NEW    cov: 4332 ft: 13913 corp: 1557/53Kb lim: 1027 exec/s: 12392 rss: 322Mb L: 176/698 MS: 5 InsertRepeatedBytes-CrossOver-EraseBytes-ShuffleBytes-InsertRepeatedBytes-
#74366	REDUCE cov: 4332 ft: 13913 corp: 1557/53Kb lim: 1027 exec/s: 12394 rss: 322Mb L: 164/698 MS: 3 ChangeASCIIInt-ChangeBinInt-EraseBytes-
#74448	REDUCE cov: 4332 ft: 13913 corp: 1557/53Kb lim: 1027 exec/s: 12408 rss: 322Mb L: 20/698 MS: 2 PersAutoDict-EraseBytes- DE: "false\""-
#74549	REDUCE cov: 4332 ft: 13913 corp: 1557/53Kb lim: 1027 exec/s: 12424 rss: 322Mb L: 78/698 MS: 1 EraseBytes-
#75060	REDUCE cov: 4332 ft: 13913 corp: 1557/53Kb lim: 1027 exec/s: 12510 rss: 322Mb L: 93/698 MS: 1 EraseBytes-
#75081	REDUCE cov: 4332 ft: 13913 corp: 1557/53Kb lim: 1027 exec/s: 12513 rss: 322Mb L: 23/698 MS: 1 EraseBytes-
#75473	REDUCE cov: 4332 ft: 13913 corp: 1557/53Kb lim: 1027 exec/s: 12578 rss: 322Mb L: 2/698 MS: 2 ChangeByte-EraseBytes-
#75859	NEW    cov: 4332 ft: 13914 corp: 1558/53Kb lim: 1027 exec/s: 12643 rss: 322Mb L: 71/698 MS: 1 CopyPart-
#75865	NEW    cov: 4332 ft: 13915 corp: 1559/53Kb lim: 1027 exec/s: 12644 rss: 322Mb L: 50/698 MS: 1 InsertByte-
#76071	REDUCE cov: 4332 ft: 13915 corp: 1559/53Kb lim: 1027 exec/s: 12678 rss: 322Mb L: 29/698 MS: 1 EraseBytes-
#76227	NEW    cov: 4332 ft: 13916 corp: 1560/53Kb lim: 1027 exec/s: 12704 rss: 322Mb L: 19/698 MS: 1 EraseBytes-
#76283	NEW    cov: 4332 ft: 13917 corp: 1561/53Kb lim: 1027 exec/s: 12713 rss: 322Mb L: 58/698 MS: 1 InsertByte-
#76334	REDUCE cov: 4332 ft: 13917 corp: 1561/53Kb lim: 1027 exec/s: 12722 rss: 322Mb L: 9/698 MS: 1 EraseBytes-
#76365	REDUCE cov: 4332 ft: 13917 corp: 1561/53Kb lim: 1027 exec/s: 12727 rss: 322Mb L: 87/698 MS: 1 EraseBytes-
#76485	NEW    cov: 4332 ft: 13918 corp: 1562/53Kb lim: 1027 exec/s: 12747 rss: 322Mb L: 49/698 MS: 5 ChangeASCIIInt-ShuffleBytes-CopyPart-ChangeByte-CrossOver-
#76531	REDUCE cov: 4332 ft: 13918 corp: 1562/53Kb lim: 1027 exec/s: 12755 rss: 322Mb L: 8/698 MS: 1 EraseBytes-
#76537	REDUCE cov: 4332 ft: 13918 corp: 1562/53Kb lim: 1027 exec/s: 12756 rss: 322Mb L: 50/698 MS: 1 EraseBytes-
#76538	REDUCE cov: 4332 ft: 13918 corp: 1562/53Kb lim: 1027 exec/s: 12756 rss: 322Mb L: 13/698 MS: 1 EraseBytes-
#76659	REDUCE cov: 4332 ft: 13918 corp: 1562/53Kb lim: 1027 exec/s: 12776 rss: 322Mb L: 46/698 MS: 1 EraseBytes-
#76696	REDUCE cov: 4332 ft: 13918 corp: 1562/53Kb lim: 1027 exec/s: 12782 rss: 322Mb L: 13/698 MS: 2 ChangeBit-EraseBytes-
#76843	NEW    cov: 4332 ft: 13922 corp: 1563/53Kb lim: 1027 exec/s: 12807 rss: 322Mb L: 37/698 MS: 2 ShuffleBytes-ChangeBit-
#77379	REDUCE cov: 4332 ft: 13922 corp: 1563/53Kb lim: 1027 exec/s: 12896 rss: 322Mb L: 330/698 MS: 1 EraseBytes-
#77392	REDUCE cov: 4332 ft: 13922 corp: 1563/53Kb lim: 1027 exec/s: 12898 rss: 322Mb L: 14/698 MS: 3 ChangeASCIIInt-ChangeBit-EraseBytes-
#77408	REDUCE cov: 4332 ft: 13922 corp: 1563/53Kb lim: 1027 exec/s: 12901 rss: 322Mb L: 21/698 MS: 1 EraseBytes-
#77724	REDUCE cov: 4332 ft: 13922 corp: 1563/53Kb lim: 1027 exec/s: 12954 rss: 322Mb L: 12/698 MS: 1 EraseBytes-
#77885	REDUCE cov: 4332 ft: 13922 corp: 1563/53Kb lim: 1027 exec/s: 12980 rss: 322Mb L: 19/698 MS: 1 EraseBytes-
#77923	REDUCE cov: 4332 ft: 13922 corp: 1563/53Kb lim: 1027 exec/s: 12987 rss: 322Mb L: 10/698 MS: 3 ShuffleBytes-ChangeByte-EraseBytes-
#78079	REDUCE cov: 4332 ft: 13922 corp: 1563/53Kb lim: 1027 exec/s: 13013 rss: 322Mb L: 59/698 MS: 1 EraseBytes-
#78105	REDUCE cov: 4335 ft: 13929 corp: 1564/53Kb lim: 1027 exec/s: 13017 rss: 322Mb L: 15/698 MS: 1 EraseBytes-
#78301	REDUCE cov: 4335 ft: 13929 corp: 1564/53Kb lim: 1027 exec/s: 13050 rss: 322Mb L: 20/698 MS: 1 EraseBytes-
#78362	REDUCE cov: 4335 ft: 13929 corp: 1564/53Kb lim: 1027 exec/s: 13060 rss: 322Mb L: 20/698 MS: 1 EraseBytes-
#78453	REDUCE cov: 4335 ft: 13934 corp: 1565/53Kb lim: 1027 exec/s: 13075 rss: 322Mb L: 136/698 MS: 1 CopyPart-
#78550	REDUCE cov: 4335 ft: 13934 corp: 1565/53Kb lim: 1027 exec/s: 13091 rss: 322Mb L: 32/698 MS: 2 CopyPart-EraseBytes-
#78577	REDUCE cov: 4335 ft: 13934 corp: 1565/53Kb lim: 1027 exec/s: 13096 rss: 322Mb L: 46/698 MS: 2 ChangeASCIIInt-EraseBytes-
#78699	NEW    cov: 4335 ft: 13935 corp: 1566/53Kb lim: 1027 exec/s: 13116 rss: 322Mb L: 79/698 MS: 2 ShuffleBytes-ChangeASCIIInt-
#79026	REDUCE cov: 4335 ft: 13935 corp: 1566/53Kb lim: 1027 exec/s: 13171 rss: 322Mb L: 221/698 MS: 2 ChangeBit-EraseBytes-
#79178	REDUCE cov: 4335 ft: 13935 corp: 1566/53Kb lim: 1027 exec/s: 13196 rss: 322Mb L: 18/698 MS: 2 PersAutoDict-EraseBytes- DE: "true"-
#79279	REDUCE cov: 4335 ft: 13935 corp: 1566/53Kb lim: 1027 exec/s: 13213 rss: 322Mb L: 35/698 MS: 1 EraseBytes-
#79510	REDUCE cov: 4335 ft: 13935 corp: 1566/53Kb lim: 1027 exec/s: 13251 rss: 322Mb L: 4/698 MS: 1 EraseBytes-
#79512	NEW    cov: 4335 ft: 13937 corp: 1567/53Kb lim: 1027 exec/s: 13252 rss: 322Mb L: 30/698 MS: 2 ShuffleBytes-PersAutoDict- DE: "\000\000\000\000"-
#79673	NEW    cov: 4335 ft: 13938 corp: 1568/53Kb lim: 1027 exec/s: 13278 rss: 322Mb L: 25/698 MS: 1 ShuffleBytes-
#79976	REDUCE cov: 4335 ft: 13938 corp: 1568/53Kb lim: 1027 exec/s: 13329 rss: 322Mb L: 27/698 MS: 3 CopyPart-PersAutoDict-EraseBytes- DE: "\003\000\000\000\000\000\000\000"-
#80253	REDUCE cov: 4335 ft: 13938 corp: 1568/53Kb lim: 1027 exec/s: 13375 rss: 322Mb L: 2/698 MS: 2 InsertByte-EraseBytes-
#80544	REDUCE cov: 4335 ft: 13938 corp: 1568/53Kb lim: 1027 exec/s: 13424 rss: 322Mb L: 57/698 MS: 1 EraseBytes-
#80860	REDUCE cov: 4335 ft: 13938 corp: 1568/53Kb lim: 1027 exec/s: 13476 rss: 322Mb L: 29/698 MS: 1 EraseBytes-
#80886	NEW    cov: 4335 ft: 13939 corp: 1569/53Kb lim: 1027 exec/s: 13481 rss: 322Mb L: 5/698 MS: 1 ChangeASCIIInt-
#80960	REDUCE cov: 4335 ft: 13939 corp: 1569/53Kb lim: 1027 exec/s: 13493 rss: 322Mb L: 60/698 MS: 4 PersAutoDict-CopyPart-CopyPart-EraseBytes- DE: "t\\u00"-
#81169	REDUCE cov: 4335 ft: 13939 corp: 1569/53Kb lim: 1027 exec/s: 13528 rss: 322Mb L: 14/698 MS: 4 CopyPart-ShuffleBytes-InsertByte-EraseBytes-
#81246	REDUCE cov: 4335 ft: 13945 corp: 1570/53Kb lim: 1027 exec/s: 13541 rss: 322Mb L: 41/698 MS: 2 EraseBytes-CopyPart-
#81312	REDUCE cov: 4335 ft: 13945 corp: 1570/53Kb lim: 1027 exec/s: 13552 rss: 322Mb L: 6/698 MS: 1 EraseBytes-
#81333	REDUCE cov: 4335 ft: 13945 corp: 1570/53Kb lim: 1027 exec/s: 13555 rss: 322Mb L: 24/698 MS: 1 EraseBytes-
#81449	REDUCE cov: 4335 ft: 13945 corp: 1570/53Kb lim: 1027 exec/s: 13574 rss: 322Mb L: 16/698 MS: 1 EraseBytes-
#81573	REDUCE cov: 4335 ft: 13945 corp: 1570/53Kb lim: 1027 exec/s: 13595 rss: 322Mb L: 11/698 MS: 4 ShuffleBytes-ChangeByte-ChangeBit-EraseBytes-
#81769	REDUCE cov: 4335 ft: 13945 corp: 1570/53Kb lim: 1027 exec/s: 13628 rss: 322Mb L: 41/698 MS: 1 EraseBytes-
#82355	REDUCE cov: 4335 ft: 13945 corp: 1570/53Kb lim: 1027 exec/s: 13725 rss: 322Mb L: 16/698 MS: 1 EraseBytes-
#82377	REDUCE cov: 4335 ft: 13945 corp: 1570/53Kb lim: 1027 exec/s: 13729 rss: 322Mb L: 19/698 MS: 2 ChangeBit-EraseBytes-
#82521	REDUCE cov: 4335 ft: 13945 corp: 1570/53Kb lim: 1027 exec/s: 13753 rss: 322Mb L: 29/698 MS: 4 ChangeBinInt-InsertByte-ChangeBit-EraseBytes-
#82787	REDUCE cov: 4335 ft: 13945 corp: 1570/53Kb lim: 1027 exec/s: 13797 rss: 322Mb L: 83/698 MS: 1 EraseBytes-
#83144	NEW    cov: 4335 ft: 13953 corp: 1571/53Kb lim: 1027 exec/s: 13857 rss: 322Mb L: 225/698 MS: 2 CrossOver-CopyPart-
#83530	REDUCE cov: 4335 ft: 13953 corp: 1571/53Kb lim: 1027 exec/s: 13921 rss: 322Mb L: 19/698 MS: 1 EraseBytes-
#83546	REDUCE cov: 4335 ft: 13969 corp: 1572/53Kb lim: 1027 exec/s: 13924 rss: 322Mb L: 14/698 MS: 1 PersAutoDict- DE: "true"-
#83629	REDUCE cov: 4335 ft: 13969 corp: 1572/53Kb lim: 1027 exec/s: 13938 rss: 322Mb L: 46/698 MS: 3 ChangeByte-EraseBytes-PersAutoDict- DE: "fE0"-
#83865	REDUCE cov: 4335 ft: 13969 corp: 1572/53Kb lim: 1027 exec/s: 13977 rss: 322Mb L: 15/698 MS: 1 EraseBytes-
#83981	REDUCE cov: 4335 ft: 13969 corp: 1572/53Kb lim: 1027 exec/s: 13996 rss: 322Mb L: 18/698 MS: 1 EraseBytes-
#84078	REDUCE cov: 4335 ft: 13969 corp: 1572/53Kb lim: 1027 exec/s: 14013 rss: 322Mb L: 44/698 MS: 2 ChangeASCIIInt-EraseBytes-
#84639	REDUCE cov: 4335 ft: 13969 corp: 1572/53Kb lim: 1027 exec/s: 14106 rss: 322Mb L: 50/698 MS: 2 ShuffleBytes-EraseBytes-
#85041	REDUCE cov: 4335 ft: 13969 corp: 1572/53Kb lim: 1027 exec/s: 14173 rss: 322Mb L: 9/698 MS: 2 PersAutoDict-EraseBytes- DE: "true"-
#85057	REDUCE cov: 4335 ft: 13969 corp: 1572/53Kb lim: 1027 exec/s: 14176 rss: 322Mb L: 43/698 MS: 1 EraseBytes-
#85323	REDUCE cov: 4335 ft: 13969 corp: 1572/53Kb lim: 1027 exec/s: 14220 rss: 322Mb L: 41/698 MS: 1 EraseBytes-
#85341	REDUCE cov: 4335 ft: 13969 corp: 1572/53Kb lim: 1027 exec/s: 14223 rss: 322Mb L: 130/698 MS: 3 ChangeByte-ChangeASCIIInt-EraseBytes-
#85613	NEW    cov: 4335 ft: 13970 corp: 1573/53Kb lim: 1027 exec/s: 14268 rss: 322Mb L: 176/698 MS: 2 InsertRepeatedBytes-CrossOver-
#86104	NEW    cov: 4335 ft: 13974 corp: 1574/54Kb lim: 1027 exec/s: 14350 rss: 322Mb L: 187/698 MS: 1 InsertRepeatedBytes-
#86240	REDUCE cov: 4335 ft: 13974 corp: 1574/54Kb lim: 1027 exec/s: 14373 rss: 322Mb L: 29/698 MS: 1 EraseBytes-
#86586	REDUCE cov: 4335 ft: 13974 corp: 1574/54Kb lim: 1027 exec/s: 14431 rss: 322Mb L: 41/698 MS: 1 EraseBytes-
#86632	NEW    cov: 4335 ft: 13976 corp: 1575/54Kb lim: 1027 exec/s: 14438 rss: 322Mb L: 32/698 MS: 1 CrossOver-
#86957	NEW    cov: 4335 ft: 13977 corp: 1576/54Kb lim: 1027 exec/s: 14492 rss: 322Mb L: 25/698 MS: 5 CopyPart-ChangeBinInt-PersAutoDict-EraseBytes-ChangeBinInt- DE: "\001\000\000\000\000\000\000\200"-
#87014	REDUCE cov: 4335 ft: 13977 corp: 1576/54Kb lim: 1027 exec/s: 14502 rss: 322Mb L: 32/698 MS: 2 ChangeASCIIInt-EraseBytes-
#87036	REDUCE cov: 4335 ft: 13977 corp: 1576/54Kb lim: 1027 exec/s: 14506 rss: 322Mb L: 34/698 MS: 2 InsertByte-EraseBytes-
#87097	REDUCE cov: 4335 ft: 13977 corp: 1576/54Kb lim: 1027 exec/s: 14516 rss: 322Mb L: 5/698 MS: 1 EraseBytes-
#87147	REDUCE cov: 4335 ft: 13977 corp: 1576/54Kb lim: 1027 exec/s: 14524 rss: 322Mb L: 15/698 MS: 5 ChangeBit-ChangeASCIIInt-PersAutoDict-ChangeBit-EraseBytes- DE: "false\""-
#87148	REDUCE cov: 4335 ft: 13977 corp: 1576/54Kb lim: 1027 exec/s: 14524 rss: 322Mb L: 114/698 MS: 1 EraseBytes-
#87254	REDUCE cov: 4335 ft: 13978 corp: 1577/54Kb lim: 1027 exec/s: 14542 rss: 322Mb L: 5/698 MS: 1 EraseBytes-
#87540	REDUCE cov: 4335 ft: 13978 corp: 1577/54Kb lim: 1027 exec/s: 14590 rss: 322Mb L: 56/698 MS: 1 EraseBytes-
#88197	REDUCE cov: 4335 ft: 13978 corp: 1577/54Kb lim: 1027 exec/s: 14699 rss: 322Mb L: 31/698 MS: 2 ShuffleBytes-EraseBytes-
#88338	REDUCE cov: 4335 ft: 13978 corp: 1577/54Kb lim: 1027 exec/s: 14723 rss: 322Mb L: 53/698 MS: 1 EraseBytes-
#88552	NEW    cov: 4335 ft: 13979 corp: 1578/54Kb lim: 1027 exec/s: 12650 rss: 322Mb L: 16/698 MS: 4 CopyPart-ChangeASCIIInt-ChangeByte-EraseBytes-
#88639	REDUCE cov: 4335 ft: 13979 corp: 1578/54Kb lim: 1027 exec/s: 12662 rss: 322Mb L: 69/698 MS: 2 ChangeASCIIInt-EraseBytes-
#88832	REDUCE cov: 4335 ft: 13979 corp: 1578/54Kb lim: 1027 exec/s: 12690 rss: 322Mb L: 33/698 MS: 3 ShuffleBytes-CMP-EraseBytes- DE: "fals -0.22\\"-
#89078	REDUCE cov: 4335 ft: 13979 corp: 1578/54Kb lim: 1027 exec/s: 12725 rss: 322Mb L: 171/698 MS: 1 EraseBytes-
#89204	REDUCE cov: 4335 ft: 13979 corp: 1578/54Kb lim: 1027 exec/s: 12743 rss: 322Mb L: 58/698 MS: 1 EraseBytes-
#89258	REDUCE cov: 4335 ft: 13979 corp: 1578/54Kb lim: 1027 exec/s: 12751 rss: 322Mb L: 44/698 MS: 4 PersAutoDict-InsertByte-EraseBytes-ChangeBit- DE: "\001\000\000\000"-
#89359	REDUCE cov: 4335 ft: 13979 corp: 1578/54Kb lim: 1027 exec/s: 12765 rss: 322Mb L: 11/698 MS: 1 EraseBytes-
#89476	REDUCE cov: 4335 ft: 13979 corp: 1578/54Kb lim: 1027 exec/s: 12782 rss: 322Mb L: 10/698 MS: 2 InsertByte-EraseBytes-
#89583	REDUCE cov: 4335 ft: 13979 corp: 1578/54Kb lim: 1027 exec/s: 12797 rss: 322Mb L: 21/698 MS: 2 InsertByte-EraseBytes-
#89630	REDUCE cov: 4335 ft: 13979 corp: 1578/54Kb lim: 1027 exec/s: 12804 rss: 322Mb L: 26/698 MS: 2 EraseBytes-ChangeBit-
#89898	NEW    cov: 4335 ft: 13981 corp: 1579/54Kb lim: 1027 exec/s: 12842 rss: 322Mb L: 381/698 MS: 3 ChangeBinInt-InsertRepeatedBytes-CopyPart-
#89933	REDUCE cov: 4335 ft: 13981 corp: 1579/54Kb lim: 1027 exec/s: 12847 rss: 322Mb L: 4/698 MS: 5 ShuffleBytes-CrossOver-ChangeBinInt-ShuffleBytes-EraseBytes-
#89954	NEW    cov: 4335 ft: 13989 corp: 1580/54Kb lim: 1027 exec/s: 12850 rss: 322Mb L: 15/698 MS: 1 CopyPart-
#90670	REDUCE cov: 4335 ft: 13989 corp: 1580/54Kb lim: 1027 exec/s: 12952 rss: 322Mb L: 79/698 MS: 1 EraseBytes-
#90695	REDUCE cov: 4335 ft: 13989 corp: 1580/54Kb lim: 1027 exec/s: 12956 rss: 322Mb L: 197/698 MS: 5 InsertRepeatedBytes-InsertRepeatedBytes-ChangeBit-InsertRepeatedBytes-EraseBytes-
#90930	REDUCE cov: 4335 ft: 13989 corp: 1580/54Kb lim: 1027 exec/s: 12990 rss: 322Mb L: 14/698 MS: 5 ChangeASCIIInt-ChangeBit-ChangeByte-ChangeBit-EraseBytes-
#91083	REDUCE cov: 4335 ft: 13989 corp: 1580/54Kb lim: 1027 exec/s: 13011 rss: 322Mb L: 15/698 MS: 3 ChangeASCIIInt-ChangeByte-EraseBytes-
#91474	REDUCE cov: 4335 ft: 13989 corp: 1580/54Kb lim: 1027 exec/s: 13067 rss: 322Mb L: 34/698 MS: 1 EraseBytes-
#91506	REDUCE cov: 4335 ft: 13989 corp: 1580/54Kb lim: 1027 exec/s: 13072 rss: 322Mb L: 44/698 MS: 2 ChangeBit-EraseBytes-
#91652	REDUCE cov: 4335 ft: 13989 corp: 1580/54Kb lim: 1027 exec/s: 13093 rss: 322Mb L: 25/698 MS: 1 EraseBytes-
#91658	REDUCE cov: 4335 ft: 13999 corp: 1581/54Kb lim: 1027 exec/s: 13094 rss: 322Mb L: 50/698 MS: 1 CrossOver-
#91671	REDUCE cov: 4335 ft: 13999 corp: 1581/54Kb lim: 1027 exec/s: 13095 rss: 322Mb L: 102/698 MS: 3 EraseBytes-InsertByte-InsertRepeatedBytes-
#91879	NEW    cov: 4335 ft: 14000 corp: 1582/54Kb lim: 1027 exec/s: 13125 rss: 322Mb L: 45/698 MS: 3 InsertByte-EraseBytes-CrossOver-
#92063	REDUCE cov: 4335 ft: 14000 corp: 1582/54Kb lim: 1027 exec/s: 13151 rss: 322Mb L: 27/698 MS: 4 PersAutoDict-ChangeBit-EraseBytes-CMP- DE: "\000\000\000\000\000\000\000\000"-"\021\000\000\000\000\000\000\000"-
#92106	REDUCE cov: 4335 ft: 14000 corp: 1582/54Kb lim: 1027 exec/s: 13158 rss: 322Mb L: 30/698 MS: 3 CMP-CopyPart-EraseBytes- DE: "Urni"-
#92322	REDUCE cov: 4335 ft: 14000 corp: 1582/54Kb lim: 1027 exec/s: 13188 rss: 322Mb L: 11/698 MS: 1 EraseBytes-
#92418	REDUCE cov: 4335 ft: 14000 corp: 1582/54Kb lim: 1027 exec/s: 13202 rss: 322Mb L: 341/698 MS: 1 EraseBytes-
#92464	REDUCE cov: 4335 ft: 14000 corp: 1582/54Kb lim: 1027 exec/s: 13209 rss: 322Mb L: 29/698 MS: 1 EraseBytes-
#92665	REDUCE cov: 4335 ft: 14000 corp: 1582/54Kb lim: 1027 exec/s: 13237 rss: 322Mb L: 17/698 MS: 1 EraseBytes-
#93061	REDUCE cov: 4335 ft: 14000 corp: 1582/54Kb lim: 1027 exec/s: 13294 rss: 322Mb L: 16/698 MS: 1 EraseBytes-
#93177	REDUCE cov: 4335 ft: 14000 corp: 1582/54Kb lim: 1027 exec/s: 13311 rss: 322Mb L: 10/698 MS: 1 EraseBytes-
#93323	REDUCE cov: 4335 ft: 14000 corp: 1582/54Kb lim: 1027 exec/s: 13331 rss: 322Mb L: 29/698 MS: 1 EraseBytes-
#93516	REDUCE cov: 4335 ft: 14000 corp: 1582/54Kb lim: 1027 exec/s: 13359 rss: 322Mb L: 32/698 MS: 3 ChangeBinInt-InsertByte-EraseBytes-
#93537	REDUCE cov: 4335 ft: 14001 corp: 1583/54Kb lim: 1027 exec/s: 13362 rss: 322Mb L: 38/698 MS: 1 CrossOver-
#93613	NEW    cov: 4335 ft: 14003 corp: 1584/54Kb lim: 1027 exec/s: 13373 rss: 322Mb L: 15/698 MS: 1 ChangeByte-
#93789	REDUCE cov: 4335 ft: 14003 corp: 1584/54Kb lim: 1027 exec/s: 13398 rss: 322Mb L: 63/698 MS: 1 EraseBytes-
#93936	REDUCE cov: 4335 ft: 14003 corp: 1584/54Kb lim: 1027 exec/s: 13419 rss: 322Mb L: 22/698 MS: 2 ChangeByte-EraseBytes-
#94272	REDUCE cov: 4335 ft: 14003 corp: 1584/54Kb lim: 1027 exec/s: 13467 rss: 322Mb L: 16/698 MS: 1 EraseBytes-
#94283	REDUCE cov: 4335 ft: 14003 corp: 1584/54Kb lim: 1027 exec/s: 13469 rss: 322Mb L: 28/698 MS: 1 EraseBytes-
#94820	REDUCE cov: 4335 ft: 14003 corp: 1584/54Kb lim: 1027 exec/s: 13545 rss: 322Mb L: 19/698 MS: 2 EraseBytes-ChangeBinInt-
#94891	REDUCE cov: 4335 ft: 14003 corp: 1584/54Kb lim: 1027 exec/s: 13555 rss: 322Mb L: 43/698 MS: 1 EraseBytes-
#94946	REDUCE cov: 4335 ft: 14003 corp: 1584/54Kb lim: 1027 exec/s: 13563 rss: 322Mb L: 93/698 MS: 5 ShuffleBytes-InsertByte-ShuffleBytes-ChangeBit-EraseBytes-
#95118	REDUCE cov: 4335 ft: 14003 corp: 1584/54Kb lim: 1027 exec/s: 13588 rss: 322Mb L: 29/698 MS: 2 ChangeBinInt-EraseBytes-
#95299	REDUCE cov: 4335 ft: 14003 corp: 1584/54Kb lim: 1027 exec/s: 13614 rss: 322Mb L: 50/698 MS: 1 EraseBytes-
#95306	NEW    cov: 4335 ft: 14004 corp: 1585/54Kb lim: 1027 exec/s: 13615 rss: 322Mb L: 211/698 MS: 2 CrossOver-CopyPart-
#95418	NEW    cov: 4335 ft: 14005 corp: 1586/54Kb lim: 1027 exec/s: 13631 rss: 322Mb L: 47/698 MS: 2 ChangeByte-CrossOver-
#95534	REDUCE cov: 4335 ft: 14005 corp: 1586/54Kb lim: 1027 exec/s: 13647 rss: 322Mb L: 130/698 MS: 1 EraseBytes-
#95721	REDUCE cov: 4335 ft: 14005 corp: 1586/54Kb lim: 1027 exec/s: 13674 rss: 322Mb L: 52/698 MS: 2 ChangeByte-EraseBytes-
#95752	REDUCE cov: 4335 ft: 14005 corp: 1586/54Kb lim: 1027 exec/s: 13678 rss: 322Mb L: 20/698 MS: 1 EraseBytes-
#95822	REDUCE cov: 4335 ft: 14005 corp: 1586/54Kb lim: 1027 exec/s: 13688 rss: 322Mb L: 67/698 MS: 5 PersAutoDict-InsertByte-CopyPart-ChangeASCIIInt-EraseBytes- DE: "\" ,e"-
#96073	REDUCE cov: 4335 ft: 14005 corp: 1586/54Kb lim: 1027 exec/s: 13724 rss: 322Mb L: 16/698 MS: 1 EraseBytes-
#96074	REDUCE cov: 4335 ft: 14005 corp: 1586/54Kb lim: 1027 exec/s: 13724 rss: 322Mb L: 15/698 MS: 1 EraseBytes-
#96095	REDUCE cov: 4335 ft: 14005 corp: 1586/54Kb lim: 1027 exec/s: 13727 rss: 322Mb L: 116/698 MS: 1 EraseBytes-
#96237	REDUCE cov: 4335 ft: 14005 corp: 1586/54Kb lim: 1027 exec/s: 13748 rss: 322Mb L: 115/698 MS: 2 CopyPart-EraseBytes-
#96618	REDUCE cov: 4335 ft: 14005 corp: 1586/54Kb lim: 1027 exec/s: 13802 rss: 322Mb L: 37/698 MS: 1 EraseBytes-
#96769	REDUCE cov: 4335 ft: 14005 corp: 1586/54Kb lim: 1027 exec/s: 13824 rss: 322Mb L: 49/698 MS: 1 EraseBytes-
#96906	REDUCE cov: 4335 ft: 14005 corp: 1586/54Kb lim: 1027 exec/s: 13843 rss: 322Mb L: 14/698 MS: 2 CopyPart-EraseBytes-
#96908	REDUCE cov: 4335 ft: 14006 corp: 1587/54Kb lim: 1027 exec/s: 13844 rss: 322Mb L: 14/698 MS: 2 ChangeBinInt-EraseBytes-
#97059	REDUCE cov: 4335 ft: 14006 corp: 1587/54Kb lim: 1027 exec/s: 13865 rss: 322Mb L: 11/698 MS: 1 EraseBytes-
#97151	REDUCE cov: 4335 ft: 14007 corp: 1588/54Kb lim: 1027 exec/s: 13878 rss: 322Mb L: 40/698 MS: 2 CopyPart-EraseBytes-
#97412	REDUCE cov: 4335 ft: 14007 corp: 1588/54Kb lim: 1027 exec/s: 13916 rss: 322Mb L: 20/698 MS: 1 EraseBytes-
#97493	REDUCE cov: 4335 ft: 14007 corp: 1588/54Kb lim: 1027 exec/s: 13927 rss: 322Mb L: 31/698 MS: 1 EraseBytes-
#97659	REDUCE cov: 4335 ft: 14007 corp: 1588/54Kb lim: 1027 exec/s: 13951 rss: 322Mb L: 58/698 MS: 1 EraseBytes-
#97851	REDUCE cov: 4335 ft: 14007 corp: 1588/54Kb lim: 1027 exec/s: 13978 rss: 322Mb L: 71/698 MS: 2 ChangeBit-EraseBytes-
#97852	REDUCE cov: 4335 ft: 14007 corp: 1588/54Kb lim: 1027 exec/s: 13978 rss: 322Mb L: 3/698 MS: 1 EraseBytes-
#97985	REDUCE cov: 4335 ft: 14007 corp: 1588/54Kb lim: 1027 exec/s: 13997 rss: 322Mb L: 24/698 MS: 3 ShuffleBytes-ShuffleBytes-EraseBytes-
#98066	REDUCE cov: 4335 ft: 14007 corp: 1588/54Kb lim: 1027 exec/s: 14009 rss: 322Mb L: 21/698 MS: 1 EraseBytes-
#99099	REDUCE cov: 4335 ft: 14007 corp: 1588/54Kb lim: 1037 exec/s: 14157 rss: 322Mb L: 18/698 MS: 1 EraseBytes-
#99112	REDUCE cov: 4335 ft: 14007 corp: 1588/54Kb lim: 1037 exec/s: 14158 rss: 322Mb L: 18/698 MS: 3 ChangeBinInt-ChangeBinInt-EraseBytes-
#99173	REDUCE cov: 4335 ft: 14007 corp: 1588/54Kb lim: 1037 exec/s: 14167 rss: 322Mb L: 67/698 MS: 1 EraseBytes-
#99255	NEW    cov: 4335 ft: 14009 corp: 1589/54Kb lim: 1037 exec/s: 14179 rss: 322Mb L: 26/698 MS: 2 CMP-CopyPart- DE: "\004b"-
#99376	REDUCE cov: 4335 ft: 14009 corp: 1589/54Kb lim: 1037 exec/s: 14196 rss: 322Mb L: 64/698 MS: 1 EraseBytes-
#100137	REDUCE cov: 4335 ft: 14009 corp: 1589/54Kb lim: 1037 exec/s: 14305 rss: 322Mb L: 76/698 MS: 1 EraseBytes-
#100513	REDUCE cov: 4335 ft: 14009 corp: 1589/54Kb lim: 1037 exec/s: 14359 rss: 322Mb L: 10/698 MS: 1 EraseBytes-
#100664	REDUCE cov: 4335 ft: 14009 corp: 1589/54Kb lim: 1037 exec/s: 14380 rss: 322Mb L: 42/698 MS: 1 EraseBytes-
#100841	REDUCE cov: 4335 ft: 14009 corp: 1589/54Kb lim: 1037 exec/s: 14405 rss: 322Mb L: 70/698 MS: 2 InsertByte-EraseBytes-
#101038	REDUCE cov: 4335 ft: 14009 corp: 1589/54Kb lim: 1037 exec/s: 14434 rss: 322Mb L: 30/698 MS: 2 ChangeASCIIInt-EraseBytes-
#101670	NEW    cov: 4335 ft: 14010 corp: 1590/54Kb lim: 1037 exec/s: 14524 rss: 322Mb L: 23/698 MS: 2 InsertByte-CrossOver-
#101681	REDUCE cov: 4335 ft: 14010 corp: 1590/54Kb lim: 1037 exec/s: 14525 rss: 322Mb L: 4/698 MS: 1 EraseBytes-
#101723	REDUCE cov: 4335 ft: 14010 corp: 1590/54Kb lim: 1037 exec/s: 14531 rss: 322Mb L: 44/698 MS: 2 ChangeBit-EraseBytes-
#101839	REDUCE cov: 4335 ft: 14010 corp: 1590/54Kb lim: 1037 exec/s: 14548 rss: 322Mb L: 23/698 MS: 1 EraseBytes-
#102005	NEW    cov: 4335 ft: 14011 corp: 1591/54Kb lim: 1037 exec/s: 14572 rss: 322Mb L: 72/698 MS: 1 EraseBytes-
#102052	REDUCE cov: 4335 ft: 14011 corp: 1591/54Kb lim: 1037 exec/s: 14578 rss: 322Mb L: 13/698 MS: 2 ChangeBit-EraseBytes-
#102263	REDUCE cov: 4335 ft: 14011 corp: 1591/54Kb lim: 1037 exec/s: 12782 rss: 322Mb L: 56/698 MS: 1 EraseBytes-
#102365	REDUCE cov: 4335 ft: 14011 corp: 1591/54Kb lim: 1037 exec/s: 12795 rss: 322Mb L: 181/698 MS: 2 ChangeBinInt-EraseBytes-
#102391	REDUCE cov: 4335 ft: 14011 corp: 1591/54Kb lim: 1037 exec/s: 12798 rss: 322Mb L: 12/698 MS: 1 EraseBytes-
#102432	REDUCE cov: 4335 ft: 14011 corp: 1591/54Kb lim: 1037 exec/s: 12804 rss: 322Mb L: 34/698 MS: 1 EraseBytes-
#102503	NEW    cov: 4335 ft: 14013 corp: 1592/54Kb lim: 1037 exec/s: 12812 rss: 322Mb L: 24/698 MS: 1 ChangeBit-
#102541	REDUCE cov: 4335 ft: 14013 corp: 1592/54Kb lim: 1037 exec/s: 12817 rss: 322Mb L: 77/698 MS: 3 CMP-ChangeByte-EraseBytes- DE: "\017\000\000\000\000\000\000\000"-
#102623	REDUCE cov: 4335 ft: 14013 corp: 1592/54Kb lim: 1037 exec/s: 12827 rss: 322Mb L: 133/698 MS: 2 CMP-EraseBytes- DE: "\000\000\000\000\000\000\000\004"-
#102662	NEW    cov: 4335 ft: 14015 corp: 1593/54Kb lim: 1037 exec/s: 12832 rss: 322Mb L: 381/698 MS: 4 ChangeBit-CopyPart-ShuffleBytes-CopyPart-
#102673	NEW    cov: 4335 ft: 14016 corp: 1594/54Kb lim: 1037 exec/s: 12834 rss: 322Mb L: 156/698 MS: 1 CopyPart-
#102760	REDUCE cov: 4335 ft: 14016 corp: 1594/54Kb lim: 1037 exec/s: 12845 rss: 322Mb L: 18/698 MS: 2 ChangeBinInt-EraseBytes-
#102771	REDUCE cov: 4335 ft: 14016 corp: 1594/54Kb lim: 1037 exec/s: 12846 rss: 322Mb L: 65/698 MS: 1 EraseBytes-
#102800	REDUCE cov: 4335 ft: 14017 corp: 1595/54Kb lim: 1037 exec/s: 12850 rss: 322Mb L: 62/698 MS: 4 PersAutoDict-ChangeBinInt-CrossOver-CopyPart- DE: "fals -0.22\\"-
#102886	NEW    cov: 4335 ft: 14031 corp: 1596/55Kb lim: 1037 exec/s: 12860 rss: 322Mb L: 138/698 MS: 1 InsertRepeatedBytes-
#103050	NEW    cov: 4335 ft: 14039 corp: 1597/55Kb lim: 1037 exec/s: 12881 rss: 322Mb L: 60/698 MS: 4 ChangeByte-PersAutoDict-InsertByte-CrossOver- DE: "\000\014"-
#103071	REDUCE cov: 4335 ft: 14039 corp: 1597/55Kb lim: 1037 exec/s: 12883 rss: 322Mb L: 26/698 MS: 1 EraseBytes-
#103077	REDUCE cov: 4335 ft: 14039 corp: 1597/55Kb lim: 1037 exec/s: 12884 rss: 322Mb L: 13/698 MS: 1 EraseBytes-
#103134	REDUCE cov: 4335 ft: 14039 corp: 1597/55Kb lim: 1037 exec/s: 12891 rss: 322Mb L: 18/698 MS: 2 ChangeBit-EraseBytes-
#103165	REDUCE cov: 4335 ft: 14039 corp: 1597/55Kb lim: 1037 exec/s: 12895 rss: 322Mb L: 2/698 MS: 1 EraseBytes-
#103251	REDUCE cov: 4335 ft: 14039 corp: 1597/55Kb lim: 1037 exec/s: 12906 rss: 322Mb L: 26/698 MS: 1 EraseBytes-
#103327	REDUCE cov: 4335 ft: 14039 corp: 1597/55Kb lim: 1037 exec/s: 12915 rss: 322Mb L: 73/698 MS: 1 EraseBytes-
#103459	REDUCE cov: 4335 ft: 14039 corp: 1597/55Kb lim: 1037 exec/s: 12932 rss: 322Mb L: 13/698 MS: 2 ChangeByte-EraseBytes-
#103461	REDUCE cov: 4335 ft: 14039 corp: 1597/55Kb lim: 1037 exec/s: 12932 rss: 322Mb L: 4/698 MS: 2 PersAutoDict-EraseBytes- DE: "\004b"-
#103484	REDUCE cov: 4335 ft: 14039 corp: 1597/55Kb lim: 1037 exec/s: 12935 rss: 322Mb L: 67/698 MS: 3 CMP-InsertByte-EraseBytes- DE: "\376\377\377\377"-
#103675	REDUCE cov: 4335 ft: 14040 corp: 1598/55Kb lim: 1037 exec/s: 12959 rss: 322Mb L: 10/698 MS: 1 EraseBytes-
#103722	REDUCE cov: 4335 ft: 14040 corp: 1598/55Kb lim: 1037 exec/s: 12965 rss: 322Mb L: 18/698 MS: 2 CMP-EraseBytes- DE: "tr\036ue"-
#103918	REDUCE cov: 4335 ft: 14040 corp: 1598/55Kb lim: 1037 exec/s: 12989 rss: 322Mb L: 14/698 MS: 1 EraseBytes-
#104080	NEW    cov: 4335 ft: 14046 corp: 1599/55Kb lim: 1037 exec/s: 13010 rss: 322Mb L: 138/698 MS: 2 ChangeByte-ChangeByte-
#104452	REDUCE cov: 4335 ft: 14046 corp: 1599/55Kb lim: 1037 exec/s: 13056 rss: 322Mb L: 35/698 MS: 2 ChangeBit-EraseBytes-
#104751	REDUCE cov: 4335 ft: 14046 corp: 1599/55Kb lim: 1037 exec/s: 13093 rss: 322Mb L: 65/698 MS: 4 ChangeByte-InsertByte-ChangeByte-CrossOver-
#105207	REDUCE cov: 4335 ft: 14046 corp: 1599/55Kb lim: 1037 exec/s: 13150 rss: 322Mb L: 45/698 MS: 1 EraseBytes-
#105438	REDUCE cov: 4335 ft: 14046 corp: 1599/55Kb lim: 1037 exec/s: 13179 rss: 322Mb L: 23/698 MS: 1 EraseBytes-
#105619	REDUCE cov: 4335 ft: 14046 corp: 1599/55Kb lim: 1037 exec/s: 13202 rss: 322Mb L: 49/698 MS: 1 EraseBytes-
#105735	REDUCE cov: 4335 ft: 14046 corp: 1599/55Kb lim: 1037 exec/s: 13216 rss: 322Mb L: 16/698 MS: 1 EraseBytes-
#105851	REDUCE cov: 4335 ft: 14046 corp: 1599/55Kb lim: 1037 exec/s: 13231 rss: 322Mb L: 75/698 MS: 1 EraseBytes-
#105857	REDUCE cov: 4335 ft: 14046 corp: 1599/55Kb lim: 1037 exec/s: 13232 rss: 322Mb L: 31/698 MS: 1 EraseBytes-
#105911	REDUCE cov: 4335 ft: 14046 corp: 1599/55Kb lim: 1037 exec/s: 13238 rss: 322Mb L: 3/698 MS: 4 ChangeByte-ChangeBinInt-ChangeBit-EraseBytes-
#106038	REDUCE cov: 4335 ft: 14046 corp: 1599/55Kb lim: 1037 exec/s: 13254 rss: 322Mb L: 13/698 MS: 2 CopyPart-EraseBytes-
#106259	REDUCE cov: 4335 ft: 14046 corp: 1599/55Kb lim: 1037 exec/s: 13282 rss: 322Mb L: 10/698 MS: 1 EraseBytes-
#106452	REDUCE cov: 4335 ft: 14047 corp: 1600/55Kb lim: 1037 exec/s: 13306 rss: 322Mb L: 26/698 MS: 3 ChangeBit-ShuffleBytes-EraseBytes-
#106663	REDUCE cov: 4335 ft: 14047 corp: 1600/55Kb lim: 1037 exec/s: 13332 rss: 322Mb L: 21/698 MS: 1 EraseBytes-
#106805	REDUCE cov: 4335 ft: 14047 corp: 1600/55Kb lim: 1037 exec/s: 13350 rss: 322Mb L: 21/698 MS: 2 ChangeByte-EraseBytes-
#107011	REDUCE cov: 4335 ft: 14047 corp: 1600/55Kb lim: 1037 exec/s: 13376 rss: 322Mb L: 16/698 MS: 1 EraseBytes-
#107138	NEW    cov: 4335 ft: 14048 corp: 1601/55Kb lim: 1037 exec/s: 13392 rss: 322Mb L: 233/698 MS: 2 CMP-CopyPart- DE: "\377\377\377\377\377\377\377*"-
#107414	NEW    cov: 4341 ft: 14054 corp: 1602/55Kb lim: 1037 exec/s: 13426 rss: 322Mb L: 10/698 MS: 1 EraseBytes-
#107700	NEW    cov: 4341 ft: 14055 corp: 1603/55Kb lim: 1037 exec/s: 13462 rss: 322Mb L: 65/698 MS: 1 ChangeBinInt-
#108261	NEW    cov: 4341 ft: 14056 corp: 1604/55Kb lim: 1037 exec/s: 13532 rss: 322Mb L: 11/698 MS: 1 InsertByte-
#108355	REDUCE cov: 4341 ft: 14056 corp: 1604/55Kb lim: 1037 exec/s: 13544 rss: 322Mb L: 98/698 MS: 4 ChangeBinInt-InsertRepeatedBytes-PersAutoDict-EraseBytes- DE: "true"-
#108817	REDUCE cov: 4341 ft: 14056 corp: 1604/55Kb lim: 1037 exec/s: 13602 rss: 322Mb L: 31/698 MS: 2 ChangeBit-EraseBytes-
#108873	REDUCE cov: 4341 ft: 14059 corp: 1605/55Kb lim: 1037 exec/s: 13609 rss: 322Mb L: 49/698 MS: 1 CopyPart-
#108901	REDUCE cov: 4341 ft: 14059 corp: 1605/55Kb lim: 1037 exec/s: 13612 rss: 322Mb L: 45/698 MS: 3 ChangeBinInt-ChangeBit-EraseBytes-
#109062	REDUCE cov: 4341 ft: 14059 corp: 1605/55Kb lim: 1037 exec/s: 13632 rss: 322Mb L: 21/698 MS: 1 EraseBytes-
#109217	REDUCE cov: 4341 ft: 14059 corp: 1605/55Kb lim: 1037 exec/s: 13652 rss: 322Mb L: 66/698 MS: 5 EraseBytes-InsertByte-ChangeByte-InsertRepeatedBytes-EraseBytes-
#109299	REDUCE cov: 4341 ft: 14059 corp: 1605/55Kb lim: 1037 exec/s: 13662 rss: 322Mb L: 110/698 MS: 2 EraseBytes-ChangeByte-
#109441	NEW    cov: 4341 ft: 14095 corp: 1606/55Kb lim: 1037 exec/s: 13680 rss: 322Mb L: 236/698 MS: 2 ShuffleBytes-CopyPart-
#109607	REDUCE cov: 4341 ft: 14095 corp: 1606/55Kb lim: 1037 exec/s: 13700 rss: 322Mb L: 39/698 MS: 1 EraseBytes-
#109633	NEW    cov: 4345 ft: 14099 corp: 1607/55Kb lim: 1037 exec/s: 13704 rss: 322Mb L: 16/698 MS: 1 EraseBytes-
#109649	REDUCE cov: 4345 ft: 14099 corp: 1607/55Kb lim: 1037 exec/s: 13706 rss: 322Mb L: 23/698 MS: 1 EraseBytes-
#109860	REDUCE cov: 4345 ft: 14099 corp: 1607/55Kb lim: 1037 exec/s: 13732 rss: 322Mb L: 23/698 MS: 1 EraseBytes-
#110271	REDUCE cov: 4345 ft: 14115 corp: 1608/55Kb lim: 1037 exec/s: 13783 rss: 322Mb L: 73/698 MS: 1 CMP- DE: "Unit"-
#110648	REDUCE cov: 4345 ft: 14115 corp: 1608/55Kb lim: 1037 exec/s: 13831 rss: 322Mb L: 41/698 MS: 2 CrossOver-EraseBytes-
#110674	REDUCE cov: 4345 ft: 14115 corp: 1608/55Kb lim: 1037 exec/s: 13834 rss: 322Mb L: 6/698 MS: 1 EraseBytes-
#110736	REDUCE cov: 4345 ft: 14115 corp: 1608/55Kb lim: 1037 exec/s: 13842 rss: 322Mb L: 28/698 MS: 2 ShuffleBytes-EraseBytes-
#110792	REDUCE cov: 4345 ft: 14115 corp: 1608/55Kb lim: 1037 exec/s: 13849 rss: 322Mb L: 75/698 MS: 1 EraseBytes-
#111184	REDUCE cov: 4345 ft: 14115 corp: 1608/55Kb lim: 1037 exec/s: 13898 rss: 322Mb L: 37/698 MS: 2 ChangeBit-EraseBytes-
#111312	REDUCE cov: 4345 ft: 14115 corp: 1608/55Kb lim: 1037 exec/s: 13914 rss: 322Mb L: 12/698 MS: 3 ChangeBit-CopyPart-EraseBytes-
#111453	REDUCE cov: 4345 ft: 14115 corp: 1608/55Kb lim: 1037 exec/s: 13931 rss: 322Mb L: 23/698 MS: 1 EraseBytes-
#111632	REDUCE cov: 4345 ft: 14115 corp: 1608/55Kb lim: 1037 exec/s: 13954 rss: 322Mb L: 27/698 MS: 4 InsertRepeatedBytes-ChangeBit-ChangeBit-EraseBytes-
#111723	REDUCE cov: 4345 ft: 14115 corp: 1608/55Kb lim: 1037 exec/s: 13965 rss: 322Mb L: 11/698 MS: 1 EraseBytes-
#112246	REDUCE cov: 4345 ft: 14115 corp: 1608/55Kb lim: 1037 exec/s: 14030 rss: 322Mb L: 207/698 MS: 2 ChangeASCIIInt-EraseBytes-
#112282	NEW    cov: 4345 ft: 14123 corp: 1609/55Kb lim: 1037 exec/s: 14035 rss: 322Mb L: 108/698 MS: 1 CopyPart-
#112325	REDUCE cov: 4345 ft: 14123 corp: 1609/55Kb lim: 1037 exec/s: 14040 rss: 322Mb L: 11/698 MS: 3 ChangeByte-ChangeByte-EraseBytes-
#112361	REDUCE cov: 4345 ft: 14123 corp: 1609/55Kb lim: 1037 exec/s: 14045 rss: 322Mb L: 44/698 MS: 1 EraseBytes-
#112607	NEW    cov: 4345 ft: 14125 corp: 1610/55Kb lim: 1037 exec/s: 14075 rss: 322Mb L: 146/698 MS: 1 CMP- DE: "\000\000\000\000\000\000\000\023"-
#112893	REDUCE cov: 4345 ft: 14125 corp: 1610/55Kb lim: 1037 exec/s: 14111 rss: 322Mb L: 7/698 MS: 1 EraseBytes-
#113089	NEW    cov: 4345 ft: 14126 corp: 1611/56Kb lim: 1037 exec/s: 14136 rss: 322Mb L: 171/698 MS: 1 CopyPart-
#113100	REDUCE cov: 4345 ft: 14126 corp: 1611/56Kb lim: 1037 exec/s: 14137 rss: 322Mb L: 30/698 MS: 1 EraseBytes-
#113132	REDUCE cov: 4345 ft: 14126 corp: 1611/56Kb lim: 1037 exec/s: 14141 rss: 322Mb L: 21/698 MS: 2 ChangeByte-EraseBytes-
#113303	REDUCE cov: 4345 ft: 14126 corp: 1611/56Kb lim: 1037 exec/s: 14162 rss: 322Mb L: 6/698 MS: 1 EraseBytes-
#113339	REDUCE cov: 4345 ft: 14126 corp: 1611/56Kb lim: 1037 exec/s: 14167 rss: 322Mb L: 15/698 MS: 1 EraseBytes-
#113730	REDUCE cov: 4345 ft: 14126 corp: 1611/56Kb lim: 1037 exec/s: 14216 rss: 322Mb L: 18/698 MS: 1 EraseBytes-
#113766	REDUCE cov: 4345 ft: 14126 corp: 1611/56Kb lim: 1037 exec/s: 14220 rss: 322Mb L: 24/698 MS: 1 EraseBytes-
#113787	REDUCE cov: 4345 ft: 14126 corp: 1611/56Kb lim: 1037 exec/s: 14223 rss: 322Mb L: 13/698 MS: 1 EraseBytes-
#114078	REDUCE cov: 4345 ft: 14126 corp: 1611/56Kb lim: 1037 exec/s: 14259 rss: 322Mb L: 22/698 MS: 1 EraseBytes-
#114320	REDUCE cov: 4345 ft: 14126 corp: 1611/56Kb lim: 1037 exec/s: 14290 rss: 322Mb L: 13/698 MS: 2 CopyPart-EraseBytes-
#114413	REDUCE cov: 4345 ft: 14126 corp: 1611/56Kb lim: 1037 exec/s: 14301 rss: 322Mb L: 380/698 MS: 3 ChangeByte-InsertByte-EraseBytes-
#114629	REDUCE cov: 4345 ft: 14132 corp: 1612/56Kb lim: 1037 exec/s: 14328 rss: 322Mb L: 35/698 MS: 1 ChangeBit-
#114845	NEW    cov: 4345 ft: 14134 corp: 1613/56Kb lim: 1037 exec/s: 14355 rss: 322Mb L: 236/698 MS: 1 ChangeByte-
#114846	REDUCE cov: 4345 ft: 14134 corp: 1613/56Kb lim: 1037 exec/s: 14355 rss: 322Mb L: 16/698 MS: 1 EraseBytes-
#114879	REDUCE cov: 4345 ft: 14134 corp: 1613/56Kb lim: 1037 exec/s: 14359 rss: 322Mb L: 34/698 MS: 3 ChangeByte-CrossOver-CrossOver-
#114981	REDUCE cov: 4345 ft: 14134 corp: 1613/56Kb lim: 1037 exec/s: 14372 rss: 322Mb L: 43/698 MS: 2 InsertByte-EraseBytes-
#114992	REDUCE cov: 4345 ft: 14134 corp: 1613/56Kb lim: 1037 exec/s: 14374 rss: 322Mb L: 21/698 MS: 1 EraseBytes-
#115509	REDUCE cov: 4345 ft: 14134 corp: 1613/56Kb lim: 1037 exec/s: 14438 rss: 322Mb L: 17/698 MS: 2 ChangeBit-EraseBytes-
#115556	REDUCE cov: 4345 ft: 14134 corp: 1613/56Kb lim: 1037 exec/s: 14444 rss: 322Mb L: 11/698 MS: 2 CopyPart-EraseBytes-
#115582	REDUCE cov: 4345 ft: 14134 corp: 1613/56Kb lim: 1037 exec/s: 14447 rss: 322Mb L: 39/698 MS: 1 EraseBytes-
#115649	REDUCE cov: 4345 ft: 14134 corp: 1613/56Kb lim: 1037 exec/s: 12849 rss: 322Mb L: 71/698 MS: 2 ChangeByte-EraseBytes-
#115737	REDUCE cov: 4345 ft: 14134 corp: 1613/56Kb lim: 1037 exec/s: 12859 rss: 322Mb L: 44/698 MS: 3 ChangeBinInt-CopyPart-EraseBytes-
#115969	REDUCE cov: 4345 ft: 14134 corp: 1613/56Kb lim: 1037 exec/s: 12885 rss: 322Mb L: 40/698 MS: 2 EraseBytes-CMP- DE: "Unmt"-
#116045	REDUCE cov: 4345 ft: 14134 corp: 1613/56Kb lim: 1037 exec/s: 12893 rss: 322Mb L: 34/698 MS: 1 EraseBytes-
#116054	NEW    cov: 4345 ft: 14135 corp: 1614/56Kb lim: 1037 exec/s: 12894 rss: 322Mb L: 96/698 MS: 4 ChangeByte-CrossOver-ShuffleBytes-EraseBytes-
#116825	REDUCE cov: 4345 ft: 14135 corp: 1614/56Kb lim: 1037 exec/s: 12980 rss: 322Mb L: 40/698 MS: 1 EraseBytes-
#116850	REDUCE cov: 4345 ft: 14135 corp: 1614/56Kb lim: 1037 exec/s: 12983 rss: 322Mb L: 16/698 MS: 5 InsertByte-ChangeByte-ChangeByte-ShuffleBytes-EraseBytes-
#116987	REDUCE cov: 4345 ft: 14137 corp: 1615/56Kb lim: 1037 exec/s: 12998 rss: 322Mb L: 49/698 MS: 2 ChangeByte-PersAutoDict- DE: "\000\000\000\000"-
#117328	REDUCE cov: 4345 ft: 14137 corp: 1615/56Kb lim: 1037 exec/s: 13036 rss: 322Mb L: 26/698 MS: 1 EraseBytes-
#117494	REDUCE cov: 4345 ft: 14137 corp: 1615/56Kb lim: 1037 exec/s: 13054 rss: 322Mb L: 18/698 MS: 1 EraseBytes-
#117686	REDUCE cov: 4345 ft: 14137 corp: 1615/56Kb lim: 1037 exec/s: 13076 rss: 322Mb L: 11/698 MS: 2 ChangeByte-EraseBytes-
#118192	REDUCE cov: 4345 ft: 14137 corp: 1615/56Kb lim: 1037 exec/s: 13132 rss: 322Mb L: 60/698 MS: 1 EraseBytes-
#118723	NEW    cov: 4345 ft: 14142 corp: 1616/56Kb lim: 1037 exec/s: 13191 rss: 322Mb L: 130/698 MS: 1 CopyPart-
#118780	REDUCE cov: 4345 ft: 14142 corp: 1616/56Kb lim: 1037 exec/s: 13197 rss: 322Mb L: 54/698 MS: 2 InsertByte-EraseBytes-
#118891	REDUCE cov: 4345 ft: 14142 corp: 1616/56Kb lim: 1037 exec/s: 13210 rss: 322Mb L: 8/698 MS: 1 EraseBytes-
#119387	REDUCE cov: 4345 ft: 14142 corp: 1616/56Kb lim: 1037 exec/s: 13265 rss: 322Mb L: 58/698 MS: 1 EraseBytes-
#119388	NEW    cov: 4345 ft: 14143 corp: 1617/56Kb lim: 1037 exec/s: 13265 rss: 322Mb L: 15/698 MS: 1 EraseBytes-
#119414	REDUCE cov: 4345 ft: 14143 corp: 1617/56Kb lim: 1037 exec/s: 13268 rss: 322Mb L: 34/698 MS: 1 EraseBytes-
#119457	REDUCE cov: 4345 ft: 14143 corp: 1617/56Kb lim: 1037 exec/s: 13273 rss: 322Mb L: 19/698 MS: 3 PersAutoDict-InsertByte-EraseBytes- DE: "\004b"-
#119603	REDUCE cov: 4345 ft: 14143 corp: 1617/56Kb lim: 1037 exec/s: 13289 rss: 322Mb L: 41/698 MS: 1 EraseBytes-
#119630	REDUCE cov: 4345 ft: 14143 corp: 1617/56Kb lim: 1037 exec/s: 13292 rss: 322Mb L: 10/698 MS: 2 ChangeBinInt-EraseBytes-
#119653	REDUCE cov: 4345 ft: 14143 corp: 1617/56Kb lim: 1037 exec/s: 13294 rss: 322Mb L: 49/698 MS: 3 ChangeBinInt-ShuffleBytes-EraseBytes-
#119974	REDUCE cov: 4345 ft: 14143 corp: 1617/56Kb lim: 1037 exec/s: 13330 rss: 322Mb L: 19/698 MS: 1 EraseBytes-
#120029	REDUCE cov: 4345 ft: 14143 corp: 1617/56Kb lim: 1037 exec/s: 13336 rss: 322Mb L: 9/698 MS: 5 ShuffleBytes-ChangeBit-ChangeBinInt-ChangeBit-EraseBytes-
#120320	NEW    cov: 4345 ft: 14144 corp: 1618/56Kb lim: 1037 exec/s: 13368 rss: 322Mb L: 49/698 MS: 1 PersAutoDict- DE: "\000\000\000\000"-
#120522	NEW    cov: 4345 ft: 14145 corp: 1619/56Kb lim: 1037 exec/s: 13391 rss: 322Mb L: 188/698 MS: 2 PersAutoDict-CopyPart- DE: "true"-
#121301	REDUCE cov: 4345 ft: 14145 corp: 1619/56Kb lim: 1037 exec/s: 13477 rss: 322Mb L: 70/698 MS: 4 CrossOver-CMP-ChangeASCIIInt-EraseBytes- DE: "\217\000\000\000"-
#121503	REDUCE cov: 4345 ft: 14147 corp: 1620/56Kb lim: 1037 exec/s: 13500 rss: 322Mb L: 21/698 MS: 2 ChangeASCIIInt-CMP- DE: "false\""-
#121754	REDUCE cov: 4345 ft: 14147 corp: 1620/56Kb lim: 1037 exec/s: 13528 rss: 322Mb L: 19/698 MS: 1 EraseBytes-
#122338	REDUCE cov: 4345 ft: 14147 corp: 1620/56Kb lim: 1037 exec/s: 13593 rss: 322Mb L: 222/698 MS: 4 ChangeBit-InsertRepeatedBytes-ChangeBinInt-EraseBytes-
#122357	REDUCE cov: 4345 ft: 14147 corp: 1620/56Kb lim: 1037 exec/s: 13595 rss: 322Mb L: 182/698 MS: 4 CopyPart-InsertRepeatedBytes-PersAutoDict-EraseBytes- DE: "\000\014"-
#122378	NEW    cov: 4345 ft: 14148 corp: 1621/56Kb lim: 1037 exec/s: 13597 rss: 322Mb L: 14/698 MS: 1 ChangeBinInt-
#122467	REDUCE cov: 4345 ft: 14148 corp: 1621/56Kb lim: 1037 exec/s: 13607 rss: 322Mb L: 19/698 MS: 4 EraseBytes-ChangeBit-ShuffleBytes-ShuffleBytes-
#122893	REDUCE cov: 4345 ft: 14148 corp: 1621/56Kb lim: 1037 exec/s: 13654 rss: 322Mb L: 15/698 MS: 1 EraseBytes-
#122894	NEW    cov: 4345 ft: 14151 corp: 1622/56Kb lim: 1037 exec/s: 13654 rss: 322Mb L: 63/698 MS: 1 CMP- DE: "fals"-
#123033	NEW    cov: 4345 ft: 14153 corp: 1623/56Kb lim: 1037 exec/s: 13670 rss: 322Mb L: 213/698 MS: 4 ChangeByte-CopyPart-PersAutoDict-PersAutoDict- DE: "\003\000\000\000\000\000\000\000"-"\377\377\377\377\377\377\377\377"-
#123036	REDUCE cov: 4345 ft: 14153 corp: 1623/56Kb lim: 1037 exec/s: 13670 rss: 322Mb L: 20/698 MS: 3 ShuffleBytes-InsertByte-EraseBytes-
#123062	REDUCE cov: 4345 ft: 14153 corp: 1623/56Kb lim: 1037 exec/s: 13673 rss: 322Mb L: 29/698 MS: 1 EraseBytes-
#123238	REDUCE cov: 4345 ft: 14153 corp: 1623/56Kb lim: 1037 exec/s: 13693 rss: 322Mb L: 129/698 MS: 1 EraseBytes-
#123264	REDUCE cov: 4345 ft: 14153 corp: 1623/56Kb lim: 1037 exec/s: 13696 rss: 322Mb L: 26/698 MS: 1 EraseBytes-
#123365	REDUCE cov: 4345 ft: 14153 corp: 1623/56Kb lim: 1037 exec/s: 13707 rss: 322Mb L: 53/698 MS: 1 EraseBytes-
#123492	REDUCE cov: 4345 ft: 14153 corp: 1623/56Kb lim: 1037 exec/s: 13721 rss: 322Mb L: 26/698 MS: 2 ChangeByte-EraseBytes-
#123548	REDUCE cov: 4345 ft: 14153 corp: 1623/56Kb lim: 1037 exec/s: 13727 rss: 322Mb L: 97/698 MS: 1 EraseBytes-
#123584	NEW    cov: 4345 ft: 14154 corp: 1624/56Kb lim: 1037 exec/s: 13731 rss: 322Mb L: 133/698 MS: 1 InsertRepeatedBytes-
#123624	REDUCE cov: 4345 ft: 14154 corp: 1624/56Kb lim: 1037 exec/s: 13736 rss: 322Mb L: 49/698 MS: 5 ShuffleBytes-ShuffleBytes-PersAutoDict-InsertRepeatedBytes-EraseBytes- DE: "\211\000\000\000"-
#124265	REDUCE cov: 4345 ft: 14154 corp: 1624/56Kb lim: 1037 exec/s: 13807 rss: 322Mb L: 96/698 MS: 1 EraseBytes-
#124311	REDUCE cov: 4345 ft: 14154 corp: 1624/56Kb lim: 1037 exec/s: 13812 rss: 322Mb L: 10/698 MS: 1 EraseBytes-
#124333	REDUCE cov: 4345 ft: 14154 corp: 1624/56Kb lim: 1037 exec/s: 13814 rss: 322Mb L: 21/698 MS: 2 ChangeBinInt-EraseBytes-
#124370	REDUCE cov: 4345 ft: 14154 corp: 1624/56Kb lim: 1037 exec/s: 13818 rss: 322Mb L: 154/698 MS: 2 ChangeByte-EraseBytes-
#124871	REDUCE cov: 4345 ft: 14154 corp: 1624/56Kb lim: 1037 exec/s: 13874 rss: 322Mb L: 62/698 MS: 1 EraseBytes-
#125072	REDUCE cov: 4345 ft: 14165 corp: 1625/56Kb lim: 1037 exec/s: 13896 rss: 322Mb L: 103/698 MS: 1 CrossOver-
#125155	NEW    cov: 4345 ft: 14167 corp: 1626/57Kb lim: 1037 exec/s: 13906 rss: 322Mb L: 127/698 MS: 3 CMP-CopyPart-InsertRepeatedBytes- DE: "fatr"-
#125246	REDUCE cov: 4345 ft: 14167 corp: 1626/57Kb lim: 1037 exec/s: 13916 rss: 322Mb L: 11/698 MS: 1 EraseBytes-
#125288	REDUCE cov: 4346 ft: 14173 corp: 1627/57Kb lim: 1037 exec/s: 13920 rss: 322Mb L: 26/698 MS: 2 CopyPart-InsertRepeatedBytes-
#125306	REDUCE cov: 4346 ft: 14173 corp: 1627/57Kb lim: 1037 exec/s: 13922 rss: 322Mb L: 6/698 MS: 3 ChangeASCIIInt-ChangeASCIIInt-EraseBytes-
#125549	REDUCE cov: 4346 ft: 14173 corp: 1627/57Kb lim: 1037 exec/s: 13949 rss: 322Mb L: 63/698 MS: 2 ChangeByte-EraseBytes-
#125633	REDUCE cov: 4346 ft: 14173 corp: 1627/57Kb lim: 1037 exec/s: 13959 rss: 322Mb L: 126/698 MS: 4 PersAutoDict-ChangeBit-PersAutoDict-EraseBytes- DE: "\003\000\000\000\000\000\000\000"-"\001\000\000\000\000\000\000\200"-
#125636	NEW    cov: 4346 ft: 14176 corp: 1628/57Kb lim: 1037 exec/s: 13959 rss: 322Mb L: 56/698 MS: 3 EraseBytes-ChangeBinInt-CrossOver-
#125767	REDUCE cov: 4346 ft: 14176 corp: 1628/57Kb lim: 1037 exec/s: 13974 rss: 322Mb L: 39/698 MS: 1 EraseBytes-
#125780	REDUCE cov: 4346 ft: 14176 corp: 1628/57Kb lim: 1037 exec/s: 13975 rss: 322Mb L: 32/698 MS: 3 ChangeByte-ChangeASCIIInt-EraseBytes-
#125821	REDUCE cov: 4346 ft: 14176 corp: 1628/57Kb lim: 1037 exec/s: 13980 rss: 322Mb L: 15/698 MS: 1 EraseBytes-
#125822	REDUCE cov: 4346 ft: 14176 corp: 1628/57Kb lim: 1037 exec/s: 13980 rss: 322Mb L: 14/698 MS: 1 EraseBytes-
#126474	NEW    cov: 4346 ft: 14177 corp: 1629/57Kb lim: 1037 exec/s: 14052 rss: 322Mb L: 320/698 MS: 2 CopyPart-CopyPart-
#126595	REDUCE cov: 4346 ft: 14177 corp: 1629/57Kb lim: 1037 exec/s: 14066 rss: 322Mb L: 39/698 MS: 1 EraseBytes-
#127011	REDUCE cov: 4346 ft: 14177 corp: 1629/57Kb lim: 1037 exec/s: 14112 rss: 322Mb L: 17/698 MS: 1 EraseBytes-
#127022	NEW    cov: 4346 ft: 14184 corp: 1630/57Kb lim: 1037 exec/s: 14113 rss: 322Mb L: 225/698 MS: 1 CopyPart-
#127518	REDUCE cov: 4346 ft: 14185 corp: 1631/57Kb lim: 1037 exec/s: 14168 rss: 322Mb L: 90/698 MS: 1 InsertRepeatedBytes-
#127539	NEW    cov: 4346 ft: 14187 corp: 1632/57Kb lim: 1037 exec/s: 14171 rss: 322Mb L: 26/698 MS: 1 ChangeByte-
#127586	REDUCE cov: 4346 ft: 14187 corp: 1632/57Kb lim: 1037 exec/s: 14176 rss: 322Mb L: 98/698 MS: 2 CopyPart-EraseBytes-
#127623	REDUCE cov: 4346 ft: 14187 corp: 1632/57Kb lim: 1037 exec/s: 14180 rss: 322Mb L: 30/698 MS: 2 CMP-EraseBytes- DE: "\003\000\000\000\000\000\000\200"-
#127624	REDUCE cov: 4346 ft: 14187 corp: 1632/57Kb lim: 1037 exec/s: 14180 rss: 322Mb L: 9/698 MS: 1 EraseBytes-
#127780	REDUCE cov: 4346 ft: 14187 corp: 1632/57Kb lim: 1037 exec/s: 14197 rss: 322Mb L: 34/698 MS: 1 CrossOver-
#128112	REDUCE cov: 4346 ft: 14187 corp: 1632/57Kb lim: 1037 exec/s: 14234 rss: 322Mb L: 99/698 MS: 2 ChangeByte-EraseBytes-
#128204	REDUCE cov: 4346 ft: 14187 corp: 1632/57Kb lim: 1037 exec/s: 14244 rss: 322Mb L: 34/698 MS: 2 ShuffleBytes-EraseBytes-
#128481	REDUCE cov: 4346 ft: 14187 corp: 1632/57Kb lim: 1037 exec/s: 14275 rss: 322Mb L: 20/698 MS: 2 ShuffleBytes-EraseBytes-
#128677	REDUCE cov: 4346 ft: 14187 corp: 1632/57Kb lim: 1037 exec/s: 14297 rss: 322Mb L: 18/698 MS: 1 EraseBytes-
#129006	REDUCE cov: 4346 ft: 14187 corp: 1632/57Kb lim: 1037 exec/s: 12900 rss: 322Mb L: 60/698 MS: 4 CMP-ChangeBit-CopyPart-EraseBytes- DE: "\001\000\000\000\000\000\000\261"-
#129087	REDUCE cov: 4346 ft: 14187 corp: 1632/57Kb lim: 1037 exec/s: 12908 rss: 322Mb L: 37/698 MS: 1 EraseBytes-
#129348	REDUCE cov: 4346 ft: 14187 corp: 1632/57Kb lim: 1037 exec/s: 12934 rss: 322Mb L: 20/698 MS: 1 EraseBytes-
#129439	NEW    cov: 4346 ft: 14188 corp: 1633/57Kb lim: 1037 exec/s: 12943 rss: 322Mb L: 207/698 MS: 1 EraseBytes-
#129565	REDUCE cov: 4346 ft: 14188 corp: 1633/57Kb lim: 1037 exec/s: 12956 rss: 322Mb L: 27/698 MS: 1 EraseBytes-
#129566	REDUCE cov: 4346 ft: 14188 corp: 1633/57Kb lim: 1037 exec/s: 12956 rss: 322Mb L: 22/698 MS: 1 EraseBytes-
#129704	REDUCE cov: 4346 ft: 14189 corp: 1634/57Kb lim: 1037 exec/s: 12970 rss: 322Mb L: 52/698 MS: 3 ChangeByte-ChangeByte-CrossOver-
#129860	REDUCE cov: 4346 ft: 14189 corp: 1634/57Kb lim: 1037 exec/s: 12986 rss: 322Mb L: 13/698 MS: 1 EraseBytes-
#129916	NEW    cov: 4348 ft: 14191 corp: 1635/57Kb lim: 1037 exec/s: 12991 rss: 322Mb L: 5/698 MS: 1 EraseBytes-
#130207	REDUCE cov: 4348 ft: 14191 corp: 1635/57Kb lim: 1037 exec/s: 13020 rss: 322Mb L: 54/698 MS: 1 EraseBytes-
#130558	NEW    cov: 4349 ft: 14193 corp: 1636/57Kb lim: 1037 exec/s: 13055 rss: 322Mb L: 27/698 MS: 1 InsertByte-
#130734	REDUCE cov: 4349 ft: 14193 corp: 1636/57Kb lim: 1037 exec/s: 13073 rss: 322Mb L: 11/698 MS: 1 EraseBytes-
#130886	REDUCE cov: 4349 ft: 14193 corp: 1636/57Kb lim: 1037 exec/s: 13088 rss: 322Mb L: 24/698 MS: 2 CMP-EraseBytes- DE: "\377\377\377\003"-
#130897	REDUCE cov: 4349 ft: 14193 corp: 1636/57Kb lim: 1037 exec/s: 13089 rss: 322Mb L: 17/698 MS: 1 EraseBytes-
#131072	pulse  cov: 4349 ft: 14193 corp: 1636/57Kb lim: 1037 exec/s: 13107 rss: 322Mb
#131094	REDUCE cov: 4349 ft: 14193 corp: 1636/57Kb lim: 1037 exec/s: 13109 rss: 322Mb L: 31/698 MS: 2 ShuffleBytes-EraseBytes-
#131125	REDUCE cov: 4349 ft: 14195 corp: 1637/57Kb lim: 1037 exec/s: 13112 rss: 322Mb L: 70/698 MS: 1 CMP- DE: "\021\000\000\000\000\000\000\000"-
#131236	REDUCE cov: 4349 ft: 14195 corp: 1637/57Kb lim: 1037 exec/s: 13123 rss: 322Mb L: 105/698 MS: 1 EraseBytes-
#131294	REDUCE cov: 4349 ft: 14196 corp: 1638/58Kb lim: 1037 exec/s: 13129 rss: 322Mb L: 129/698 MS: 3 ChangeBit-CopyPart-CopyPart-
#131585	NEW    cov: 4351 ft: 14198 corp: 1639/58Kb lim: 1037 exec/s: 13158 rss: 322Mb L: 16/698 MS: 1 CrossOver-
#131652	REDUCE cov: 4351 ft: 14198 corp: 1639/58Kb lim: 1037 exec/s: 13165 rss: 322Mb L: 15/698 MS: 2 ShuffleBytes-EraseBytes-
#131953	REDUCE cov: 4351 ft: 14198 corp: 1639/58Kb lim: 1037 exec/s: 13195 rss: 322Mb L: 34/698 MS: 1 EraseBytes-
#132029	NEW    cov: 4351 ft: 14199 corp: 1640/58Kb lim: 1037 exec/s: 13202 rss: 322Mb L: 29/698 MS: 1 CrossOver-
#132847	REDUCE cov: 4351 ft: 14199 corp: 1640/58Kb lim: 1037 exec/s: 13284 rss: 322Mb L: 8/698 MS: 3 ShuffleBytes-ChangeByte-EraseBytes-
#132976	REDUCE cov: 4351 ft: 14199 corp: 1640/58Kb lim: 1037 exec/s: 13297 rss: 322Mb L: 58/698 MS: 4 CopyPart-ChangeBit-CrossOver-EraseBytes-
#133063	REDUCE cov: 4351 ft: 14199 corp: 1640/58Kb lim: 1037 exec/s: 13306 rss: 322Mb L: 41/698 MS: 2 ChangeASCIIInt-EraseBytes-
#133254	REDUCE cov: 4351 ft: 14199 corp: 1640/58Kb lim: 1037 exec/s: 13325 rss: 322Mb L: 29/698 MS: 1 EraseBytes-
#133592	REDUCE cov: 4351 ft: 14199 corp: 1640/58Kb lim: 1037 exec/s: 13359 rss: 322Mb L: 11/698 MS: 3 InsertByte-ChangeBit-EraseBytes-
#133604	NEW    cov: 4351 ft: 14200 corp: 1641/58Kb lim: 1037 exec/s: 13360 rss: 322Mb L: 36/698 MS: 2 ChangeASCIIInt-ChangeByte-
#133665	REDUCE cov: 4351 ft: 14200 corp: 1641/58Kb lim: 1037 exec/s: 13366 rss: 322Mb L: 93/698 MS: 1 EraseBytes-
#133747	REDUCE cov: 4351 ft: 14200 corp: 1641/58Kb lim: 1037 exec/s: 13374 rss: 322Mb L: 32/698 MS: 2 ShuffleBytes-EraseBytes-
#134243	REDUCE cov: 4351 ft: 14200 corp: 1641/58Kb lim: 1037 exec/s: 13424 rss: 322Mb L: 35/698 MS: 1 EraseBytes-
#134406	REDUCE cov: 4351 ft: 14200 corp: 1641/58Kb lim: 1037 exec/s: 13440 rss: 322Mb L: 23/698 MS: 3 InsertByte-ChangeBit-EraseBytes-
#134527	REDUCE cov: 4351 ft: 14200 corp: 1641/58Kb lim: 1037 exec/s: 13452 rss: 322Mb L: 30/698 MS: 1 EraseBytes-
#134666	REDUCE cov: 4351 ft: 14200 corp: 1641/58Kb lim: 1037 exec/s: 13466 rss: 322Mb L: 32/698 MS: 4 ChangeASCIIInt-ShuffleBytes-ChangeBinInt-EraseBytes-
#134704	REDUCE cov: 4351 ft: 14200 corp: 1641/58Kb lim: 1037 exec/s: 13470 rss: 322Mb L: 40/698 MS: 3 ChangeBit-ChangeBit-EraseBytes-
#135241	REDUCE cov: 4351 ft: 14200 corp: 1641/58Kb lim: 1037 exec/s: 13524 rss: 322Mb L: 53/698 MS: 2 CrossOver-EraseBytes-
#135317	REDUCE cov: 4351 ft: 14200 corp: 1641/58Kb lim: 1037 exec/s: 13531 rss: 322Mb L: 37/698 MS: 1 EraseBytes-
#135433	REDUCE cov: 4351 ft: 14201 corp: 1642/58Kb lim: 1037 exec/s: 13543 rss: 322Mb L: 54/698 MS: 1 EraseBytes-
#135479	NEW    cov: 4351 ft: 14202 corp: 1643/58Kb lim: 1037 exec/s: 13547 rss: 322Mb L: 29/698 MS: 1 ChangeByte-
#135530	REDUCE cov: 4351 ft: 14205 corp: 1644/58Kb lim: 1037 exec/s: 13553 rss: 322Mb L: 9/698 MS: 1 EraseBytes-
#135746	REDUCE cov: 4351 ft: 14205 corp: 1644/58Kb lim: 1037 exec/s: 13574 rss: 322Mb L: 17/698 MS: 1 EraseBytes-
#136017	REDUCE cov: 4351 ft: 14205 corp: 1644/58Kb lim: 1037 exec/s: 13601 rss: 322Mb L: 10/698 MS: 1 EraseBytes-
#136183	REDUCE cov: 4351 ft: 14205 corp: 1644/58Kb lim: 1037 exec/s: 13618 rss: 322Mb L: 22/698 MS: 1 EraseBytes-
#136229	NEW    cov: 4351 ft: 14226 corp: 1645/58Kb lim: 1037 exec/s: 13622 rss: 322Mb L: 341/698 MS: 1 CopyPart-
#136560	REDUCE cov: 4351 ft: 14226 corp: 1645/58Kb lim: 1037 exec/s: 13656 rss: 322Mb L: 17/698 MS: 1 EraseBytes-
#136866	REDUCE cov: 4351 ft: 14226 corp: 1645/58Kb lim: 1037 exec/s: 13686 rss: 322Mb L: 24/698 MS: 1 EraseBytes-
#137105	REDUCE cov: 4351 ft: 14228 corp: 1646/58Kb lim: 1037 exec/s: 13710 rss: 322Mb L: 303/698 MS: 4 CrossOver-CopyPart-CrossOver-PersAutoDict- DE: "\377\377\377\377\377\377\377\377"-
#137114	REDUCE cov: 4351 ft: 14228 corp: 1646/58Kb lim: 1037 exec/s: 13711 rss: 322Mb L: 88/698 MS: 4 ChangeByte-CopyPart-ShuffleBytes-EraseBytes-
#137115	NEW    cov: 4351 ft: 14232 corp: 1647/58Kb lim: 1037 exec/s: 13711 rss: 322Mb L: 54/698 MS: 1 InsertRepeatedBytes-
#137853	REDUCE cov: 4351 ft: 14232 corp: 1647/58Kb lim: 1037 exec/s: 13785 rss: 322Mb L: 14/698 MS: 3 PersAutoDict-PersAutoDict-EraseBytes- DE: "t\\u00"-"tr\036ue"-
#137873	NEW    cov: 4351 ft: 14233 corp: 1648/58Kb lim: 1037 exec/s: 13787 rss: 322Mb L: 78/698 MS: 5 ChangeASCIIInt-CopyPart-EraseBytes-PersAutoDict-CopyPart- DE: "Urni"-
#137909	REDUCE cov: 4351 ft: 14233 corp: 1648/58Kb lim: 1037 exec/s: 13790 rss: 322Mb L: 12/698 MS: 1 EraseBytes-
#137920	REDUCE cov: 4351 ft: 14233 corp: 1648/58Kb lim: 1037 exec/s: 13792 rss: 322Mb L: 14/698 MS: 1 EraseBytes-
#138007	REDUCE cov: 4351 ft: 14233 corp: 1648/58Kb lim: 1037 exec/s: 13800 rss: 322Mb L: 4/698 MS: 2 ChangeByte-EraseBytes-
#138188	REDUCE cov: 4351 ft: 14235 corp: 1649/59Kb lim: 1037 exec/s: 13818 rss: 322Mb L: 276/698 MS: 1 CopyPart-
#138309	REDUCE cov: 4351 ft: 14235 corp: 1649/59Kb lim: 1037 exec/s: 13830 rss: 322Mb L: 50/698 MS: 1 EraseBytes-
#138450	REDUCE cov: 4351 ft: 14235 corp: 1649/59Kb lim: 1037 exec/s: 13845 rss: 322Mb L: 28/698 MS: 1 EraseBytes-
#138463	REDUCE cov: 4351 ft: 14236 corp: 1650/59Kb lim: 1037 exec/s: 13846 rss: 322Mb L: 31/698 MS: 3 ChangeByte-CopyPart-EraseBytes-
#138699	REDUCE cov: 4351 ft: 14236 corp: 1650/59Kb lim: 1037 exec/s: 13869 rss: 322Mb L: 16/698 MS: 1 EraseBytes-
#139057	REDUCE cov: 4351 ft: 14236 corp: 1650/59Kb lim: 1037 exec/s: 13905 rss: 322Mb L: 65/698 MS: 3 CrossOver-ChangeBit-EraseBytes-
#139058	REDUCE cov: 4351 ft: 14236 corp: 1650/59Kb lim: 1037 exec/s: 13905 rss: 322Mb L: 26/698 MS: 1 EraseBytes-
#139104	REDUCE cov: 4351 ft: 14236 corp: 1650/59Kb lim: 1037 exec/s: 13910 rss: 322Mb L: 37/698 MS: 1 EraseBytes-
#139491	REDUCE cov: 4351 ft: 14236 corp: 1650/59Kb lim: 1037 exec/s: 13949 rss: 322Mb L: 33/698 MS: 2 InsertByte-EraseBytes-
#139677	REDUCE cov: 4351 ft: 14236 corp: 1650/59Kb lim: 1037 exec/s: 13967 rss: 322Mb L: 101/698 MS: 1 EraseBytes-
#140049	REDUCE cov: 4351 ft: 14236 corp: 1650/59Kb lim: 1037 exec/s: 14004 rss: 322Mb L: 186/698 MS: 2 EraseBytes-CopyPart-
#140071	REDUCE cov: 4351 ft: 14236 corp: 1650/59Kb lim: 1037 exec/s: 14007 rss: 322Mb L: 33/698 MS: 2 CMP-EraseBytes- DE: "D\000\000\000"-
#140327	REDUCE cov: 4351 ft: 14236 corp: 1650/59Kb lim: 1037 exec/s: 14032 rss: 322Mb L: 32/698 MS: 1 EraseBytes-
#140535	REDUCE cov: 4351 ft: 14236 corp: 1650/59Kb lim: 1037 exec/s: 14053 rss: 322Mb L: 14/698 MS: 1 EraseBytes-
#140541	NEW    cov: 4351 ft: 14237 corp: 1651/59Kb lim: 1037 exec/s: 14054 rss: 322Mb L: 655/698 MS: 1 CopyPart-
#141123	REDUCE cov: 4351 ft: 14237 corp: 1651/59Kb lim: 1037 exec/s: 14112 rss: 322Mb L: 633/698 MS: 2 ChangeASCIIInt-EraseBytes-
#141319	REDUCE cov: 4351 ft: 14237 corp: 1651/59Kb lim: 1037 exec/s: 14131 rss: 322Mb L: 71/698 MS: 1 EraseBytes-
#141610	REDUCE cov: 4351 ft: 14237 corp: 1651/59Kb lim: 1037 exec/s: 14161 rss: 322Mb L: 44/698 MS: 1 EraseBytes-
#141963	REDUCE cov: 4351 ft: 14241 corp: 1652/59Kb lim: 1037 exec/s: 14196 rss: 322Mb L: 157/698 MS: 3 ChangeBinInt-InsertRepeatedBytes-CrossOver-
#142185	NEW    cov: 4351 ft: 14242 corp: 1653/59Kb lim: 1037 exec/s: 14218 rss: 322Mb L: 45/698 MS: 2 InsertRepeatedBytes-CrossOver-
#142262	REDUCE cov: 4351 ft: 14242 corp: 1653/59Kb lim: 1037 exec/s: 14226 rss: 322Mb L: 19/698 MS: 2 ShuffleBytes-EraseBytes-
#142403	REDUCE cov: 4351 ft: 14242 corp: 1653/59Kb lim: 1037 exec/s: 14240 rss: 322Mb L: 34/698 MS: 1 EraseBytes-
#142708	REDUCE cov: 4351 ft: 14242 corp: 1653/59Kb lim: 1037 exec/s: 14270 rss: 322Mb L: 98/698 MS: 5 CrossOver-ShuffleBytes-PersAutoDict-ChangeBit-EraseBytes- DE: "\" ,e"-
#142870	REDUCE cov: 4351 ft: 14242 corp: 1653/59Kb lim: 1037 exec/s: 14287 rss: 322Mb L: 17/698 MS: 2 InsertByte-EraseBytes-
#142936	REDUCE cov: 4351 ft: 14242 corp: 1653/59Kb lim: 1037 exec/s: 14293 rss: 322Mb L: 54/698 MS: 1 EraseBytes-
#143003	REDUCE cov: 4351 ft: 14242 corp: 1653/59Kb lim: 1037 exec/s: 14300 rss: 322Mb L: 47/698 MS: 2 PersAutoDict-EraseBytes- DE: "\211\000\000\000"-
#143034	REDUCE cov: 4351 ft: 14242 corp: 1653/59Kb lim: 1037 exec/s: 14303 rss: 322Mb L: 27/698 MS: 1 EraseBytes-
#143136	REDUCE cov: 4351 ft: 14242 corp: 1653/59Kb lim: 1037 exec/s: 14313 rss: 322Mb L: 47/698 MS: 2 CMP-EraseBytes- DE: "\376\377\377\377\377\377\377\377"-
#143202	REDUCE cov: 4351 ft: 14242 corp: 1653/59Kb lim: 1037 exec/s: 14320 rss: 322Mb L: 135/698 MS: 1 EraseBytes-
#143494	REDUCE cov: 4351 ft: 14242 corp: 1653/59Kb lim: 1037 exec/s: 14349 rss: 322Mb L: 67/698 MS: 2 ChangeASCIIInt-EraseBytes-
#143570	REDUCE cov: 4351 ft: 14242 corp: 1653/59Kb lim: 1037 exec/s: 14357 rss: 322Mb L: 28/698 MS: 1 EraseBytes-
#143682	REDUCE cov: 4351 ft: 14242 corp: 1653/59Kb lim: 1037 exec/s: 14368 rss: 322Mb L: 24/698 MS: 2 ChangeBit-EraseBytes-
#143688	REDUCE cov: 4351 ft: 14242 corp: 1653/59Kb lim: 1037 exec/s: 14368 rss: 322Mb L: 32/698 MS: 1 EraseBytes-
#144060	REDUCE cov: 4353 ft: 14244 corp: 1654/59Kb lim: 1037 exec/s: 13096 rss: 322Mb L: 8/698 MS: 2 CopyPart-EraseBytes-
#144136	REDUCE cov: 4353 ft: 14244 corp: 1654/59Kb lim: 1037 exec/s: 13103 rss: 322Mb L: 16/698 MS: 1 EraseBytes-
#144892	REDUCE cov: 4353 ft: 14244 corp: 1654/59Kb lim: 1037 exec/s: 13172 rss: 322Mb L: 48/698 MS: 1 EraseBytes-
#145695	REDUCE cov: 4353 ft: 14244 corp: 1654/59Kb lim: 1037 exec/s: 13245 rss: 322Mb L: 55/698 MS: 3 ShuffleBytes-InsertByte-EraseBytes-
#145882	REDUCE cov: 4353 ft: 14244 corp: 1654/59Kb lim: 1037 exec/s: 13262 rss: 322Mb L: 107/698 MS: 2 ChangeASCIIInt-EraseBytes-
#145923	REDUCE cov: 4353 ft: 14244 corp: 1654/59Kb lim: 1037 exec/s: 13265 rss: 322Mb L: 5/698 MS: 1 EraseBytes-
#146130	REDUCE cov: 4353 ft: 14244 corp: 1654/59Kb lim: 1037 exec/s: 13284 rss: 322Mb L: 12/698 MS: 2 ChangeBit-EraseBytes-
#146166	REDUCE cov: 4353 ft: 14244 corp: 1654/59Kb lim: 1037 exec/s: 13287 rss: 322Mb L: 20/698 MS: 1 EraseBytes-
#146503	REDUCE cov: 4353 ft: 14244 corp: 1654/59Kb lim: 1037 exec/s: 13318 rss: 322Mb L: 62/698 MS: 2 ChangeByte-EraseBytes-
#146564	REDUCE cov: 4353 ft: 14244 corp: 1654/59Kb lim: 1037 exec/s: 13324 rss: 322Mb L: 19/698 MS: 1 EraseBytes-
#146800	REDUCE cov: 4353 ft: 14244 corp: 1654/59Kb lim: 1037 exec/s: 13345 rss: 322Mb L: 12/698 MS: 1 EraseBytes-
#146816	NEW    cov: 4355 ft: 14246 corp: 1655/59Kb lim: 1037 exec/s: 13346 rss: 322Mb L: 11/698 MS: 1 EraseBytes-
#147027	REDUCE cov: 4355 ft: 14246 corp: 1655/59Kb lim: 1037 exec/s: 13366 rss: 322Mb L: 24/698 MS: 1 EraseBytes-
#147309	REDUCE cov: 4355 ft: 14246 corp: 1655/59Kb lim: 1037 exec/s: 13391 rss: 322Mb L: 133/698 MS: 2 PersAutoDict-EraseBytes- DE: "Urni"-
#147382	REDUCE cov: 4355 ft: 14246 corp: 1655/59Kb lim: 1037 exec/s: 13398 rss: 322Mb L: 26/698 MS: 3 CrossOver-EraseBytes-EraseBytes-
#147423	REDUCE cov: 4355 ft: 14246 corp: 1655/59Kb lim: 1037 exec/s: 13402 rss: 322Mb L: 34/698 MS: 1 EraseBytes-
#147700	REDUCE cov: 4355 ft: 14246 corp: 1655/59Kb lim: 1037 exec/s: 13427 rss: 322Mb L: 93/698 MS: 2 InsertByte-EraseBytes-
#147776	REDUCE cov: 4355 ft: 14246 corp: 1655/59Kb lim: 1037 exec/s: 13434 rss: 322Mb L: 13/698 MS: 1 EraseBytes-
#147882	NEW    cov: 4355 ft: 14247 corp: 1656/59Kb lim: 1037 exec/s: 13443 rss: 322Mb L: 49/698 MS: 1 CopyPart-
#147924	REDUCE cov: 4355 ft: 14247 corp: 1656/59Kb lim: 1037 exec/s: 13447 rss: 322Mb L: 64/698 MS: 2 InsertByte-EraseBytes-
#147951	NEW    cov: 4355 ft: 14248 corp: 1657/59Kb lim: 1037 exec/s: 13450 rss: 322Mb L: 166/698 MS: 2 ChangeByte-CopyPart-
#148056	REDUCE cov: 4355 ft: 14248 corp: 1657/59Kb lim: 1037 exec/s: 13459 rss: 322Mb L: 51/698 MS: 5 PersAutoDict-InsertByte-EraseBytes-ChangeBinInt-CopyPart- DE: "true"-
#148064	REDUCE cov: 4355 ft: 14248 corp: 1657/59Kb lim: 1037 exec/s: 13460 rss: 322Mb L: 22/698 MS: 3 ChangeBit-InsertByte-EraseBytes-
#148135	REDUCE cov: 4355 ft: 14248 corp: 1657/59Kb lim: 1037 exec/s: 13466 rss: 322Mb L: 56/698 MS: 1 EraseBytes-
#148237	REDUCE cov: 4355 ft: 14248 corp: 1657/59Kb lim: 1037 exec/s: 13476 rss: 322Mb L: 203/698 MS: 2 CMP-EraseBytes- DE: "\000\000\000\000\000\000\000\011"-
#148384	REDUCE cov: 4355 ft: 14248 corp: 1657/59Kb lim: 1037 exec/s: 13489 rss: 322Mb L: 7/698 MS: 2 EraseBytes-EraseBytes-
#148425	REDUCE cov: 4355 ft: 14248 corp: 1657/59Kb lim: 1037 exec/s: 13493 rss: 322Mb L: 28/698 MS: 1 EraseBytes-
#148436	REDUCE cov: 4355 ft: 14248 corp: 1657/59Kb lim: 1037 exec/s: 13494 rss: 322Mb L: 18/698 MS: 1 EraseBytes-
#148442	NEW    cov: 4355 ft: 14303 corp: 1658/59Kb lim: 1037 exec/s: 13494 rss: 322Mb L: 93/698 MS: 1 CopyPart-
#148525	REDUCE cov: 4355 ft: 14305 corp: 1659/59Kb lim: 1037 exec/s: 13502 rss: 322Mb L: 230/698 MS: 3 ChangeBinInt-ChangeBit-PersAutoDict- DE: "\003\000\000\000\000\000\000\000"-
#148746	REDUCE cov: 4355 ft: 14305 corp: 1659/59Kb lim: 1037 exec/s: 13522 rss: 322Mb L: 31/698 MS: 1 EraseBytes-
#148927	REDUCE cov: 4355 ft: 14305 corp: 1659/59Kb lim: 1037 exec/s: 13538 rss: 322Mb L: 10/698 MS: 1 EraseBytes-
#148985	REDUCE cov: 4355 ft: 14305 corp: 1659/59Kb lim: 1037 exec/s: 13544 rss: 322Mb L: 39/698 MS: 3 ChangeASCIIInt-CopyPart-EraseBytes-
#149036	REDUCE cov: 4355 ft: 14306 corp: 1660/60Kb lim: 1037 exec/s: 13548 rss: 322Mb L: 141/698 MS: 1 CopyPart-
#149063	NEW    cov: 4355 ft: 14308 corp: 1661/60Kb lim: 1037 exec/s: 13551 rss: 322Mb L: 10/698 MS: 2 CopyPart-ShuffleBytes-
#149092	REDUCE cov: 4355 ft: 14308 corp: 1661/60Kb lim: 1037 exec/s: 13553 rss: 322Mb L: 129/698 MS: 4 EraseBytes-ChangeASCIIInt-ChangeASCIIInt-InsertByte-
#149153	REDUCE cov: 4355 ft: 14308 corp: 1661/60Kb lim: 1037 exec/s: 13559 rss: 322Mb L: 12/698 MS: 1 EraseBytes-
#149167	NEW    cov: 4355 ft: 14309 corp: 1662/60Kb lim: 1037 exec/s: 13560 rss: 322Mb L: 83/698 MS: 4 ChangeByte-CMP-ShuffleBytes-EraseBytes- DE: "\001\000\000\020"-
#149323	REDUCE cov: 4355 ft: 14309 corp: 1662/60Kb lim: 1037 exec/s: 13574 rss: 322Mb L: 10/698 MS: 1 EraseBytes-
#149450	NEW    cov: 4355 ft: 14311 corp: 1663/60Kb lim: 1037 exec/s: 13586 rss: 322Mb L: 11/698 MS: 2 ChangeByte-EraseBytes-
#149776	REDUCE cov: 4355 ft: 14311 corp: 1663/60Kb lim: 1037 exec/s: 13616 rss: 322Mb L: 3/698 MS: 1 EraseBytes-
#150707	REDUCE cov: 4355 ft: 14311 corp: 1663/60Kb lim: 1037 exec/s: 13700 rss: 322Mb L: 24/698 MS: 1 EraseBytes-
#150785	REDUCE cov: 4355 ft: 14311 corp: 1663/60Kb lim: 1037 exec/s: 13707 rss: 322Mb L: 72/698 MS: 3 InsertRepeatedBytes-InsertByte-EraseBytes-
#150862	REDUCE cov: 4355 ft: 14311 corp: 1663/60Kb lim: 1037 exec/s: 13714 rss: 322Mb L: 19/698 MS: 2 ChangeASCIIInt-EraseBytes-
#150939	REDUCE cov: 4355 ft: 14311 corp: 1663/60Kb lim: 1037 exec/s: 13721 rss: 322Mb L: 77/698 MS: 2 ChangeBit-EraseBytes-
#151315	REDUCE cov: 4355 ft: 14311 corp: 1663/60Kb lim: 1037 exec/s: 13755 rss: 322Mb L: 19/698 MS: 1 EraseBytes-
#151633	REDUCE cov: 4355 ft: 14311 corp: 1663/60Kb lim: 1037 exec/s: 13784 rss: 322Mb L: 8/698 MS: 3 ChangeBit-ChangeByte-EraseBytes-
#152284	REDUCE cov: 4355 ft: 14311 corp: 1663/60Kb lim: 1037 exec/s: 13844 rss: 322Mb L: 49/698 MS: 1 EraseBytes-
#152511	REDUCE cov: 4355 ft: 14311 corp: 1663/60Kb lim: 1037 exec/s: 13864 rss: 322Mb L: 22/698 MS: 2 ShuffleBytes-EraseBytes-
#152718	REDUCE cov: 4355 ft: 14311 corp: 1663/60Kb lim: 1037 exec/s: 13883 rss: 322Mb L: 58/698 MS: 2 InsertByte-EraseBytes-
#152889	REDUCE cov: 4355 ft: 14311 corp: 1663/60Kb lim: 1037 exec/s: 13899 rss: 322Mb L: 17/698 MS: 1 EraseBytes-
#153106	NEW    cov: 4355 ft: 14312 corp: 1664/60Kb lim: 1037 exec/s: 13918 rss: 322Mb L: 186/698 MS: 2 ChangeASCIIInt-CopyPart-
#153152	REDUCE cov: 4355 ft: 14312 corp: 1664/60Kb lim: 1037 exec/s: 13922 rss: 322Mb L: 9/698 MS: 1 EraseBytes-
#153164	REDUCE cov: 4355 ft: 14312 corp: 1664/60Kb lim: 1037 exec/s: 13924 rss: 322Mb L: 109/698 MS: 2 EraseBytes-PersAutoDict- DE: "\001\000\000\020"-
#153166	NEW    cov: 4355 ft: 14314 corp: 1665/60Kb lim: 1037 exec/s: 13924 rss: 322Mb L: 27/698 MS: 2 InsertByte-CrossOver-
#153178	REDUCE cov: 4355 ft: 14314 corp: 1665/60Kb lim: 1037 exec/s: 13925 rss: 322Mb L: 36/698 MS: 2 ChangeASCIIInt-CrossOver-
#153755	REDUCE cov: 4355 ft: 14314 corp: 1665/60Kb lim: 1037 exec/s: 13977 rss: 322Mb L: 17/698 MS: 2 CrossOver-EraseBytes-
#153787	REDUCE cov: 4355 ft: 14314 corp: 1665/60Kb lim: 1037 exec/s: 13980 rss: 322Mb L: 11/698 MS: 2 ChangeBit-EraseBytes-
#154203	REDUCE cov: 4355 ft: 14314 corp: 1665/60Kb lim: 1037 exec/s: 14018 rss: 322Mb L: 85/698 MS: 1 EraseBytes-
#154224	REDUCE cov: 4355 ft: 14314 corp: 1665/60Kb lim: 1037 exec/s: 14020 rss: 322Mb L: 30/698 MS: 1 EraseBytes-
#154435	REDUCE cov: 4355 ft: 14314 corp: 1665/60Kb lim: 1037 exec/s: 14039 rss: 322Mb L: 49/698 MS: 1 EraseBytes-
#154611	REDUCE cov: 4355 ft: 14314 corp: 1665/60Kb lim: 1037 exec/s: 14055 rss: 322Mb L: 14/698 MS: 1 EraseBytes-
#154852	NEW    cov: 4355 ft: 14318 corp: 1666/60Kb lim: 1037 exec/s: 14077 rss: 322Mb L: 119/698 MS: 1 InsertRepeatedBytes-
#154960	REDUCE cov: 4355 ft: 14321 corp: 1667/61Kb lim: 1037 exec/s: 14087 rss: 322Mb L: 837/837 MS: 3 ChangeBit-PersAutoDict-CopyPart- DE: "\000\000\000\000\000\000\000\011"-
#155088	REDUCE cov: 4355 ft: 14321 corp: 1667/61Kb lim: 1037 exec/s: 14098 rss: 322Mb L: 33/837 MS: 3 CopyPart-CrossOver-CrossOver-
#155185	REDUCE cov: 4355 ft: 14321 corp: 1667/61Kb lim: 1037 exec/s: 14107 rss: 322Mb L: 10/837 MS: 1 EraseBytes-
#155381	REDUCE cov: 4355 ft: 14321 corp: 1667/61Kb lim: 1037 exec/s: 14125 rss: 322Mb L: 215/837 MS: 1 EraseBytes-
#155822	REDUCE cov: 4355 ft: 14321 corp: 1667/61Kb lim: 1037 exec/s: 14165 rss: 322Mb L: 27/837 MS: 1 EraseBytes-
#156006	REDUCE cov: 4355 ft: 14321 corp: 1667/61Kb lim: 1037 exec/s: 14182 rss: 322Mb L: 297/837 MS: 4 InsertRepeatedBytes-InsertByte-ShuffleBytes-EraseBytes-
#156678	NEW    cov: 4355 ft: 14322 corp: 1668/61Kb lim: 1037 exec/s: 14243 rss: 322Mb L: 341/837 MS: 2 PersAutoDict-CopyPart- DE: "fE0"-
#156693	REDUCE cov: 4355 ft: 14322 corp: 1668/61Kb lim: 1037 exec/s: 14244 rss: 322Mb L: 207/837 MS: 5 ChangeASCIIInt-ChangeBinInt-ChangeASCIIInt-InsertByte-EraseBytes-
#157439	REDUCE cov: 4355 ft: 14322 corp: 1668/61Kb lim: 1037 exec/s: 14312 rss: 322Mb L: 16/837 MS: 1 EraseBytes-
#158011	REDUCE cov: 4355 ft: 14322 corp: 1668/61Kb lim: 1037 exec/s: 14364 rss: 322Mb L: 41/837 MS: 2 ShuffleBytes-EraseBytes-
#158169	NEW    cov: 4355 ft: 14407 corp: 1669/61Kb lim: 1037 exec/s: 13180 rss: 322Mb L: 261/837 MS: 3 ChangeByte-ChangeByte-CopyPart-
#158247	REDUCE cov: 4355 ft: 14407 corp: 1669/61Kb lim: 1037 exec/s: 13187 rss: 322Mb L: 24/837 MS: 3 ChangeBinInt-ChangeBit-EraseBytes-
#158313	REDUCE cov: 4355 ft: 14407 corp: 1669/61Kb lim: 1037 exec/s: 13192 rss: 322Mb L: 12/837 MS: 1 EraseBytes-
#158498	REDUCE cov: 4355 ft: 14407 corp: 1669/61Kb lim: 1037 exec/s: 13208 rss: 322Mb L: 139/837 MS: 5 ChangeASCIIInt-ChangeBit-EraseBytes-ChangeASCIIInt-ChangeBinInt-
#158619	REDUCE cov: 4355 ft: 14407 corp: 1669/61Kb lim: 1037 exec/s: 13218 rss: 322Mb L: 29/837 MS: 1 EraseBytes-
#158965	REDUCE cov: 4355 ft: 14407 corp: 1669/61Kb lim: 1037 exec/s: 13247 rss: 322Mb L: 12/837 MS: 1 EraseBytes-
#159719	REDUCE cov: 4355 ft: 14408 corp: 1670/61Kb lim: 1037 exec/s: 13309 rss: 322Mb L: 91/837 MS: 4 ChangeBit-ChangeASCIIInt-InsertRepeatedBytes-CopyPart-
#159815	REDUCE cov: 4355 ft: 14408 corp: 1670/61Kb lim: 1037 exec/s: 13317 rss: 322Mb L: 66/837 MS: 1 EraseBytes-
#159936	REDUCE cov: 4355 ft: 14408 corp: 1670/61Kb lim: 1037 exec/s: 13328 rss: 322Mb L: 622/837 MS: 1 CrossOver-
#159963	REDUCE cov: 4355 ft: 14408 corp: 1670/61Kb lim: 1037 exec/s: 13330 rss: 322Mb L: 140/837 MS: 2 ChangeASCIIInt-EraseBytes-
#160104	NEW    cov: 4355 ft: 14410 corp: 1671/61Kb lim: 1037 exec/s: 13342 rss: 322Mb L: 33/837 MS: 1 CopyPart-
#160142	REDUCE cov: 4355 ft: 14410 corp: 1671/61Kb lim: 1037 exec/s: 13345 rss: 322Mb L: 48/837 MS: 3 InsertByte-ChangeASCIIInt-EraseBytes-
#160308	REDUCE cov: 4355 ft: 14410 corp: 1671/61Kb lim: 1037 exec/s: 13359 rss: 322Mb L: 16/837 MS: 1 EraseBytes-
#160429	REDUCE cov: 4355 ft: 14410 corp: 1671/61Kb lim: 1037 exec/s: 13369 rss: 322Mb L: 24/837 MS: 1 EraseBytes-
#160430	NEW    cov: 4355 ft: 14411 corp: 1672/61Kb lim: 1037 exec/s: 13369 rss: 322Mb L: 71/837 MS: 1 ShuffleBytes-
#160491	REDUCE cov: 4355 ft: 14411 corp: 1672/61Kb lim: 1037 exec/s: 13374 rss: 322Mb L: 52/837 MS: 1 EraseBytes-
#160802	REDUCE cov: 4355 ft: 14411 corp: 1672/61Kb lim: 1037 exec/s: 13400 rss: 322Mb L: 8/837 MS: 1 EraseBytes-
#160811	REDUCE cov: 4355 ft: 14412 corp: 1673/61Kb lim: 1037 exec/s: 13400 rss: 322Mb L: 128/837 MS: 4 CMP-CrossOver-ChangeByte-CopyPart- DE: "\003\000\000\000\000\000\000\000"-
#160837	REDUCE cov: 4355 ft: 14414 corp: 1674/61Kb lim: 1037 exec/s: 13403 rss: 322Mb L: 35/837 MS: 1 CrossOver-
#160995	REDUCE cov: 4355 ft: 14414 corp: 1674/61Kb lim: 1037 exec/s: 13416 rss: 322Mb L: 6/837 MS: 3 CopyPart-ChangeBit-EraseBytes-
#161230	REDUCE cov: 4355 ft: 14414 corp: 1674/61Kb lim: 1037 exec/s: 13435 rss: 322Mb L: 106/837 MS: 5 ChangeBinInt-ChangeASCIIInt-CMP-PersAutoDict-EraseBytes- DE: "true"-".\000\000\000"-
#161266	REDUCE cov: 4355 ft: 14415 corp: 1675/61Kb lim: 1037 exec/s: 13438 rss: 322Mb L: 222/837 MS: 1 ChangeBinInt-
#161267	REDUCE cov: 4355 ft: 14415 corp: 1675/61Kb lim: 1037 exec/s: 13438 rss: 322Mb L: 24/837 MS: 1 EraseBytes-
#161289	REDUCE cov: 4355 ft: 14415 corp: 1675/61Kb lim: 1037 exec/s: 13440 rss: 322Mb L: 37/837 MS: 2 ShuffleBytes-EraseBytes-
#161476	REDUCE cov: 4355 ft: 14415 corp: 1675/61Kb lim: 1037 exec/s: 13456 rss: 322Mb L: 18/837 MS: 2 ChangeBit-EraseBytes-
#161522	REDUCE cov: 4355 ft: 14415 corp: 1675/61Kb lim: 1037 exec/s: 13460 rss: 322Mb L: 9/837 MS: 1 EraseBytes-
#161553	REDUCE cov: 4355 ft: 14415 corp: 1675/61Kb lim: 1037 exec/s: 13462 rss: 322Mb L: 24/837 MS: 1 EraseBytes-
#161604	REDUCE cov: 4355 ft: 14415 corp: 1675/61Kb lim: 1037 exec/s: 13467 rss: 322Mb L: 299/837 MS: 1 EraseBytes-
#161640	REDUCE cov: 4355 ft: 14415 corp: 1675/61Kb lim: 1037 exec/s: 13470 rss: 322Mb L: 30/837 MS: 1 EraseBytes-
#162146	REDUCE cov: 4355 ft: 14415 corp: 1675/61Kb lim: 1037 exec/s: 13512 rss: 322Mb L: 8/837 MS: 1 EraseBytes-
#162333	REDUCE cov: 4355 ft: 14415 corp: 1675/61Kb lim: 1037 exec/s: 13527 rss: 322Mb L: 42/837 MS: 2 ChangeBit-EraseBytes-
#162469	REDUCE cov: 4355 ft: 14415 corp: 1675/61Kb lim: 1037 exec/s: 13539 rss: 322Mb L: 14/837 MS: 1 EraseBytes-
#162590	REDUCE cov: 4355 ft: 14415 corp: 1675/61Kb lim: 1037 exec/s: 13549 rss: 322Mb L: 15/837 MS: 1 EraseBytes-
#162607	REDUCE cov: 4355 ft: 14415 corp: 1675/61Kb lim: 1037 exec/s: 13550 rss: 322Mb L: 152/837 MS: 2 PersAutoDict-EraseBytes- DE: "tr\036ue"-
#162704	REDUCE cov: 4355 ft: 14415 corp: 1675/61Kb lim: 1037 exec/s: 13558 rss: 322Mb L: 48/837 MS: 2 CrossOver-EraseBytes-
#163131	REDUCE cov: 4355 ft: 14415 corp: 1675/61Kb lim: 1037 exec/s: 13594 rss: 322Mb L: 8/837 MS: 2 ChangeBit-EraseBytes-
#163144	REDUCE cov: 4355 ft: 14415 corp: 1675/61Kb lim: 1037 exec/s: 13595 rss: 322Mb L: 202/837 MS: 3 ChangeBit-InsertRepeatedBytes-EraseBytes-
#163160	REDUCE cov: 4355 ft: 14415 corp: 1675/61Kb lim: 1037 exec/s: 13596 rss: 322Mb L: 53/837 MS: 1 EraseBytes-
#163517	REDUCE cov: 4355 ft: 14415 corp: 1675/61Kb lim: 1037 exec/s: 13626 rss: 322Mb L: 7/837 MS: 2 PersAutoDict-EraseBytes- DE: "\000\014"-
#163729	REDUCE cov: 4355 ft: 14415 corp: 1675/61Kb lim: 1037 exec/s: 13644 rss: 322Mb L: 65/837 MS: 2 ChangeASCIIInt-EraseBytes-
#163775	REDUCE cov: 4355 ft: 14415 corp: 1675/61Kb lim: 1037 exec/s: 13647 rss: 322Mb L: 16/837 MS: 1 EraseBytes-
#163776	REDUCE cov: 4355 ft: 14415 corp: 1675/61Kb lim: 1037 exec/s: 13648 rss: 322Mb L: 175/837 MS: 1 EraseBytes-
#163823	REDUCE cov: 4355 ft: 14415 corp: 1675/61Kb lim: 1037 exec/s: 13651 rss: 322Mb L: 22/837 MS: 2 EraseBytes-ChangeBinInt-
#164091	REDUCE cov: 4355 ft: 14415 corp: 1675/61Kb lim: 1037 exec/s: 13674 rss: 322Mb L: 120/837 MS: 3 ChangeASCIIInt-InsertRepeatedBytes-EraseBytes-
#164278	REDUCE cov: 4355 ft: 14415 corp: 1675/61Kb lim: 1037 exec/s: 13689 rss: 322Mb L: 25/837 MS: 2 CopyPart-EraseBytes-
#164474	REDUCE cov: 4355 ft: 14415 corp: 1675/61Kb lim: 1037 exec/s: 13706 rss: 322Mb L: 36/837 MS: 1 EraseBytes-
#164665	REDUCE cov: 4355 ft: 14415 corp: 1675/61Kb lim: 1037 exec/s: 13722 rss: 322Mb L: 25/837 MS: 1 EraseBytes-
#164683	REDUCE cov: 4355 ft: 14415 corp: 1675/61Kb lim: 1037 exec/s: 13723 rss: 322Mb L: 47/837 MS: 3 ChangeBinInt-ShuffleBytes-EraseBytes-
#164705	REDUCE cov: 4355 ft: 14415 corp: 1675/61Kb lim: 1037 exec/s: 13725 rss: 322Mb L: 10/837 MS: 2 CrossOver-EraseBytes-
#164738	NEW    cov: 4355 ft: 14416 corp: 1676/61Kb lim: 1037 exec/s: 13728 rss: 322Mb L: 50/837 MS: 3 ChangeBit-CMP-ChangeBit- DE: "0\000"-
#165004	REDUCE cov: 4355 ft: 14416 corp: 1676/61Kb lim: 1037 exec/s: 13750 rss: 322Mb L: 29/837 MS: 1 EraseBytes-
#165045	REDUCE cov: 4355 ft: 14416 corp: 1676/61Kb lim: 1037 exec/s: 13753 rss: 322Mb L: 73/837 MS: 1 EraseBytes-
#165071	REDUCE cov: 4355 ft: 14416 corp: 1676/61Kb lim: 1037 exec/s: 13755 rss: 322Mb L: 40/837 MS: 1 EraseBytes-
#165603	REDUCE cov: 4355 ft: 14416 corp: 1676/61Kb lim: 1037 exec/s: 13800 rss: 322Mb L: 20/837 MS: 2 ChangeByte-EraseBytes-
#165805	NEW    cov: 4355 ft: 14417 corp: 1677/61Kb lim: 1037 exec/s: 13817 rss: 322Mb L: 71/837 MS: 2 ChangeASCIIInt-ChangeBit-
#166166	REDUCE cov: 4355 ft: 14417 corp: 1677/61Kb lim: 1037 exec/s: 13847 rss: 322Mb L: 30/837 MS: 1 EraseBytes-
#166427	REDUCE cov: 4355 ft: 14417 corp: 1677/61Kb lim: 1037 exec/s: 13868 rss: 322Mb L: 68/837 MS: 1 EraseBytes-
#166454	REDUCE cov: 4355 ft: 14417 corp: 1677/61Kb lim: 1037 exec/s: 13871 rss: 322Mb L: 43/837 MS: 2 CopyPart-EraseBytes-
#166580	REDUCE cov: 4355 ft: 14417 corp: 1677/61Kb lim: 1037 exec/s: 13881 rss: 322Mb L: 226/837 MS: 1 EraseBytes-
#166597	REDUCE cov: 4355 ft: 14417 corp: 1677/61Kb lim: 1037 exec/s: 13883 rss: 322Mb L: 10/837 MS: 2 ChangeBit-EraseBytes-
#166693	REDUCE cov: 4355 ft: 14417 corp: 1677/61Kb lim: 1037 exec/s: 13891 rss: 322Mb L: 35/837 MS: 1 EraseBytes-
#166699	REDUCE cov: 4355 ft: 14417 corp: 1677/61Kb lim: 1037 exec/s: 13891 rss: 322Mb L: 40/837 MS: 1 EraseBytes-
#167085	REDUCE cov: 4355 ft: 14417 corp: 1677/61Kb lim: 1037 exec/s: 13923 rss: 322Mb L: 94/837 MS: 1 EraseBytes-
#167206	REDUCE cov: 4355 ft: 14417 corp: 1677/61Kb lim: 1037 exec/s: 13933 rss: 322Mb L: 21/837 MS: 1 EraseBytes-
#167239	REDUCE cov: 4355 ft: 14417 corp: 1677/61Kb lim: 1037 exec/s: 13936 rss: 322Mb L: 24/837 MS: 3 ChangeByte-CMP-EraseBytes- DE: "New"-
#167430	REDUCE cov: 4355 ft: 14417 corp: 1677/61Kb lim: 1037 exec/s: 13952 rss: 322Mb L: 10/837 MS: 1 EraseBytes-
#167596	REDUCE cov: 4355 ft: 14417 corp: 1677/61Kb lim: 1037 exec/s: 13966 rss: 322Mb L: 30/837 MS: 1 EraseBytes-
#167967	REDUCE cov: 4355 ft: 14417 corp: 1677/61Kb lim: 1037 exec/s: 13997 rss: 322Mb L: 41/837 MS: 1 EraseBytes-
#168538	REDUCE cov: 4355 ft: 14417 corp: 1677/61Kb lim: 1037 exec/s: 14044 rss: 322Mb L: 88/837 MS: 1 EraseBytes-
#168614	REDUCE cov: 4355 ft: 14417 corp: 1677/61Kb lim: 1037 exec/s: 14051 rss: 322Mb L: 19/837 MS: 1 EraseBytes-
#169292	REDUCE cov: 4355 ft: 14417 corp: 1677/61Kb lim: 1037 exec/s: 14107 rss: 322Mb L: 84/837 MS: 3 ChangeBit-InsertByte-EraseBytes-
#169723	REDUCE cov: 4355 ft: 14417 corp: 1677/61Kb lim: 1037 exec/s: 14143 rss: 322Mb L: 9/837 MS: 1 EraseBytes-
#170079	REDUCE cov: 4355 ft: 14417 corp: 1677/61Kb lim: 1037 exec/s: 14173 rss: 322Mb L: 20/837 MS: 4 ShuffleBytes-CopyPart-ChangeByte-EraseBytes-
#170295	REDUCE cov: 4355 ft: 14417 corp: 1677/61Kb lim: 1037 exec/s: 14191 rss: 322Mb L: 19/837 MS: 1 EraseBytes-
#170301	REDUCE cov: 4355 ft: 14417 corp: 1677/61Kb lim: 1037 exec/s: 14191 rss: 322Mb L: 20/837 MS: 1 EraseBytes-
#170334	REDUCE cov: 4355 ft: 14417 corp: 1677/61Kb lim: 1037 exec/s: 14194 rss: 322Mb L: 144/837 MS: 3 CMP-ChangeByte-EraseBytes- DE: "ue"-
#170335	REDUCE cov: 4355 ft: 14421 corp: 1678/61Kb lim: 1037 exec/s: 14194 rss: 322Mb L: 47/837 MS: 1 PersAutoDict- DE: "\003]\005\000\020\000\000\000"-
#170386	REDUCE cov: 4355 ft: 14421 corp: 1678/61Kb lim: 1037 exec/s: 14198 rss: 322Mb L: 145/837 MS: 1 EraseBytes-
#171002	REDUCE cov: 4355 ft: 14421 corp: 1678/61Kb lim: 1037 exec/s: 14250 rss: 322Mb L: 15/837 MS: 1 EraseBytes-
#171195	REDUCE cov: 4355 ft: 14421 corp: 1678/61Kb lim: 1037 exec/s: 14266 rss: 322Mb L: 66/837 MS: 3 ShuffleBytes-ShuffleBytes-EraseBytes-
#171276	REDUCE cov: 4355 ft: 14421 corp: 1678/61Kb lim: 1037 exec/s: 14273 rss: 322Mb L: 45/837 MS: 1 EraseBytes-
#171352	REDUCE cov: 4355 ft: 14421 corp: 1678/61Kb lim: 1037 exec/s: 14279 rss: 322Mb L: 91/837 MS: 1 EraseBytes-
#171498	REDUCE cov: 4355 ft: 14421 corp: 1678/61Kb lim: 1037 exec/s: 14291 rss: 322Mb L: 14/837 MS: 1 EraseBytes-
#171631	REDUCE cov: 4355 ft: 14421 corp: 1678/61Kb lim: 1037 exec/s: 14302 rss: 322Mb L: 55/837 MS: 3 ChangeASCIIInt-ChangeByte-EraseBytes-
#171691	NEW    cov: 4355 ft: 14422 corp: 1679/61Kb lim: 1037 exec/s: 14307 rss: 322Mb L: 231/837 MS: 5 ChangeASCIIInt-EraseBytes-CrossOver-EraseBytes-CrossOver-
#171724	REDUCE cov: 4355 ft: 14422 corp: 1679/61Kb lim: 1037 exec/s: 14310 rss: 322Mb L: 9/837 MS: 3 ChangeBinInt-ShuffleBytes-EraseBytes-
#172070	REDUCE cov: 4355 ft: 14422 corp: 1679/61Kb lim: 1037 exec/s: 14339 rss: 322Mb L: 83/837 MS: 1 EraseBytes-
#172180	REDUCE cov: 4355 ft: 14422 corp: 1679/61Kb lim: 1037 exec/s: 14348 rss: 322Mb L: 42/837 MS: 5 PersAutoDict-ChangeBit-ChangeByte-EraseBytes-PersAutoDict- DE: "\004b"-"\012\020<\001"-
#172361	NEW    cov: 4355 ft: 14424 corp: 1680/61Kb lim: 1037 exec/s: 14363 rss: 322Mb L: 17/837 MS: 1 CopyPart-
#172438	REDUCE cov: 4355 ft: 14424 corp: 1680/61Kb lim: 1037 exec/s: 14369 rss: 322Mb L: 42/837 MS: 2 CopyPart-EraseBytes-
#172467	REDUCE cov: 4355 ft: 14425 corp: 1681/61Kb lim: 1037 exec/s: 14372 rss: 322Mb L: 23/837 MS: 4 ChangeByte-ChangeASCIIInt-CMP-EraseBytes- DE: "\024\000"-
#172885	REDUCE cov: 4355 ft: 14425 corp: 1681/61Kb lim: 1037 exec/s: 13298 rss: 322Mb L: 7/837 MS: 3 InsertRepeatedBytes-ChangeBit-CrossOver-
#172941	NEW    cov: 4355 ft: 14433 corp: 1682/61Kb lim: 1037 exec/s: 13303 rss: 322Mb L: 89/837 MS: 1 InsertRepeatedBytes-
#173198	NEW    cov: 4355 ft: 14434 corp: 1683/61Kb lim: 1037 exec/s: 13322 rss: 322Mb L: 126/837 MS: 2 ShuffleBytes-InsertRepeatedBytes-
#173249	REDUCE cov: 4355 ft: 14435 corp: 1684/62Kb lim: 1037 exec/s: 13326 rss: 322Mb L: 27/837 MS: 1 CopyPart-
#173260	REDUCE cov: 4355 ft: 14435 corp: 1684/62Kb lim: 1037 exec/s: 13327 rss: 322Mb L: 13/837 MS: 1 EraseBytes-
#173436	REDUCE cov: 4355 ft: 14435 corp: 1684/62Kb lim: 1037 exec/s: 13341 rss: 322Mb L: 30/837 MS: 1 EraseBytes-
#173532	NEW    cov: 4355 ft: 14451 corp: 1685/62Kb lim: 1037 exec/s: 13348 rss: 322Mb L: 133/837 MS: 1 CopyPart-
#173658	REDUCE cov: 4355 ft: 14451 corp: 1685/62Kb lim: 1037 exec/s: 13358 rss: 322Mb L: 22/837 MS: 1 EraseBytes-
#173659	REDUCE cov: 4355 ft: 14451 corp: 1685/62Kb lim: 1037 exec/s: 13358 rss: 322Mb L: 17/837 MS: 1 EraseBytes-
#173675	REDUCE cov: 4355 ft: 14451 corp: 1685/62Kb lim: 1037 exec/s: 13359 rss: 322Mb L: 19/837 MS: 1 EraseBytes-
#174611	REDUCE cov: 4355 ft: 14451 corp: 1685/62Kb lim: 1037 exec/s: 13431 rss: 322Mb L: 23/837 MS: 1 EraseBytes-
#174649	NEW    cov: 4355 ft: 14454 corp: 1686/62Kb lim: 1037 exec/s: 13434 rss: 322Mb L: 96/837 MS: 3 ChangeASCIIInt-EraseBytes-InsertRepeatedBytes-
#174732	REDUCE cov: 4355 ft: 14454 corp: 1686/62Kb lim: 1037 exec/s: 13440 rss: 322Mb L: 76/837 MS: 3 InsertByte-ChangeBit-EraseBytes-
#175098	REDUCE cov: 4355 ft: 14454 corp: 1686/62Kb lim: 1037 exec/s: 13469 rss: 322Mb L: 13/837 MS: 1 EraseBytes-
#175184	REDUCE cov: 4355 ft: 14454 corp: 1686/62Kb lim: 1037 exec/s: 13475 rss: 322Mb L: 37/837 MS: 1 EraseBytes-
#175914	REDUCE cov: 4355 ft: 14454 corp: 1686/62Kb lim: 1037 exec/s: 13531 rss: 322Mb L: 13/837 MS: 5 CMP-ChangeByte-EraseBytes-ChangeBit-EraseBytes- DE: "\357\341\177\303"-
#175951	REDUCE cov: 4355 ft: 14454 corp: 1686/62Kb lim: 1037 exec/s: 13534 rss: 322Mb L: 24/837 MS: 2 ShuffleBytes-EraseBytes-
#175988	REDUCE cov: 4355 ft: 14454 corp: 1686/62Kb lim: 1037 exec/s: 13537 rss: 322Mb L: 8/837 MS: 2 CopyPart-EraseBytes-
#176299	REDUCE cov: 4355 ft: 14454 corp: 1686/62Kb lim: 1037 exec/s: 13561 rss: 322Mb L: 32/837 MS: 1 EraseBytes-
#176475	REDUCE cov: 4355 ft: 14454 corp: 1686/62Kb lim: 1037 exec/s: 13575 rss: 322Mb L: 20/837 MS: 1 EraseBytes-
#176592	REDUCE cov: 4355 ft: 14454 corp: 1686/62Kb lim: 1037 exec/s: 13584 rss: 322Mb L: 26/837 MS: 2 ShuffleBytes-EraseBytes-
#177158	NEW    cov: 4355 ft: 14457 corp: 1687/62Kb lim: 1037 exec/s: 13627 rss: 322Mb L: 96/837 MS: 1 CMP- DE: "fE0\\/D"-
#177276	NEW    cov: 4355 ft: 14469 corp: 1688/62Kb lim: 1037 exec/s: 13636 rss: 322Mb L: 183/837 MS: 3 ShuffleBytes-ChangeASCIIInt-CopyPart-
#177287	REDUCE cov: 4355 ft: 14469 corp: 1688/62Kb lim: 1037 exec/s: 13637 rss: 322Mb L: 23/837 MS: 1 EraseBytes-
#177668	NEW    cov: 4355 ft: 14470 corp: 1689/62Kb lim: 1037 exec/s: 13666 rss: 322Mb L: 13/837 MS: 1 ChangeBit-
#177794	NEW    cov: 4355 ft: 14471 corp: 1690/62Kb lim: 1037 exec/s: 13676 rss: 322Mb L: 35/837 MS: 1 ChangeBit-
#178220	REDUCE cov: 4355 ft: 14471 corp: 1690/62Kb lim: 1037 exec/s: 13709 rss: 322Mb L: 15/837 MS: 1 EraseBytes-
#178347	REDUCE cov: 4355 ft: 14471 corp: 1690/62Kb lim: 1037 exec/s: 13719 rss: 322Mb L: 21/837 MS: 2 ChangeByte-EraseBytes-
#178880	REDUCE cov: 4355 ft: 14471 corp: 1690/62Kb lim: 1037 exec/s: 13760 rss: 322Mb L: 47/837 MS: 3 InsertRepeatedBytes-ShuffleBytes-EraseBytes-
#178907	REDUCE cov: 4355 ft: 14474 corp: 1691/62Kb lim: 1037 exec/s: 13762 rss: 322Mb L: 25/837 MS: 2 ChangeBinInt-CrossOver-
#178938	REDUCE cov: 4355 ft: 14474 corp: 1691/62Kb lim: 1037 exec/s: 13764 rss: 322Mb L: 64/837 MS: 1 EraseBytes-
#179204	REDUCE cov: 4355 ft: 14474 corp: 1691/62Kb lim: 1037 exec/s: 13784 rss: 322Mb L: 40/837 MS: 1 EraseBytes-
#179284	REDUCE cov: 4355 ft: 14474 corp: 1691/62Kb lim: 1037 exec/s: 13791 rss: 322Mb L: 47/837 MS: 5 ChangeBit-PersAutoDict-CrossOver-CMP-EraseBytes- DE: "t\\u00"-"\000\000\000\000\000\000\000\000"-
#179635	REDUCE cov: 4355 ft: 14474 corp: 1691/62Kb lim: 1037 exec/s: 13818 rss: 322Mb L: 14/837 MS: 1 EraseBytes-
#179726	REDUCE cov: 4355 ft: 14474 corp: 1691/62Kb lim: 1037 exec/s: 13825 rss: 322Mb L: 13/837 MS: 1 EraseBytes-
#179863	REDUCE cov: 4355 ft: 14474 corp: 1691/62Kb lim: 1037 exec/s: 13835 rss: 322Mb L: 15/837 MS: 2 ChangeBit-EraseBytes-
#180057	REDUCE cov: 4355 ft: 14474 corp: 1691/62Kb lim: 1037 exec/s: 13850 rss: 322Mb L: 91/837 MS: 4 ShuffleBytes-ChangeBit-ChangeASCIIInt-EraseBytes-
#180269	REDUCE cov: 4355 ft: 14474 corp: 1691/62Kb lim: 1037 exec/s: 13866 rss: 322Mb L: 19/837 MS: 2 ChangeBit-EraseBytes-
#180550	REDUCE cov: 4355 ft: 14474 corp: 1691/62Kb lim: 1037 exec/s: 13888 rss: 322Mb L: 44/837 MS: 1 EraseBytes-
#180796	REDUCE cov: 4355 ft: 14474 corp: 1691/62Kb lim: 1037 exec/s: 13907 rss: 322Mb L: 24/837 MS: 1 EraseBytes-
#180827	REDUCE cov: 4355 ft: 14474 corp: 1691/62Kb lim: 1037 exec/s: 13909 rss: 322Mb L: 4/837 MS: 1 EraseBytes-
#181098	REDUCE cov: 4355 ft: 14474 corp: 1691/62Kb lim: 1037 exec/s: 13930 rss: 322Mb L: 29/837 MS: 1 EraseBytes-
#181304	REDUCE cov: 4355 ft: 14475 corp: 1692/62Kb lim: 1037 exec/s: 13946 rss: 322Mb L: 49/837 MS: 1 CopyPart-
#181430	REDUCE cov: 4355 ft: 14475 corp: 1692/62Kb lim: 1037 exec/s: 13956 rss: 322Mb L: 13/837 MS: 1 EraseBytes-
#181606	REDUCE cov: 4355 ft: 14475 corp: 1692/62Kb lim: 1037 exec/s: 13969 rss: 322Mb L: 16/837 MS: 1 EraseBytes-
#181744	REDUCE cov: 4355 ft: 14475 corp: 1692/62Kb lim: 1037 exec/s: 13980 rss: 322Mb L: 13/837 MS: 3 ChangeBit-ChangeASCIIInt-EraseBytes-
#181770	REDUCE cov: 4355 ft: 14475 corp: 1692/62Kb lim: 1037 exec/s: 13982 rss: 322Mb L: 214/837 MS: 1 EraseBytes-
#182132	REDUCE cov: 4355 ft: 14475 corp: 1692/62Kb lim: 1037 exec/s: 14010 rss: 322Mb L: 48/837 MS: 2 CopyPart-EraseBytes-
#182490	REDUCE cov: 4355 ft: 14475 corp: 1692/62Kb lim: 1037 exec/s: 14037 rss: 322Mb L: 98/837 MS: 3 EraseBytes-PersAutoDict-CrossOver- DE: "New"-
#182761	REDUCE cov: 4355 ft: 14475 corp: 1692/62Kb lim: 1037 exec/s: 14058 rss: 322Mb L: 7/837 MS: 1 EraseBytes-
#182782	REDUCE cov: 4355 ft: 14475 corp: 1692/62Kb lim: 1037 exec/s: 14060 rss: 322Mb L: 10/837 MS: 1 EraseBytes-
#182819	REDUCE cov: 4355 ft: 14475 corp: 1692/62Kb lim: 1037 exec/s: 14063 rss: 322Mb L: 37/837 MS: 2 InsertByte-EraseBytes-
#183255	REDUCE cov: 4355 ft: 14475 corp: 1692/62Kb lim: 1037 exec/s: 14096 rss: 322Mb L: 34/837 MS: 1 EraseBytes-
#183613	REDUCE cov: 4355 ft: 14475 corp: 1692/62Kb lim: 1037 exec/s: 14124 rss: 322Mb L: 12/837 MS: 3 PersAutoDict-EraseBytes-EraseBytes- DE: "New"-
#183844	REDUCE cov: 4355 ft: 14475 corp: 1692/62Kb lim: 1037 exec/s: 14141 rss: 322Mb L: 23/837 MS: 1 EraseBytes-
#184190	REDUCE cov: 4355 ft: 14475 corp: 1692/62Kb lim: 1037 exec/s: 14168 rss: 322Mb L: 44/837 MS: 1 EraseBytes-
#184381	REDUCE cov: 4355 ft: 14475 corp: 1692/62Kb lim: 1037 exec/s: 14183 rss: 322Mb L: 24/837 MS: 1 EraseBytes-
#184417	REDUCE cov: 4355 ft: 14475 corp: 1692/62Kb lim: 1037 exec/s: 14185 rss: 322Mb L: 193/837 MS: 1 EraseBytes-
#184494	NEW    cov: 4355 ft: 14476 corp: 1693/62Kb lim: 1037 exec/s: 14191 rss: 322Mb L: 212/837 MS: 2 ChangeBit-CopyPart-
#184723	REDUCE cov: 4355 ft: 14476 corp: 1693/62Kb lim: 1037 exec/s: 14209 rss: 322Mb L: 13/837 MS: 1 EraseBytes-
#184819	NEW    cov: 4355 ft: 14477 corp: 1694/62Kb lim: 1037 exec/s: 14216 rss: 322Mb L: 7/837 MS: 1 InsertByte-
#185001	REDUCE cov: 4355 ft: 14477 corp: 1694/62Kb lim: 1037 exec/s: 14230 rss: 322Mb L: 44/837 MS: 2 InsertRepeatedBytes-EraseBytes-
#185200	REDUCE cov: 4355 ft: 14477 corp: 1694/62Kb lim: 1037 exec/s: 14246 rss: 322Mb L: 122/837 MS: 4 CMP-CrossOver-CrossOver-EraseBytes- DE: "true\""-
#185645	REDUCE cov: 4355 ft: 14477 corp: 1694/62Kb lim: 1037 exec/s: 14280 rss: 322Mb L: 28/837 MS: 5 ChangeByte-ChangeBinInt-ShuffleBytes-ChangeBit-EraseBytes-
#185717	REDUCE cov: 4355 ft: 14477 corp: 1694/62Kb lim: 1037 exec/s: 14285 rss: 322Mb L: 17/837 MS: 2 CopyPart-EraseBytes-
#185984	REDUCE cov: 4355 ft: 14477 corp: 1694/62Kb lim: 1037 exec/s: 14306 rss: 322Mb L: 51/837 MS: 2 ChangeByte-EraseBytes-
#186085	REDUCE cov: 4355 ft: 14477 corp: 1694/62Kb lim: 1037 exec/s: 14314 rss: 322Mb L: 645/837 MS: 1 EraseBytes-
#186092	REDUCE cov: 4355 ft: 14477 corp: 1694/62Kb lim: 1037 exec/s: 14314 rss: 322Mb L: 58/837 MS: 2 ChangeASCIIInt-EraseBytes-
#186203	REDUCE cov: 4355 ft: 14477 corp: 1694/62Kb lim: 1037 exec/s: 14323 rss: 322Mb L: 87/837 MS: 1 EraseBytes-
#186219	NEW    cov: 4355 ft: 14483 corp: 1695/62Kb lim: 1037 exec/s: 14324 rss: 322Mb L: 34/837 MS: 1 EraseBytes-
#186585	REDUCE cov: 4355 ft: 14483 corp: 1695/62Kb lim: 1037 exec/s: 14352 rss: 322Mb L: 32/837 MS: 1 EraseBytes-
#186596	REDUCE cov: 4355 ft: 14483 corp: 1695/62Kb lim: 1037 exec/s: 14353 rss: 322Mb L: 18/837 MS: 1 EraseBytes-
#186657	REDUCE cov: 4355 ft: 14483 corp: 1695/62Kb lim: 1037 exec/s: 14358 rss: 322Mb L: 73/837 MS: 1 EraseBytes-
#186713	REDUCE cov: 4355 ft: 14483 corp: 1695/62Kb lim: 1037 exec/s: 14362 rss: 322Mb L: 41/837 MS: 1 EraseBytes-
#186780	REDUCE cov: 4355 ft: 14483 corp: 1695/62Kb lim: 1037 exec/s: 14367 rss: 322Mb L: 66/837 MS: 2 ChangeASCIIInt-EraseBytes-
#187166	REDUCE cov: 4355 ft: 14483 corp: 1695/62Kb lim: 1037 exec/s: 13369 rss: 322Mb L: 17/837 MS: 1 EraseBytes-
#187332	REDUCE cov: 4355 ft: 14483 corp: 1695/62Kb lim: 1037 exec/s: 13380 rss: 322Mb L: 36/837 MS: 1 EraseBytes-
#187887	REDUCE cov: 4355 ft: 14483 corp: 1695/62Kb lim: 1037 exec/s: 13420 rss: 322Mb L: 100/837 MS: 5 ChangeASCIIInt-ChangeByte-ChangeBit-CMP-EraseBytes- DE: "tre"-
#189120	REDUCE cov: 4355 ft: 14483 corp: 1695/62Kb lim: 1047 exec/s: 13508 rss: 322Mb L: 121/837 MS: 3 CopyPart-ShuffleBytes-EraseBytes-
#189182	REDUCE cov: 4355 ft: 14483 corp: 1695/62Kb lim: 1047 exec/s: 13513 rss: 322Mb L: 22/837 MS: 2 ChangeByte-EraseBytes-
#189184	REDUCE cov: 4355 ft: 14483 corp: 1695/62Kb lim: 1047 exec/s: 13513 rss: 322Mb L: 87/837 MS: 2 ChangeASCIIInt-EraseBytes-
#189347	NEW    cov: 4355 ft: 14491 corp: 1696/62Kb lim: 1047 exec/s: 13524 rss: 322Mb L: 133/837 MS: 3 CopyPart-InsertRepeatedBytes-EraseBytes-
#189413	REDUCE cov: 4355 ft: 14491 corp: 1696/62Kb lim: 1047 exec/s: 13529 rss: 322Mb L: 6/837 MS: 1 EraseBytes-
#189769	REDUCE cov: 4355 ft: 14491 corp: 1696/62Kb lim: 1047 exec/s: 13554 rss: 322Mb L: 9/837 MS: 1 EraseBytes-
#190415	REDUCE cov: 4355 ft: 14491 corp: 1696/62Kb lim: 1047 exec/s: 13601 rss: 322Mb L: 310/837 MS: 1 EraseBytes-
#190597	REDUCE cov: 4355 ft: 14491 corp: 1696/62Kb lim: 1047 exec/s: 13614 rss: 322Mb L: 37/837 MS: 2 ChangeBinInt-EraseBytes-
#190598	REDUCE cov: 4355 ft: 14491 corp: 1696/62Kb lim: 1047 exec/s: 13614 rss: 322Mb L: 12/837 MS: 1 EraseBytes-
#191060	NEW    cov: 4355 ft: 14492 corp: 1697/62Kb lim: 1047 exec/s: 13647 rss: 322Mb L: 57/837 MS: 2 ChangeBinInt-PersAutoDict- DE: "fals -0.22\\"-
#191086	REDUCE cov: 4355 ft: 14492 corp: 1697/62Kb lim: 1047 exec/s: 13649 rss: 322Mb L: 47/837 MS: 1 EraseBytes-
#191139	REDUCE cov: 4355 ft: 14495 corp: 1698/62Kb lim: 1047 exec/s: 13652 rss: 322Mb L: 89/837 MS: 3 InsertByte-InsertByte-CopyPart-
#191286	REDUCE cov: 4355 ft: 14495 corp: 1698/62Kb lim: 1047 exec/s: 13663 rss: 322Mb L: 43/837 MS: 2 ChangeBit-EraseBytes-
#191589	REDUCE cov: 4355 ft: 14495 corp: 1698/62Kb lim: 1047 exec/s: 13684 rss: 322Mb L: 21/837 MS: 3 ChangeBit-ShuffleBytes-EraseBytes-
#191825	REDUCE cov: 4355 ft: 14495 corp: 1698/62Kb lim: 1047 exec/s: 13701 rss: 322Mb L: 95/837 MS: 1 EraseBytes-
#192476	NEW    cov: 4355 ft: 14496 corp: 1699/62Kb lim: 1047 exec/s: 13748 rss: 322Mb L: 85/837 MS: 1 EraseBytes-
#193303	REDUCE cov: 4355 ft: 14496 corp: 1699/62Kb lim: 1047 exec/s: 13807 rss: 322Mb L: 33/837 MS: 2 ChangeBinInt-EraseBytes-
#193409	REDUCE cov: 4355 ft: 14506 corp: 1700/62Kb lim: 1047 exec/s: 13814 rss: 322Mb L: 35/837 MS: 1 CopyPart-
#193865	REDUCE cov: 4355 ft: 14506 corp: 1700/62Kb lim: 1047 exec/s: 13847 rss: 322Mb L: 10/837 MS: 1 EraseBytes-
#193958	REDUCE cov: 4355 ft: 14506 corp: 1700/62Kb lim: 1047 exec/s: 13854 rss: 322Mb L: 48/837 MS: 3 ChangeBinInt-ChangeASCIIInt-EraseBytes-
#194229	REDUCE cov: 4355 ft: 14506 corp: 1700/62Kb lim: 1047 exec/s: 13873 rss: 322Mb L: 40/837 MS: 1 EraseBytes-
#194242	REDUCE cov: 4355 ft: 14506 corp: 1700/62Kb lim: 1047 exec/s: 13874 rss: 322Mb L: 5/837 MS: 3 ChangeByte-ShuffleBytes-EraseBytes-
#194388	REDUCE cov: 4355 ft: 14506 corp: 1700/62Kb lim: 1047 exec/s: 13884 rss: 322Mb L: 28/837 MS: 1 EraseBytes-
#194459	REDUCE cov: 4355 ft: 14506 corp: 1700/62Kb lim: 1047 exec/s: 13889 rss: 322Mb L: 13/837 MS: 1 EraseBytes-
#194740	NEW    cov: 4355 ft: 14507 corp: 1701/62Kb lim: 1047 exec/s: 13910 rss: 322Mb L: 86/837 MS: 1 CopyPart-
#194831	REDUCE cov: 4355 ft: 14507 corp: 1701/62Kb lim: 1047 exec/s: 13916 rss: 322Mb L: 51/837 MS: 1 EraseBytes-
#195245	REDUCE cov: 4355 ft: 14507 corp: 1701/62Kb lim: 1047 exec/s: 13946 rss: 322Mb L: 165/837 MS: 4 ChangeByte-CMP-CMP-EraseBytes- DE: "\177\000\000\000\000\000\000\000"-"\263>\255\255"-
#195320	REDUCE cov: 4355 ft: 14507 corp: 1701/62Kb lim: 1047 exec/s: 13951 rss: 322Mb L: 59/837 MS: 5 CopyPart-ChangeASCIIInt-CMP-CrossOver-EraseBytes- DE: "\000\000\000\000\000\000\000\000"-
#195411	REDUCE cov: 4355 ft: 14507 corp: 1701/62Kb lim: 1047 exec/s: 13957 rss: 322Mb L: 16/837 MS: 1 EraseBytes-
#195826	REDUCE cov: 4355 ft: 14507 corp: 1701/62Kb lim: 1047 exec/s: 13987 rss: 322Mb L: 48/837 MS: 5 ChangeBit-ChangeBinInt-ChangeASCIIInt-CrossOver-EraseBytes-
#195897	REDUCE cov: 4355 ft: 14507 corp: 1701/62Kb lim: 1047 exec/s: 13992 rss: 322Mb L: 103/837 MS: 1 EraseBytes-
#196088	NEW    cov: 4355 ft: 14525 corp: 1702/62Kb lim: 1047 exec/s: 14006 rss: 322Mb L: 260/837 MS: 1 CopyPart-
#196259	REDUCE cov: 4355 ft: 14525 corp: 1702/62Kb lim: 1047 exec/s: 14018 rss: 322Mb L: 22/837 MS: 1 EraseBytes-
#196485	REDUCE cov: 4355 ft: 14525 corp: 1702/62Kb lim: 1047 exec/s: 14034 rss: 322Mb L: 13/837 MS: 1 EraseBytes-
#196636	REDUCE cov: 4355 ft: 14525 corp: 1702/62Kb lim: 1047 exec/s: 14045 rss: 322Mb L: 16/837 MS: 1 EraseBytes-
#196776	REDUCE cov: 4355 ft: 14525 corp: 1702/62Kb lim: 1047 exec/s: 14055 rss: 322Mb L: 97/837 MS: 5 ShuffleBytes-InsertByte-ChangeBit-ChangeByte-EraseBytes-
#196834	NEW    cov: 4355 ft: 14527 corp: 1703/62Kb lim: 1047 exec/s: 14059 rss: 322Mb L: 206/837 MS: 3 ChangeByte-CMP-CopyPart- DE: "\\\\\\\\\\\\\\true"-
#197676	REDUCE cov: 4355 ft: 14529 corp: 1704/62Kb lim: 1047 exec/s: 14119 rss: 322Mb L: 26/837 MS: 2 ChangeBinInt-EraseBytes-
#198528	REDUCE cov: 4355 ft: 14529 corp: 1704/62Kb lim: 1047 exec/s: 14180 rss: 322Mb L: 57/837 MS: 2 ChangeBinInt-EraseBytes-
#199097	REDUCE cov: 4355 ft: 14529 corp: 1704/62Kb lim: 1047 exec/s: 14221 rss: 322Mb L: 34/837 MS: 4 ChangeASCIIInt-ChangeASCIIInt-EraseBytes-ChangeBit-
#199273	REDUCE cov: 4355 ft: 14529 corp: 1704/62Kb lim: 1047 exec/s: 14233 rss: 322Mb L: 50/837 MS: 1 EraseBytes-
#199431	REDUCE cov: 4355 ft: 14529 corp: 1704/62Kb lim: 1047 exec/s: 14245 rss: 322Mb L: 17/837 MS: 3 CopyPart-ShuffleBytes-EraseBytes-
#199668	REDUCE cov: 4355 ft: 14529 corp: 1704/62Kb lim: 1047 exec/s: 14262 rss: 322Mb L: 39/837 MS: 1 EraseBytes-
#200024	REDUCE cov: 4355 ft: 14529 corp: 1704/62Kb lim: 1047 exec/s: 14287 rss: 322Mb L: 54/837 MS: 1 EraseBytes-
#200055	REDUCE cov: 4355 ft: 14529 corp: 1704/62Kb lim: 1047 exec/s: 14289 rss: 322Mb L: 18/837 MS: 1 EraseBytes-
#200655	REDUCE cov: 4355 ft: 14533 corp: 1705/62Kb lim: 1047 exec/s: 14332 rss: 322Mb L: 102/837 MS: 5 ChangeASCIIInt-ChangeBinInt-PersAutoDict-ChangeBinInt-CrossOver- DE: ".\000\000\000"-
#200781	REDUCE cov: 4355 ft: 14533 corp: 1705/62Kb lim: 1047 exec/s: 14341 rss: 322Mb L: 72/837 MS: 1 EraseBytes-
#200869	NEW    cov: 4355 ft: 14535 corp: 1706/62Kb lim: 1047 exec/s: 14347 rss: 322Mb L: 25/837 MS: 3 ShuffleBytes-ChangeASCIIInt-PersAutoDict- DE: "\001\000\000\000"-
#200920	REDUCE cov: 4355 ft: 14535 corp: 1706/62Kb lim: 1047 exec/s: 14351 rss: 322Mb L: 5/837 MS: 1 EraseBytes-
#201151	REDUCE cov: 4355 ft: 14535 corp: 1706/62Kb lim: 1047 exec/s: 14367 rss: 322Mb L: 100/837 MS: 1 EraseBytes-
#201402	REDUCE cov: 4355 ft: 14535 corp: 1706/62Kb lim: 1047 exec/s: 14385 rss: 322Mb L: 113/837 MS: 1 EraseBytes-
#201498	REDUCE cov: 4355 ft: 14535 corp: 1706/62Kb lim: 1047 exec/s: 14392 rss: 322Mb L: 131/837 MS: 1 EraseBytes-
#201583	REDUCE cov: 4355 ft: 14535 corp: 1706/62Kb lim: 1047 exec/s: 14398 rss: 322Mb L: 132/837 MS: 5 InsertByte-ChangeBit-EraseBytes-ChangeBinInt-ChangeByte-
#201641	REDUCE cov: 4355 ft: 14535 corp: 1706/62Kb lim: 1047 exec/s: 14402 rss: 322Mb L: 24/837 MS: 3 ChangeASCIIInt-ChangeBit-EraseBytes-
#201788	REDUCE cov: 4355 ft: 14535 corp: 1706/62Kb lim: 1047 exec/s: 14413 rss: 322Mb L: 19/837 MS: 2 ChangeASCIIInt-EraseBytes-
#201834	REDUCE cov: 4355 ft: 14535 corp: 1706/62Kb lim: 1047 exec/s: 13455 rss: 322Mb L: 14/837 MS: 1 EraseBytes-
#201860	REDUCE cov: 4355 ft: 14535 corp: 1706/62Kb lim: 1047 exec/s: 13457 rss: 322Mb L: 24/837 MS: 1 EraseBytes-
#201909	REDUCE cov: 4355 ft: 14535 corp: 1706/62Kb lim: 1047 exec/s: 13460 rss: 322Mb L: 160/837 MS: 4 InsertRepeatedBytes-CMP-ShuffleBytes-EraseBytes- DE: "\027\000\000\000\000\000\000\000"-
#201920	REDUCE cov: 4355 ft: 14535 corp: 1706/62Kb lim: 1047 exec/s: 13461 rss: 322Mb L: 7/837 MS: 1 EraseBytes-
#202116	REDUCE cov: 4355 ft: 14535 corp: 1706/62Kb lim: 1047 exec/s: 13474 rss: 322Mb L: 36/837 MS: 1 EraseBytes-
#202298	REDUCE cov: 4355 ft: 14535 corp: 1706/62Kb lim: 1047 exec/s: 13486 rss: 322Mb L: 45/837 MS: 2 ChangeBit-EraseBytes-
#202936	REDUCE cov: 4355 ft: 14535 corp: 1706/62Kb lim: 1047 exec/s: 13529 rss: 322Mb L: 101/837 MS: 3 CMP-ChangeBinInt-EraseBytes- DE: "\000\000\000\000\000\000\000\002"-
#203113	REDUCE cov: 4355 ft: 14535 corp: 1706/62Kb lim: 1047 exec/s: 13540 rss: 322Mb L: 25/837 MS: 2 EraseBytes-EraseBytes-
#203208	REDUCE cov: 4355 ft: 14535 corp: 1706/62Kb lim: 1047 exec/s: 13547 rss: 322Mb L: 33/837 MS: 5 ChangeASCIIInt-ChangeBit-ChangeBit-CopyPart-EraseBytes-
#203256	REDUCE cov: 4355 ft: 14535 corp: 1706/62Kb lim: 1047 exec/s: 13550 rss: 322Mb L: 7/837 MS: 3 EraseBytes-ChangeByte-EraseBytes-
#203267	REDUCE cov: 4355 ft: 14535 corp: 1706/62Kb lim: 1047 exec/s: 13551 rss: 322Mb L: 47/837 MS: 1 EraseBytes-
#203571	REDUCE cov: 4355 ft: 14535 corp: 1706/62Kb lim: 1047 exec/s: 13571 rss: 322Mb L: 1/837 MS: 4 InsertByte-EraseBytes-CrossOver-EraseBytes-
#203692	REDUCE cov: 4355 ft: 14535 corp: 1706/62Kb lim: 1047 exec/s: 13579 rss: 322Mb L: 27/837 MS: 1 EraseBytes-
#203963	REDUCE cov: 4355 ft: 14535 corp: 1706/62Kb lim: 1047 exec/s: 13597 rss: 322Mb L: 202/837 MS: 1 EraseBytes-
#203974	REDUCE cov: 4355 ft: 14535 corp: 1706/62Kb lim: 1047 exec/s: 13598 rss: 322Mb L: 25/837 MS: 1 EraseBytes-
#204575	REDUCE cov: 4355 ft: 14535 corp: 1706/62Kb lim: 1047 exec/s: 13638 rss: 322Mb L: 34/837 MS: 1 EraseBytes-
#205047	REDUCE cov: 4355 ft: 14535 corp: 1706/62Kb lim: 1047 exec/s: 13669 rss: 322Mb L: 37/837 MS: 2 ChangeByte-EraseBytes-
#205370	REDUCE cov: 4355 ft: 14535 corp: 1706/62Kb lim: 1047 exec/s: 13691 rss: 322Mb L: 20/837 MS: 3 ChangeASCIIInt-CopyPart-EraseBytes-
#205552	REDUCE cov: 4355 ft: 14535 corp: 1706/62Kb lim: 1047 exec/s: 13703 rss: 322Mb L: 60/837 MS: 2 CMP-EraseBytes- DE: "\377\377\377\377\377\377\377\000"-
#205603	REDUCE cov: 4355 ft: 14535 corp: 1706/62Kb lim: 1047 exec/s: 13706 rss: 322Mb L: 19/837 MS: 1 EraseBytes-
#205676	REDUCE cov: 4355 ft: 14535 corp: 1706/62Kb lim: 1047 exec/s: 13711 rss: 322Mb L: 27/837 MS: 3 ChangeByte-ChangeByte-EraseBytes-
#205764	REDUCE cov: 4355 ft: 14535 corp: 1706/62Kb lim: 1047 exec/s: 13717 rss: 322Mb L: 26/837 MS: 3 CMP-ChangeByte-EraseBytes- DE: "\017\000\000\000\000\000\000\000"-
#205785	REDUCE cov: 4355 ft: 14535 corp: 1706/62Kb lim: 1047 exec/s: 13719 rss: 322Mb L: 19/837 MS: 1 EraseBytes-
#206006	REDUCE cov: 4355 ft: 14536 corp: 1707/62Kb lim: 1047 exec/s: 13733 rss: 322Mb L: 36/837 MS: 1 CMP- DE: "ue"-
#206178	REDUCE cov: 4355 ft: 14536 corp: 1707/62Kb lim: 1047 exec/s: 13745 rss: 322Mb L: 16/837 MS: 2 CMP-EraseBytes- DE: "\000\000\000\000\000\000\000\000"-
#206604	REDUCE cov: 4355 ft: 14536 corp: 1707/62Kb lim: 1047 exec/s: 13773 rss: 322Mb L: 16/837 MS: 1 EraseBytes-
#206611	NEW    cov: 4355 ft: 14539 corp: 1708/62Kb lim: 1047 exec/s: 13774 rss: 322Mb L: 17/837 MS: 2 ChangeASCIIInt-CrossOver-
#206757	REDUCE cov: 4355 ft: 14539 corp: 1708/62Kb lim: 1047 exec/s: 13783 rss: 322Mb L: 20/837 MS: 1 EraseBytes-
#206764	NEW    cov: 4355 ft: 14540 corp: 1709/62Kb lim: 1047 exec/s: 13784 rss: 322Mb L: 21/837 MS: 2 ChangeBit-ShuffleBytes-
#206981	REDUCE cov: 4355 ft: 14540 corp: 1709/62Kb lim: 1047 exec/s: 13798 rss: 322Mb L: 72/837 MS: 2 PersAutoDict-EraseBytes- DE: "\177\000\000\000\000\000\000\000"-
#207614	REDUCE cov: 4355 ft: 14540 corp: 1709/62Kb lim: 1047 exec/s: 13840 rss: 322Mb L: 8/837 MS: 3 CrossOver-ChangeBit-EraseBytes-
#207678	REDUCE cov: 4355 ft: 14540 corp: 1709/62Kb lim: 1047 exec/s: 13845 rss: 322Mb L: 35/837 MS: 4 ChangeASCIIInt-ShuffleBytes-ChangeBit-EraseBytes-
#207760	REDUCE cov: 4355 ft: 14540 corp: 1709/62Kb lim: 1047 exec/s: 13850 rss: 322Mb L: 7/837 MS: 2 ChangeASCIIInt-EraseBytes-
#207786	REDUCE cov: 4355 ft: 14540 corp: 1709/62Kb lim: 1047 exec/s: 13852 rss: 322Mb L: 20/837 MS: 1 EraseBytes-
#207960	REDUCE cov: 4355 ft: 14540 corp: 1709/62Kb lim: 1047 exec/s: 13864 rss: 322Mb L: 64/837 MS: 4 ChangeASCIIInt-InsertByte-CrossOver-EraseBytes-
#208046	REDUCE cov: 4355 ft: 14540 corp: 1709/62Kb lim: 1047 exec/s: 13869 rss: 322Mb L: 54/837 MS: 1 EraseBytes-
#208142	REDUCE cov: 4355 ft: 14540 corp: 1709/62Kb lim: 1047 exec/s: 13876 rss: 322Mb L: 14/837 MS: 1 EraseBytes-
#208368	REDUCE cov: 4355 ft: 14540 corp: 1709/62Kb lim: 1047 exec/s: 13891 rss: 322Mb L: 10/837 MS: 1 EraseBytes-
#208505	REDUCE cov: 4355 ft: 14540 corp: 1709/62Kb lim: 1047 exec/s: 13900 rss: 322Mb L: 92/837 MS: 2 ChangeASCIIInt-EraseBytes-
#208719	NEW    cov: 4355 ft: 14541 corp: 1710/62Kb lim: 1047 exec/s: 13914 rss: 322Mb L: 181/837 MS: 4 ShuffleBytes-ChangeBinInt-ShuffleBytes-InsertRepeatedBytes-
#209005	REDUCE cov: 4355 ft: 14541 corp: 1710/62Kb lim: 1047 exec/s: 13933 rss: 322Mb L: 18/837 MS: 1 EraseBytes-
#209311	REDUCE cov: 4355 ft: 14541 corp: 1710/62Kb lim: 1047 exec/s: 13954 rss: 322Mb L: 21/837 MS: 1 EraseBytes-
#209439	REDUCE cov: 4355 ft: 14541 corp: 1710/62Kb lim: 1047 exec/s: 13962 rss: 322Mb L: 28/837 MS: 3 EraseBytes-InsertByte-CrossOver-
#209506	REDUCE cov: 4355 ft: 14541 corp: 1710/62Kb lim: 1047 exec/s: 13967 rss: 322Mb L: 191/837 MS: 2 InsertByte-EraseBytes-
#209853	REDUCE cov: 4355 ft: 14541 corp: 1710/62Kb lim: 1047 exec/s: 13990 rss: 322Mb L: 14/837 MS: 2 ShuffleBytes-EraseBytes-
#210050	NEW    cov: 4355 ft: 14542 corp: 1711/63Kb lim: 1047 exec/s: 14003 rss: 322Mb L: 120/837 MS: 2 ChangeASCIIInt-InsertRepeatedBytes-
#210432	REDUCE cov: 4355 ft: 14542 corp: 1711/63Kb lim: 1047 exec/s: 14028 rss: 322Mb L: 26/837 MS: 2 ChangeBinInt-EraseBytes-
#210768	REDUCE cov: 4355 ft: 14542 corp: 1711/63Kb lim: 1047 exec/s: 14051 rss: 322Mb L: 10/837 MS: 1 EraseBytes-
#210824	REDUCE cov: 4355 ft: 14542 corp: 1711/63Kb lim: 1047 exec/s: 14054 rss: 322Mb L: 44/837 MS: 1 EraseBytes-
#211515	REDUCE cov: 4355 ft: 14542 corp: 1711/63Kb lim: 1047 exec/s: 14101 rss: 322Mb L: 59/837 MS: 1 EraseBytes-
#211521	REDUCE cov: 4355 ft: 14542 corp: 1711/63Kb lim: 1047 exec/s: 14101 rss: 322Mb L: 47/837 MS: 1 EraseBytes-
#211791	REDUCE cov: 4355 ft: 14542 corp: 1711/63Kb lim: 1047 exec/s: 14119 rss: 322Mb L: 26/837 MS: 5 CMP-ChangeBit-ChangeBit-PersAutoDict-EraseBytes- DE: "\000\000\000\000\000\000\000\000"-"Unit"-
#211809	REDUCE cov: 4355 ft: 14542 corp: 1711/63Kb lim: 1047 exec/s: 14120 rss: 322Mb L: 13/837 MS: 3 CopyPart-ChangeByte-EraseBytes-
#212135	REDUCE cov: 4355 ft: 14542 corp: 1711/63Kb lim: 1047 exec/s: 14142 rss: 322Mb L: 18/837 MS: 1 EraseBytes-
#212172	REDUCE cov: 4355 ft: 14542 corp: 1711/63Kb lim: 1047 exec/s: 14144 rss: 322Mb L: 11/837 MS: 2 ChangeBit-EraseBytes-
#212564	REDUCE cov: 4355 ft: 14542 corp: 1711/63Kb lim: 1047 exec/s: 14170 rss: 322Mb L: 39/837 MS: 2 PersAutoDict-EraseBytes- DE: "D\000\000\000"-
#212658	REDUCE cov: 4355 ft: 14542 corp: 1711/63Kb lim: 1047 exec/s: 14177 rss: 322Mb L: 50/837 MS: 4 ShuffleBytes-InsertByte-ChangeBinInt-EraseBytes-
#212830	NEW    cov: 4355 ft: 14543 corp: 1712/63Kb lim: 1047 exec/s: 14188 rss: 322Mb L: 26/837 MS: 2 CopyPart-EraseBytes-
#213061	REDUCE cov: 4355 ft: 14543 corp: 1712/63Kb lim: 1047 exec/s: 14204 rss: 322Mb L: 30/837 MS: 1 EraseBytes-
#213344	REDUCE cov: 4355 ft: 14543 corp: 1712/63Kb lim: 1047 exec/s: 14222 rss: 322Mb L: 12/837 MS: 3 ChangeBinInt-PersAutoDict-EraseBytes- DE: "\017\000\000\000\000\000\000\000"-
#213565	REDUCE cov: 4355 ft: 14543 corp: 1712/63Kb lim: 1047 exec/s: 14237 rss: 322Mb L: 59/837 MS: 1 EraseBytes-
#213716	REDUCE cov: 4355 ft: 14543 corp: 1712/63Kb lim: 1047 exec/s: 14247 rss: 322Mb L: 119/837 MS: 1 EraseBytes-
#213799	NEW    cov: 4355 ft: 14544 corp: 1713/63Kb lim: 1047 exec/s: 14253 rss: 322Mb L: 40/837 MS: 3 CopyPart-ChangeASCIIInt-CrossOver-
#213815	REDUCE cov: 4355 ft: 14544 corp: 1713/63Kb lim: 1047 exec/s: 14254 rss: 322Mb L: 59/837 MS: 1 EraseBytes-
#214025	REDUCE cov: 4355 ft: 14545 corp: 1714/63Kb lim: 1047 exec/s: 14268 rss: 322Mb L: 66/837 MS: 1 InsertByte-
#214187	REDUCE cov: 4355 ft: 14545 corp: 1714/63Kb lim: 1047 exec/s: 14279 rss: 322Mb L: 107/837 MS: 2 InsertByte-EraseBytes-
#214286	REDUCE cov: 4355 ft: 14545 corp: 1714/63Kb lim: 1047 exec/s: 14285 rss: 322Mb L: 10/837 MS: 4 ShuffleBytes-CopyPart-EraseBytes-EraseBytes-
#214747	REDUCE cov: 4355 ft: 14545 corp: 1714/63Kb lim: 1047 exec/s: 14316 rss: 322Mb L: 42/837 MS: 1 EraseBytes-
#214763	REDUCE cov: 4355 ft: 14545 corp: 1714/63Kb lim: 1047 exec/s: 14317 rss: 322Mb L: 26/837 MS: 1 EraseBytes-
#214864	REDUCE cov: 4355 ft: 14545 corp: 1714/63Kb lim: 1047 exec/s: 14324 rss: 322Mb L: 15/837 MS: 1 EraseBytes-
#215265	NEW    cov: 4358 ft: 14548 corp: 1715/63Kb lim: 1047 exec/s: 14351 rss: 322Mb L: 17/837 MS: 1 ShuffleBytes-
#216051	REDUCE cov: 4358 ft: 14548 corp: 1715/63Kb lim: 1047 exec/s: 13503 rss: 322Mb L: 106/837 MS: 1 EraseBytes-
#216767	REDUCE cov: 4358 ft: 14548 corp: 1715/63Kb lim: 1047 exec/s: 13547 rss: 322Mb L: 58/837 MS: 1 EraseBytes-
#216783	NEW    cov: 4358 ft: 14550 corp: 1716/63Kb lim: 1047 exec/s: 13548 rss: 322Mb L: 370/837 MS: 1 CopyPart-
#216809	REDUCE cov: 4358 ft: 14550 corp: 1716/63Kb lim: 1047 exec/s: 13550 rss: 322Mb L: 204/837 MS: 1 EraseBytes-
#217710	REDUCE cov: 4358 ft: 14550 corp: 1716/63Kb lim: 1047 exec/s: 13606 rss: 322Mb L: 23/837 MS: 1 EraseBytes-
#217812	REDUCE cov: 4360 ft: 14552 corp: 1717/63Kb lim: 1047 exec/s: 13613 rss: 322Mb L: 48/837 MS: 2 PersAutoDict-CrossOver- DE: "ue"-
#217963	REDUCE cov: 4360 ft: 14552 corp: 1717/63Kb lim: 1047 exec/s: 13622 rss: 322Mb L: 44/837 MS: 1 EraseBytes-
#218039	NEW    cov: 4360 ft: 14553 corp: 1718/63Kb lim: 1047 exec/s: 13627 rss: 322Mb L: 29/837 MS: 1 EraseBytes-
#218147	REDUCE cov: 4360 ft: 14553 corp: 1718/63Kb lim: 1047 exec/s: 13634 rss: 322Mb L: 24/837 MS: 3 ChangeASCIIInt-ChangeBit-EraseBytes-
#218151	REDUCE cov: 4360 ft: 14553 corp: 1718/63Kb lim: 1047 exec/s: 13634 rss: 322Mb L: 137/837 MS: 4 ChangeByte-ChangeASCIIInt-ChangeByte-EraseBytes-
#218488	REDUCE cov: 4360 ft: 14553 corp: 1718/63Kb lim: 1047 exec/s: 13655 rss: 322Mb L: 42/837 MS: 2 ChangeASCIIInt-EraseBytes-
#218514	NEW    cov: 4360 ft: 14554 corp: 1719/63Kb lim: 1047 exec/s: 13657 rss: 322Mb L: 357/837 MS: 1 InsertRepeatedBytes-
#218550	REDUCE cov: 4360 ft: 14554 corp: 1719/63Kb lim: 1047 exec/s: 13659 rss: 322Mb L: 312/837 MS: 1 EraseBytes-
#218809	REDUCE cov: 4360 ft: 14554 corp: 1719/63Kb lim: 1047 exec/s: 13675 rss: 322Mb L: 10/837 MS: 4 CopyPart-InsertByte-InsertByte-EraseBytes-
#219121	REDUCE cov: 4360 ft: 14554 corp: 1719/63Kb lim: 1047 exec/s: 13695 rss: 322Mb L: 26/837 MS: 2 ChangeBinInt-EraseBytes-
#219387	REDUCE cov: 4360 ft: 14554 corp: 1719/63Kb lim: 1047 exec/s: 13711 rss: 322Mb L: 56/837 MS: 1 CrossOver-
#219734	REDUCE cov: 4360 ft: 14555 corp: 1720/64Kb lim: 1047 exec/s: 13733 rss: 322Mb L: 981/981 MS: 2 InsertRepeatedBytes-CopyPart-
#220190	NEW    cov: 4360 ft: 14557 corp: 1721/64Kb lim: 1047 exec/s: 13761 rss: 322Mb L: 37/981 MS: 1 EraseBytes-
#220792	REDUCE cov: 4360 ft: 14557 corp: 1721/64Kb lim: 1047 exec/s: 13799 rss: 322Mb L: 63/981 MS: 2 ChangeByte-EraseBytes-
#220968	REDUCE cov: 4360 ft: 14557 corp: 1721/64Kb lim: 1047 exec/s: 13810 rss: 322Mb L: 2/981 MS: 1 EraseBytes-
#221005	REDUCE cov: 4360 ft: 14557 corp: 1721/64Kb lim: 1047 exec/s: 13812 rss: 322Mb L: 14/981 MS: 2 ChangeBinInt-EraseBytes-
#221316	NEW    cov: 4360 ft: 14559 corp: 1722/64Kb lim: 1047 exec/s: 13832 rss: 322Mb L: 8/981 MS: 1 ChangeASCIIInt-
#221577	REDUCE cov: 4360 ft: 14559 corp: 1722/64Kb lim: 1047 exec/s: 13848 rss: 322Mb L: 18/981 MS: 1 EraseBytes-
#221590	REDUCE cov: 4360 ft: 14559 corp: 1722/64Kb lim: 1047 exec/s: 13849 rss: 322Mb L: 13/981 MS: 3 CrossOver-ChangeASCIIInt-EraseBytes-
#221726	NEW    cov: 4360 ft: 14560 corp: 1723/65Kb lim: 1047 exec/s: 13857 rss: 322Mb L: 346/981 MS: 1 CopyPart-
#221778	REDUCE cov: 4360 ft: 14560 corp: 1723/65Kb lim: 1047 exec/s: 13861 rss: 322Mb L: 5/981 MS: 2 ShuffleBytes-EraseBytes-
#221804	REDUCE cov: 4360 ft: 14560 corp: 1723/65Kb lim: 1047 exec/s: 13862 rss: 322Mb L: 21/981 MS: 1 EraseBytes-
#222121	REDUCE cov: 4360 ft: 14560 corp: 1723/64Kb lim: 1047 exec/s: 13882 rss: 322Mb L: 360/981 MS: 2 ChangeBit-EraseBytes-
#222188	REDUCE cov: 4360 ft: 14560 corp: 1723/64Kb lim: 1047 exec/s: 13886 rss: 322Mb L: 81/981 MS: 2 CopyPart-EraseBytes-
#222308	REDUCE cov: 4360 ft: 14560 corp: 1723/64Kb lim: 1047 exec/s: 13894 rss: 322Mb L: 63/981 MS: 5 ShuffleBytes-CopyPart-InsertByte-ChangeASCIIInt-EraseBytes-
#222434	REDUCE cov: 4360 ft: 14561 corp: 1724/65Kb lim: 1047 exec/s: 13902 rss: 322Mb L: 40/981 MS: 1 CopyPart-
#223440	REDUCE cov: 4360 ft: 14561 corp: 1724/64Kb lim: 1057 exec/s: 13965 rss: 322Mb L: 26/981 MS: 1 EraseBytes-
#223497	REDUCE cov: 4360 ft: 14561 corp: 1724/64Kb lim: 1057 exec/s: 13968 rss: 322Mb L: 26/981 MS: 2 PersAutoDict-EraseBytes- DE: "tre"-
#223759	REDUCE cov: 4360 ft: 14561 corp: 1724/64Kb lim: 1057 exec/s: 13984 rss: 322Mb L: 17/981 MS: 2 InsertByte-EraseBytes-
#223841	REDUCE cov: 4360 ft: 14561 corp: 1724/64Kb lim: 1057 exec/s: 13990 rss: 322Mb L: 68/981 MS: 2 CopyPart-EraseBytes-
#223957	REDUCE cov: 4360 ft: 14561 corp: 1724/64Kb lim: 1057 exec/s: 13997 rss: 322Mb L: 59/981 MS: 1 EraseBytes-
#223988	NEW    cov: 4362 ft: 14563 corp: 1725/64Kb lim: 1057 exec/s: 13999 rss: 322Mb L: 15/981 MS: 1 EraseBytes-
#224079	REDUCE cov: 4362 ft: 14565 corp: 1726/65Kb lim: 1057 exec/s: 14004 rss: 322Mb L: 44/981 MS: 1 ChangeByte-
#224205	REDUCE cov: 4362 ft: 14565 corp: 1726/65Kb lim: 1057 exec/s: 14012 rss: 322Mb L: 12/981 MS: 1 EraseBytes-
#224366	REDUCE cov: 4362 ft: 14566 corp: 1727/65Kb lim: 1057 exec/s: 14022 rss: 322Mb L: 9/981 MS: 1 CrossOver-
#224412	REDUCE cov: 4362 ft: 14566 corp: 1727/65Kb lim: 1057 exec/s: 14025 rss: 322Mb L: 28/981 MS: 1 EraseBytes-
#224683	REDUCE cov: 4362 ft: 14566 corp: 1727/65Kb lim: 1057 exec/s: 14042 rss: 322Mb L: 28/981 MS: 1 EraseBytes-
#225587	REDUCE cov: 4362 ft: 14566 corp: 1727/64Kb lim: 1057 exec/s: 14099 rss: 322Mb L: 149/981 MS: 4 ShuffleBytes-ChangeByte-ChangeByte-EraseBytes-
#225933	NEW    cov: 4362 ft: 14568 corp: 1728/65Kb lim: 1057 exec/s: 14120 rss: 322Mb L: 264/981 MS: 1 CMP- DE: "\000\000\000\005"-
#226423	REDUCE cov: 4362 ft: 14568 corp: 1728/65Kb lim: 1057 exec/s: 14151 rss: 322Mb L: 27/981 MS: 5 CrossOver-ChangeBit-ChangeBinInt-PersAutoDict-EraseBytes- DE: "\000\000\000\000\000\000\000\002"-
#226535	REDUCE cov: 4362 ft: 14568 corp: 1728/65Kb lim: 1057 exec/s: 14158 rss: 322Mb L: 4/981 MS: 2 ChangeASCIIInt-EraseBytes-
#226689	NEW    cov: 4364 ft: 14570 corp: 1729/65Kb lim: 1057 exec/s: 14168 rss: 322Mb L: 8/981 MS: 4 CopyPart-ChangeBinInt-ChangeASCIIInt-ChangeBit-
#226710	REDUCE cov: 4364 ft: 14570 corp: 1729/65Kb lim: 1057 exec/s: 14169 rss: 322Mb L: 11/981 MS: 1 EraseBytes-
#226771	REDUCE cov: 4364 ft: 14570 corp: 1729/65Kb lim: 1057 exec/s: 14173 rss: 322Mb L: 19/981 MS: 1 EraseBytes-
#226953	REDUCE cov: 4364 ft: 14570 corp: 1729/65Kb lim: 1057 exec/s: 14184 rss: 322Mb L: 53/981 MS: 2 ChangeByte-EraseBytes-
#227036	REDUCE cov: 4364 ft: 14570 corp: 1729/65Kb lim: 1057 exec/s: 14189 rss: 322Mb L: 61/981 MS: 3 CMP-ChangeBinInt-EraseBytes- DE: "e "-
#227082	REDUCE cov: 4364 ft: 14570 corp: 1729/65Kb lim: 1057 exec/s: 14192 rss: 322Mb L: 18/981 MS: 1 EraseBytes-
#227125	REDUCE cov: 4364 ft: 14570 corp: 1729/65Kb lim: 1057 exec/s: 14195 rss: 322Mb L: 65/981 MS: 3 ChangeByte-CrossOver-EraseBytes-
#227236	REDUCE cov: 4364 ft: 14570 corp: 1729/65Kb lim: 1057 exec/s: 14202 rss: 322Mb L: 38/981 MS: 1 EraseBytes-
#227727	REDUCE cov: 4364 ft: 14570 corp: 1729/65Kb lim: 1057 exec/s: 14232 rss: 322Mb L: 119/981 MS: 1 EraseBytes-
#227828	REDUCE cov: 4364 ft: 14600 corp: 1730/65Kb lim: 1057 exec/s: 14239 rss: 322Mb L: 454/981 MS: 1 CopyPart-
#228384	REDUCE cov: 4364 ft: 14600 corp: 1730/65Kb lim: 1057 exec/s: 14274 rss: 322Mb L: 134/981 MS: 1 EraseBytes-
#228867	REDUCE cov: 4364 ft: 14600 corp: 1730/65Kb lim: 1057 exec/s: 14304 rss: 322Mb L: 16/981 MS: 3 ChangeBit-ChangeASCIIInt-EraseBytes-
#229223	NEW    cov: 4364 ft: 14603 corp: 1731/65Kb lim: 1057 exec/s: 14326 rss: 322Mb L: 14/981 MS: 1 EraseBytes-
#229464	REDUCE cov: 4364 ft: 14603 corp: 1731/65Kb lim: 1057 exec/s: 13497 rss: 322Mb L: 5/981 MS: 1 EraseBytes-
#229685	REDUCE cov: 4364 ft: 14603 corp: 1731/65Kb lim: 1057 exec/s: 13510 rss: 322Mb L: 46/981 MS: 1 EraseBytes-
#229756	REDUCE cov: 4364 ft: 14603 corp: 1731/65Kb lim: 1057 exec/s: 13515 rss: 322Mb L: 14/981 MS: 1 EraseBytes-
#229841	REDUCE cov: 4364 ft: 14603 corp: 1731/65Kb lim: 1057 exec/s: 13520 rss: 322Mb L: 16/981 MS: 5 ChangeBinInt-ShuffleBytes-CrossOver-ChangeBit-EraseBytes-
#230307	REDUCE cov: 4364 ft: 14603 corp: 1731/65Kb lim: 1057 exec/s: 13547 rss: 322Mb L: 17/981 MS: 1 EraseBytes-
#230388	REDUCE cov: 4364 ft: 14603 corp: 1731/65Kb lim: 1057 exec/s: 13552 rss: 322Mb L: 85/981 MS: 1 EraseBytes-
#230439	REDUCE cov: 4364 ft: 14603 corp: 1731/65Kb lim: 1057 exec/s: 13555 rss: 322Mb L: 16/981 MS: 1 EraseBytes-
#230517	NEW    cov: 4364 ft: 14607 corp: 1732/65Kb lim: 1057 exec/s: 13559 rss: 322Mb L: 31/981 MS: 3 CopyPart-ChangeASCIIInt-PersAutoDict- DE: "\004b"-
#231573	NEW    cov: 4365 ft: 14608 corp: 1733/65Kb lim: 1067 exec/s: 13621 rss: 322Mb L: 17/981 MS: 1 CMP- DE: " a"-
#231669	REDUCE cov: 4365 ft: 14608 corp: 1733/65Kb lim: 1067 exec/s: 13627 rss: 322Mb L: 13/981 MS: 1 EraseBytes-
#231750	NEW    cov: 4365 ft: 14609 corp: 1734/65Kb lim: 1067 exec/s: 13632 rss: 322Mb L: 17/981 MS: 1 PersAutoDict- DE: "\377\377\377\377\377\377\377*"-
#231816	REDUCE cov: 4365 ft: 14609 corp: 1734/65Kb lim: 1067 exec/s: 13636 rss: 322Mb L: 70/981 MS: 1 EraseBytes-
#231932	REDUCE cov: 4365 ft: 14609 corp: 1734/65Kb lim: 1067 exec/s: 13643 rss: 322Mb L: 13/981 MS: 1 EraseBytes-
#232343	REDUCE cov: 4365 ft: 14609 corp: 1734/65Kb lim: 1067 exec/s: 13667 rss: 322Mb L: 24/981 MS: 1 EraseBytes-
#232426	REDUCE cov: 4365 ft: 14609 corp: 1734/65Kb lim: 1067 exec/s: 13672 rss: 322Mb L: 9/981 MS: 3 ShuffleBytes-InsertByte-EraseBytes-
#232447	REDUCE cov: 4365 ft: 14609 corp: 1734/65Kb lim: 1067 exec/s: 13673 rss: 322Mb L: 25/981 MS: 1 EraseBytes-
#233047	REDUCE cov: 4365 ft: 14609 corp: 1734/65Kb lim: 1067 exec/s: 13708 rss: 322Mb L: 17/981 MS: 5 InsertByte-InsertByte-ChangeASCIIInt-ChangeBinInt-EraseBytes-
#233458	REDUCE cov: 4365 ft: 14609 corp: 1734/65Kb lim: 1067 exec/s: 13732 rss: 322Mb L: 14/981 MS: 1 EraseBytes-
#233784	REDUCE cov: 4365 ft: 14609 corp: 1734/65Kb lim: 1067 exec/s: 13752 rss: 322Mb L: 15/981 MS: 1 EraseBytes-
#234296	REDUCE cov: 4365 ft: 14609 corp: 1734/65Kb lim: 1067 exec/s: 13782 rss: 322Mb L: 15/981 MS: 2 ChangeBit-EraseBytes-
#234313	REDUCE cov: 4365 ft: 14609 corp: 1734/65Kb lim: 1067 exec/s: 13783 rss: 322Mb L: 21/981 MS: 2 PersAutoDict-EraseBytes- DE: "fa:e\365."-
#234759	REDUCE cov: 4365 ft: 14609 corp: 1734/65Kb lim: 1067 exec/s: 13809 rss: 322Mb L: 49/981 MS: 1 EraseBytes-
#234940	REDUCE cov: 4365 ft: 14609 corp: 1734/65Kb lim: 1067 exec/s: 13820 rss: 322Mb L: 26/981 MS: 1 EraseBytes-
#234987	REDUCE cov: 4365 ft: 14609 corp: 1734/65Kb lim: 1067 exec/s: 13822 rss: 322Mb L: 21/981 MS: 2 EraseBytes-CrossOver-
#235163	REDUCE cov: 4365 ft: 14609 corp: 1734/65Kb lim: 1067 exec/s: 13833 rss: 322Mb L: 18/981 MS: 1 EraseBytes-
#235223	REDUCE cov: 4365 ft: 14609 corp: 1734/65Kb lim: 1067 exec/s: 13836 rss: 322Mb L: 15/981 MS: 5 InsertByte-ChangeByte-CopyPart-CrossOver-EraseBytes-
#235294	REDUCE cov: 4365 ft: 14609 corp: 1734/65Kb lim: 1067 exec/s: 13840 rss: 322Mb L: 34/981 MS: 1 EraseBytes-
#235295	NEW    cov: 4365 ft: 14613 corp: 1735/65Kb lim: 1067 exec/s: 13840 rss: 322Mb L: 18/981 MS: 1 InsertByte-
#235587	REDUCE cov: 4365 ft: 14613 corp: 1735/65Kb lim: 1067 exec/s: 13858 rss: 322Mb L: 45/981 MS: 2 ChangeBinInt-EraseBytes-
#235643	REDUCE cov: 4365 ft: 14613 corp: 1735/65Kb lim: 1067 exec/s: 13861 rss: 322Mb L: 6/981 MS: 1 EraseBytes-
#235735	REDUCE cov: 4365 ft: 14613 corp: 1735/65Kb lim: 1067 exec/s: 13866 rss: 322Mb L: 39/981 MS: 2 ChangeBit-EraseBytes-
#235748	REDUCE cov: 4365 ft: 14613 corp: 1735/65Kb lim: 1067 exec/s: 13867 rss: 322Mb L: 67/981 MS: 3 CMP-CMP-EraseBytes- DE: "true\""-"\001\014"-
#236184	REDUCE cov: 4365 ft: 14613 corp: 1735/65Kb lim: 1067 exec/s: 13893 rss: 322Mb L: 6/981 MS: 1 EraseBytes-
#236205	REDUCE cov: 4365 ft: 14613 corp: 1735/65Kb lim: 1067 exec/s: 13894 rss: 322Mb L: 20/981 MS: 1 EraseBytes-
#236376	REDUCE cov: 4365 ft: 14613 corp: 1735/65Kb lim: 1067 exec/s: 13904 rss: 322Mb L: 16/981 MS: 1 EraseBytes-
#236387	REDUCE cov: 4365 ft: 14613 corp: 1735/65Kb lim: 1067 exec/s: 13905 rss: 322Mb L: 57/981 MS: 1 EraseBytes-
#236394	NEW    cov: 4365 ft: 14614 corp: 1736/65Kb lim: 1067 exec/s: 13905 rss: 322Mb L: 14/981 MS: 2 ChangeByte-EraseBytes-
#236441	REDUCE cov: 4365 ft: 14616 corp: 1737/65Kb lim: 1067 exec/s: 13908 rss: 322Mb L: 76/981 MS: 2 CMP-ChangeBit- DE: "vrue"-
#236698	REDUCE cov: 4365 ft: 14616 corp: 1737/65Kb lim: 1067 exec/s: 13923 rss: 322Mb L: 8/981 MS: 2 CMP-EraseBytes- DE: "\377\377"-
#237044	REDUCE cov: 4365 ft: 14616 corp: 1737/65Kb lim: 1067 exec/s: 13943 rss: 322Mb L: 7/981 MS: 1 EraseBytes-
#237094	REDUCE cov: 4365 ft: 14616 corp: 1737/65Kb lim: 1067 exec/s: 13946 rss: 322Mb L: 55/981 MS: 5 ChangeBinInt-CMP-ChangeByte-CMP-EraseBytes- DE: "\001\000\000\000\000\000\000\012"-"\000\000\000\000\000\000\000\002"-
#237181	REDUCE cov: 4365 ft: 14616 corp: 1737/65Kb lim: 1067 exec/s: 13951 rss: 322Mb L: 16/981 MS: 2 ChangeBit-EraseBytes-
#237242	REDUCE cov: 4365 ft: 14616 corp: 1737/65Kb lim: 1067 exec/s: 13955 rss: 322Mb L: 36/981 MS: 1 EraseBytes-
#237395	REDUCE cov: 4365 ft: 14632 corp: 1738/65Kb lim: 1067 exec/s: 13964 rss: 322Mb L: 45/981 MS: 3 EraseBytes-ShuffleBytes-CrossOver-
#238443	REDUCE cov: 4365 ft: 14632 corp: 1738/65Kb lim: 1077 exec/s: 14026 rss: 322Mb L: 7/981 MS: 3 EraseBytes-ShuffleBytes-EraseBytes-
#238540	NEW    cov: 4365 ft: 14636 corp: 1739/65Kb lim: 1077 exec/s: 14031 rss: 322Mb L: 45/981 MS: 2 InsertByte-CopyPart-
#238846	NEW    cov: 4365 ft: 14637 corp: 1740/65Kb lim: 1077 exec/s: 14049 rss: 322Mb L: 29/981 MS: 1 CrossOver-
#239045	REDUCE cov: 4365 ft: 14637 corp: 1740/65Kb lim: 1077 exec/s: 14061 rss: 322Mb L: 42/981 MS: 4 InsertByte-ChangeByte-ShuffleBytes-CrossOver-
#239531	REDUCE cov: 4365 ft: 14637 corp: 1740/65Kb lim: 1077 exec/s: 14090 rss: 322Mb L: 35/981 MS: 1 EraseBytes-
#239822	REDUCE cov: 4365 ft: 14637 corp: 1740/65Kb lim: 1077 exec/s: 14107 rss: 322Mb L: 13/981 MS: 1 EraseBytes-
#240093	REDUCE cov: 4365 ft: 14637 corp: 1740/65Kb lim: 1077 exec/s: 14123 rss: 322Mb L: 30/981 MS: 1 EraseBytes-
#240140	REDUCE cov: 4365 ft: 14637 corp: 1740/65Kb lim: 1077 exec/s: 14125 rss: 322Mb L: 41/981 MS: 2 InsertByte-EraseBytes-
#240172	REDUCE cov: 4365 ft: 14638 corp: 1741/65Kb lim: 1077 exec/s: 14127 rss: 322Mb L: 84/981 MS: 2 PersAutoDict-CopyPart- DE: "fals -0.22\\"-
#240419	REDUCE cov: 4365 ft: 14639 corp: 1742/65Kb lim: 1077 exec/s: 14142 rss: 322Mb L: 59/981 MS: 2 ChangeBinInt-CopyPart-
#240435	REDUCE cov: 4365 ft: 14640 corp: 1743/65Kb lim: 1077 exec/s: 14143 rss: 322Mb L: 26/981 MS: 1 CrossOver-
#240438	REDUCE cov: 4365 ft: 14640 corp: 1743/65Kb lim: 1077 exec/s: 14143 rss: 322Mb L: 75/981 MS: 3 ShuffleBytes-CMP-EraseBytes- DE: "\001\000\000\000\000\000\0001"-
#240496	REDUCE cov: 4365 ft: 14640 corp: 1743/65Kb lim: 1077 exec/s: 14146 rss: 322Mb L: 21/981 MS: 3 ChangeBit-InsertByte-EraseBytes-
#240518	REDUCE cov: 4365 ft: 14640 corp: 1743/65Kb lim: 1077 exec/s: 14148 rss: 322Mb L: 184/981 MS: 2 ChangeByte-EraseBytes-
#240985	REDUCE cov: 4365 ft: 14640 corp: 1743/65Kb lim: 1077 exec/s: 14175 rss: 322Mb L: 271/981 MS: 2 InsertRepeatedBytes-EraseBytes-
#241136	REDUCE cov: 4365 ft: 14640 corp: 1743/65Kb lim: 1077 exec/s: 14184 rss: 322Mb L: 10/981 MS: 1 EraseBytes-
#241148	NEW    cov: 4365 ft: 14641 corp: 1744/65Kb lim: 1077 exec/s: 14185 rss: 322Mb L: 303/981 MS: 2 CrossOver-CrossOver-
#241325	REDUCE cov: 4365 ft: 14641 corp: 1744/65Kb lim: 1077 exec/s: 14195 rss: 322Mb L: 14/981 MS: 2 ChangeBit-EraseBytes-
#241436	REDUCE cov: 4365 ft: 14641 corp: 1744/65Kb lim: 1077 exec/s: 14202 rss: 322Mb L: 40/981 MS: 1 EraseBytes-
#242362	REDUCE cov: 4365 ft: 14641 corp: 1744/65Kb lim: 1077 exec/s: 14256 rss: 322Mb L: 67/981 MS: 1 EraseBytes-
#242393	REDUCE cov: 4365 ft: 14641 corp: 1744/65Kb lim: 1077 exec/s: 14258 rss: 322Mb L: 15/981 MS: 1 EraseBytes-
#242398	REDUCE cov: 4365 ft: 14641 corp: 1744/65Kb lim: 1077 exec/s: 14258 rss: 322Mb L: 118/981 MS: 5 ShuffleBytes-ShuffleBytes-ChangeBit-ShuffleBytes-EraseBytes-
#242479	REDUCE cov: 4365 ft: 14641 corp: 1744/65Kb lim: 1077 exec/s: 14263 rss: 322Mb L: 18/981 MS: 1 EraseBytes-
#242656	REDUCE cov: 4365 ft: 14641 corp: 1744/65Kb lim: 1077 exec/s: 14273 rss: 322Mb L: 68/981 MS: 2 CrossOver-EraseBytes-
#243012	REDUCE cov: 4365 ft: 14641 corp: 1744/65Kb lim: 1077 exec/s: 14294 rss: 322Mb L: 65/981 MS: 1 EraseBytes-
#243365	NEW    cov: 4365 ft: 14643 corp: 1745/66Kb lim: 1077 exec/s: 13520 rss: 322Mb L: 118/981 MS: 3 ChangeBit-InsertRepeatedBytes-EraseBytes-
#243432	REDUCE cov: 4365 ft: 14643 corp: 1745/66Kb lim: 1077 exec/s: 13524 rss: 322Mb L: 56/981 MS: 2 PersAutoDict-EraseBytes- DE: "\000\000\000\000\000\000\000\011"-
#243718	REDUCE cov: 4365 ft: 14643 corp: 1745/66Kb lim: 1077 exec/s: 13539 rss: 322Mb L: 14/981 MS: 1 EraseBytes-
#244095	REDUCE cov: 4365 ft: 14643 corp: 1745/66Kb lim: 1077 exec/s: 13560 rss: 322Mb L: 78/981 MS: 2 ChangeByte-EraseBytes-
#244163	REDUCE cov: 4365 ft: 14643 corp: 1745/66Kb lim: 1077 exec/s: 13564 rss: 322Mb L: 20/981 MS: 3 InsertByte-CopyPart-EraseBytes-
#244359	REDUCE cov: 4365 ft: 14643 corp: 1745/66Kb lim: 1077 exec/s: 13575 rss: 322Mb L: 47/981 MS: 1 EraseBytes-
#244595	REDUCE cov: 4365 ft: 14643 corp: 1745/66Kb lim: 1077 exec/s: 13588 rss: 322Mb L: 17/981 MS: 1 EraseBytes-
#244725	REDUCE cov: 4365 ft: 14646 corp: 1746/66Kb lim: 1077 exec/s: 13595 rss: 322Mb L: 168/981 MS: 5 ChangeASCIIInt-ChangeBit-ChangeBinInt-CopyPart-CopyPart-
#244826	REDUCE cov: 4365 ft: 14646 corp: 1746/66Kb lim: 1077 exec/s: 13601 rss: 322Mb L: 40/981 MS: 1 EraseBytes-
#244932	REDUCE cov: 4365 ft: 14646 corp: 1746/66Kb lim: 1077 exec/s: 13607 rss: 322Mb L: 61/981 MS: 1 EraseBytes-
#245388	REDUCE cov: 4365 ft: 14646 corp: 1746/66Kb lim: 1077 exec/s: 13632 rss: 322Mb L: 12/981 MS: 1 EraseBytes-
#245580	REDUCE cov: 4365 ft: 14646 corp: 1746/66Kb lim: 1077 exec/s: 13643 rss: 322Mb L: 25/981 MS: 2 ShuffleBytes-EraseBytes-
#246533	REDUCE cov: 4365 ft: 14646 corp: 1746/66Kb lim: 1077 exec/s: 13696 rss: 322Mb L: 89/981 MS: 3 ShuffleBytes-ChangeBinInt-EraseBytes-
#246739	REDUCE cov: 4365 ft: 14646 corp: 1746/66Kb lim: 1077 exec/s: 13707 rss: 322Mb L: 7/981 MS: 1 EraseBytes-
#246756	REDUCE cov: 4365 ft: 14646 corp: 1746/66Kb lim: 1077 exec/s: 13708 rss: 322Mb L: 4/981 MS: 2 CrossOver-EraseBytes-
#246908	REDUCE cov: 4365 ft: 14648 corp: 1747/66Kb lim: 1077 exec/s: 13717 rss: 322Mb L: 21/981 MS: 2 InsertRepeatedBytes-EraseBytes-
#247055	REDUCE cov: 4365 ft: 14648 corp: 1747/66Kb lim: 1077 exec/s: 13725 rss: 322Mb L: 18/981 MS: 2 ChangeByte-EraseBytes-
#247193	REDUCE cov: 4365 ft: 14648 corp: 1747/66Kb lim: 1077 exec/s: 13732 rss: 322Mb L: 32/981 MS: 3 ShuffleBytes-ChangeByte-EraseBytes-
#247235	REDUCE cov: 4365 ft: 14648 corp: 1747/66Kb lim: 1077 exec/s: 13735 rss: 322Mb L: 16/981 MS: 2 PersAutoDict-EraseBytes- DE: "fatr"-
#247401	REDUCE cov: 4365 ft: 14648 corp: 1747/66Kb lim: 1077 exec/s: 13744 rss: 322Mb L: 30/981 MS: 1 EraseBytes-
#247696	REDUCE cov: 4365 ft: 14648 corp: 1747/66Kb lim: 1077 exec/s: 13760 rss: 322Mb L: 17/981 MS: 5 CrossOver-ChangeBinInt-CMP-ChangeBinInt-EraseBytes- DE: "Unmt"-
#247818	NEW    cov: 4365 ft: 14649 corp: 1748/66Kb lim: 1077 exec/s: 13767 rss: 322Mb L: 152/981 MS: 2 ChangeASCIIInt-EraseBytes-
#247900	REDUCE cov: 4365 ft: 14650 corp: 1749/66Kb lim: 1077 exec/s: 13772 rss: 322Mb L: 122/981 MS: 2 ChangeBit-InsertByte-
#248017	REDUCE cov: 4365 ft: 14658 corp: 1750/66Kb lim: 1077 exec/s: 13778 rss: 322Mb L: 73/981 MS: 2 CopyPart-CopyPart-
#248037	REDUCE cov: 4365 ft: 14662 corp: 1751/66Kb lim: 1077 exec/s: 13779 rss: 322Mb L: 38/981 MS: 5 ChangeBit-PersAutoDict-CopyPart-CMP-EraseBytes- DE: "D\000\000\000"-"UiUt"-
#248238	REDUCE cov: 4365 ft: 14662 corp: 1751/66Kb lim: 1077 exec/s: 13791 rss: 322Mb L: 28/981 MS: 1 EraseBytes-
#248444	REDUCE cov: 4365 ft: 14670 corp: 1752/66Kb lim: 1077 exec/s: 13802 rss: 322Mb L: 242/981 MS: 1 CrossOver-
#249150	REDUCE cov: 4365 ft: 14670 corp: 1752/66Kb lim: 1077 exec/s: 13841 rss: 322Mb L: 11/981 MS: 1 EraseBytes-
#249454	REDUCE cov: 4365 ft: 14670 corp: 1752/66Kb lim: 1077 exec/s: 13858 rss: 322Mb L: 89/981 MS: 4 InsertByte-CopyPart-CopyPart-EraseBytes-
#249505	REDUCE cov: 4365 ft: 14670 corp: 1752/66Kb lim: 1077 exec/s: 13861 rss: 322Mb L: 203/981 MS: 1 EraseBytes-
#249606	NEW    cov: 4365 ft: 14671 corp: 1753/66Kb lim: 1077 exec/s: 13867 rss: 322Mb L: 101/981 MS: 1 InsertRepeatedBytes-
#249796	REDUCE cov: 4365 ft: 14671 corp: 1753/66Kb lim: 1077 exec/s: 13877 rss: 322Mb L: 89/981 MS: 5 ChangeBit-ShuffleBytes-ChangeBit-ShuffleBytes-EraseBytes-
#250387	REDUCE cov: 4365 ft: 14671 corp: 1753/66Kb lim: 1077 exec/s: 13910 rss: 322Mb L: 34/981 MS: 1 EraseBytes-
#250654	REDUCE cov: 4365 ft: 14671 corp: 1753/66Kb lim: 1077 exec/s: 13925 rss: 322Mb L: 35/981 MS: 2 ChangeByte-EraseBytes-
#250781	REDUCE cov: 4365 ft: 14671 corp: 1753/66Kb lim: 1077 exec/s: 13932 rss: 322Mb L: 43/981 MS: 2 CMP-EraseBytes- DE: "\020\000\000\000"-
#251317	REDUCE cov: 4365 ft: 14671 corp: 1753/66Kb lim: 1077 exec/s: 13962 rss: 322Mb L: 62/981 MS: 1 EraseBytes-
#251668	REDUCE cov: 4365 ft: 14671 corp: 1753/66Kb lim: 1077 exec/s: 13981 rss: 322Mb L: 33/981 MS: 1 EraseBytes-
#251779	REDUCE cov: 4365 ft: 14671 corp: 1753/66Kb lim: 1077 exec/s: 13987 rss: 322Mb L: 12/981 MS: 1 EraseBytes-
#251920	REDUCE cov: 4365 ft: 14671 corp: 1753/66Kb lim: 1077 exec/s: 13995 rss: 322Mb L: 49/981 MS: 1 EraseBytes-
#252020	REDUCE cov: 4365 ft: 14679 corp: 1754/66Kb lim: 1077 exec/s: 14001 rss: 322Mb L: 246/981 MS: 5 ShuffleBytes-ChangeBinInt-ChangeBit-ChangeBit-CrossOver-
#252351	REDUCE cov: 4365 ft: 14679 corp: 1754/66Kb lim: 1077 exec/s: 14019 rss: 322Mb L: 19/981 MS: 1 EraseBytes-
#252387	REDUCE cov: 4365 ft: 14679 corp: 1754/66Kb lim: 1077 exec/s: 14021 rss: 322Mb L: 8/981 MS: 1 EraseBytes-
#252418	NEW    cov: 4365 ft: 14681 corp: 1755/66Kb lim: 1077 exec/s: 14023 rss: 322Mb L: 12/981 MS: 1 ChangeByte-
#252546	REDUCE cov: 4365 ft: 14681 corp: 1755/66Kb lim: 1077 exec/s: 14030 rss: 322Mb L: 96/981 MS: 3 CrossOver-ShuffleBytes-EraseBytes-
#252743	REDUCE cov: 4365 ft: 14681 corp: 1755/66Kb lim: 1077 exec/s: 14041 rss: 322Mb L: 13/981 MS: 2 ChangeBit-EraseBytes-
#252835	REDUCE cov: 4365 ft: 14681 corp: 1755/66Kb lim: 1077 exec/s: 14046 rss: 322Mb L: 22/981 MS: 2 ChangeBinInt-EraseBytes-
#252881	REDUCE cov: 4365 ft: 14681 corp: 1755/66Kb lim: 1077 exec/s: 14048 rss: 322Mb L: 47/981 MS: 1 EraseBytes-
#253047	REDUCE cov: 4365 ft: 14681 corp: 1755/66Kb lim: 1077 exec/s: 14058 rss: 322Mb L: 36/981 MS: 1 EraseBytes-
#253193	REDUCE cov: 4365 ft: 14681 corp: 1755/66Kb lim: 1077 exec/s: 14066 rss: 322Mb L: 32/981 MS: 1 EraseBytes-
#253474	REDUCE cov: 4365 ft: 14681 corp: 1755/66Kb lim: 1077 exec/s: 14081 rss: 322Mb L: 3/981 MS: 1 EraseBytes-
#254050	REDUCE cov: 4365 ft: 14681 corp: 1755/66Kb lim: 1077 exec/s: 14113 rss: 322Mb L: 135/981 MS: 1 EraseBytes-
#254451	NEW    cov: 4365 ft: 14689 corp: 1756/67Kb lim: 1077 exec/s: 14136 rss: 322Mb L: 165/981 MS: 1 InsertRepeatedBytes-
#254487	REDUCE cov: 4365 ft: 14689 corp: 1756/67Kb lim: 1077 exec/s: 14138 rss: 322Mb L: 39/981 MS: 1 EraseBytes-
#254534	REDUCE cov: 4365 ft: 14689 corp: 1756/67Kb lim: 1077 exec/s: 14140 rss: 322Mb L: 87/981 MS: 2 ChangeBit-EraseBytes-
#254645	REDUCE cov: 4365 ft: 14689 corp: 1756/67Kb lim: 1077 exec/s: 14146 rss: 322Mb L: 117/981 MS: 1 EraseBytes-
#254826	REDUCE cov: 4365 ft: 14689 corp: 1756/67Kb lim: 1077 exec/s: 14157 rss: 322Mb L: 13/981 MS: 1 EraseBytes-
#254913	NEW    cov: 4365 ft: 14690 corp: 1757/67Kb lim: 1077 exec/s: 14161 rss: 322Mb L: 50/981 MS: 2 ChangeASCIIInt-CrossOver-
#255185	REDUCE cov: 4365 ft: 14690 corp: 1757/67Kb lim: 1077 exec/s: 14176 rss: 322Mb L: 16/981 MS: 2 EraseBytes-ChangeBinInt-
#255197	NEW    cov: 4365 ft: 14696 corp: 1758/67Kb lim: 1077 exec/s: 14177 rss: 322Mb L: 246/981 MS: 2 CMP-CopyPart- DE: "\0025"-
#255668	REDUCE cov: 4365 ft: 14696 corp: 1758/67Kb lim: 1077 exec/s: 14203 rss: 322Mb L: 35/981 MS: 1 EraseBytes-
#255672	NEW    cov: 4365 ft: 14704 corp: 1759/67Kb lim: 1077 exec/s: 14204 rss: 322Mb L: 80/981 MS: 4 CopyPart-ChangeBinInt-PersAutoDict-ChangeASCIIInt- DE: "\177\000\000\000\000\000\000\000"-
#256580	REDUCE cov: 4365 ft: 14704 corp: 1759/67Kb lim: 1077 exec/s: 14254 rss: 322Mb L: 19/981 MS: 1 EraseBytes-
#256921	REDUCE cov: 4365 ft: 14704 corp: 1759/67Kb lim: 1077 exec/s: 13522 rss: 322Mb L: 5/981 MS: 1 EraseBytes-
#256967	REDUCE cov: 4365 ft: 14704 corp: 1759/67Kb lim: 1077 exec/s: 13524 rss: 322Mb L: 15/981 MS: 1 EraseBytes-
#256973	REDUCE cov: 4365 ft: 14704 corp: 1759/67Kb lim: 1077 exec/s: 13524 rss: 322Mb L: 77/981 MS: 1 EraseBytes-
#257014	REDUCE cov: 4365 ft: 14704 corp: 1759/67Kb lim: 1077 exec/s: 13527 rss: 322Mb L: 14/981 MS: 1 EraseBytes-
#257103	REDUCE cov: 4365 ft: 14704 corp: 1759/67Kb lim: 1077 exec/s: 13531 rss: 322Mb L: 118/981 MS: 4 CMP-ChangeBit-CMP-EraseBytes- DE: "\000\000\000\000\000\000\000\000"-"\001\000\003|\371\371\365\035"-
#257724	REDUCE cov: 4365 ft: 14704 corp: 1759/67Kb lim: 1077 exec/s: 13564 rss: 322Mb L: 29/981 MS: 1 EraseBytes-
#257780	REDUCE cov: 4365 ft: 14704 corp: 1759/67Kb lim: 1077 exec/s: 13567 rss: 322Mb L: 48/981 MS: 1 EraseBytes-
#257976	REDUCE cov: 4365 ft: 14704 corp: 1759/67Kb lim: 1077 exec/s: 13577 rss: 322Mb L: 24/981 MS: 1 EraseBytes-
#258022	REDUCE cov: 4365 ft: 14704 corp: 1759/67Kb lim: 1077 exec/s: 13580 rss: 322Mb L: 20/981 MS: 1 EraseBytes-
#258411	REDUCE cov: 4365 ft: 14704 corp: 1759/67Kb lim: 1077 exec/s: 13600 rss: 322Mb L: 155/981 MS: 4 PersAutoDict-ChangeBinInt-PersAutoDict-EraseBytes- DE: "\177\000\000\000\000\000\000\000"-"\001\000\000\000\000\000\000\012"-
#258748	REDUCE cov: 4365 ft: 14704 corp: 1759/67Kb lim: 1077 exec/s: 13618 rss: 322Mb L: 34/981 MS: 2 InsertByte-EraseBytes-
#258939	REDUCE cov: 4365 ft: 14704 corp: 1759/67Kb lim: 1077 exec/s: 13628 rss: 322Mb L: 17/981 MS: 1 EraseBytes-
#258941	REDUCE cov: 4365 ft: 14704 corp: 1759/67Kb lim: 1077 exec/s: 13628 rss: 322Mb L: 313/981 MS: 2 ChangeASCIIInt-EraseBytes-
#258998	REDUCE cov: 4365 ft: 14704 corp: 1759/67Kb lim: 1077 exec/s: 13631 rss: 322Mb L: 27/981 MS: 2 CopyPart-EraseBytes-
#259094	NEW    cov: 4365 ft: 14710 corp: 1760/67Kb lim: 1077 exec/s: 13636 rss: 322Mb L: 231/981 MS: 1 CrossOver-
#259413	REDUCE cov: 4365 ft: 14710 corp: 1760/67Kb lim: 1077 exec/s: 13653 rss: 322Mb L: 325/981 MS: 4 ChangeBinInt-CopyPart-ChangeBinInt-EraseBytes-
#259549	REDUCE cov: 4365 ft: 14710 corp: 1760/67Kb lim: 1077 exec/s: 13660 rss: 322Mb L: 14/981 MS: 1 EraseBytes-
#259575	REDUCE cov: 4365 ft: 14710 corp: 1760/67Kb lim: 1077 exec/s: 13661 rss: 322Mb L: 43/981 MS: 1 EraseBytes-
#259861	REDUCE cov: 4365 ft: 14710 corp: 1760/67Kb lim: 1077 exec/s: 13676 rss: 322Mb L: 36/981 MS: 1 EraseBytes-
#260108	REDUCE cov: 4365 ft: 14710 corp: 1760/67Kb lim: 1077 exec/s: 13689 rss: 322Mb L: 36/981 MS: 2 ChangeByte-EraseBytes-
#260154	REDUCE cov: 4365 ft: 14710 corp: 1760/67Kb lim: 1077 exec/s: 13692 rss: 322Mb L: 18/981 MS: 1 EraseBytes-
#260376	NEW    cov: 4366 ft: 14711 corp: 1761/67Kb lim: 1077 exec/s: 13704 rss: 322Mb L: 28/981 MS: 2 EraseBytes-ChangeASCIIInt-
#260593	REDUCE cov: 4366 ft: 14711 corp: 1761/67Kb lim: 1077 exec/s: 13715 rss: 322Mb L: 10/981 MS: 2 CopyPart-EraseBytes-
#260624	REDUCE cov: 4366 ft: 14711 corp: 1761/67Kb lim: 1077 exec/s: 13717 rss: 322Mb L: 10/981 MS: 1 EraseBytes-
#260705	REDUCE cov: 4366 ft: 14711 corp: 1761/67Kb lim: 1077 exec/s: 13721 rss: 322Mb L: 492/981 MS: 1 EraseBytes-
#260751	REDUCE cov: 4366 ft: 14711 corp: 1761/67Kb lim: 1077 exec/s: 13723 rss: 322Mb L: 18/981 MS: 1 EraseBytes-
#261217	REDUCE cov: 4366 ft: 14711 corp: 1761/67Kb lim: 1077 exec/s: 13748 rss: 322Mb L: 9/981 MS: 1 EraseBytes-
#261229	NEW    cov: 4366 ft: 14712 corp: 1762/67Kb lim: 1077 exec/s: 13748 rss: 322Mb L: 35/981 MS: 2 ChangeBinInt-CMP- DE: "\020\345\002\252"-
#261585	REDUCE cov: 4366 ft: 14712 corp: 1762/67Kb lim: 1077 exec/s: 13767 rss: 322Mb L: 12/981 MS: 1 EraseBytes-
#261596	NEW    cov: 4366 ft: 14728 corp: 1763/67Kb lim: 1077 exec/s: 13768 rss: 322Mb L: 45/981 MS: 1 PersAutoDict- DE: "\001\000\000\000\000\000\000\012"-
#261789	REDUCE cov: 4366 ft: 14728 corp: 1763/67Kb lim: 1077 exec/s: 13778 rss: 322Mb L: 102/981 MS: 3 ShuffleBytes-CrossOver-EraseBytes-
#262045	REDUCE cov: 4366 ft: 14728 corp: 1763/67Kb lim: 1077 exec/s: 13791 rss: 322Mb L: 36/981 MS: 1 EraseBytes-
#262142	REDUCE cov: 4366 ft: 14728 corp: 1763/67Kb lim: 1077 exec/s: 13796 rss: 322Mb L: 183/981 MS: 2 ChangeBinInt-EraseBytes-
#262144	pulse  cov: 4366 ft: 14728 corp: 1763/67Kb lim: 1077 exec/s: 13797 rss: 322Mb
#262663	REDUCE cov: 4366 ft: 14728 corp: 1763/67Kb lim: 1077 exec/s: 13824 rss: 322Mb L: 14/981 MS: 1 EraseBytes-
#263284	REDUCE cov: 4366 ft: 14728 corp: 1763/67Kb lim: 1077 exec/s: 13857 rss: 322Mb L: 28/981 MS: 1 EraseBytes-
#263515	REDUCE cov: 4366 ft: 14732 corp: 1764/67Kb lim: 1077 exec/s: 13869 rss: 322Mb L: 183/981 MS: 1 PersAutoDict- DE: "\304\343\267x"-
#263601	REDUCE cov: 4366 ft: 14732 corp: 1764/67Kb lim: 1077 exec/s: 13873 rss: 322Mb L: 85/981 MS: 1 EraseBytes-
#263629	REDUCE cov: 4366 ft: 14732 corp: 1764/67Kb lim: 1077 exec/s: 13875 rss: 322Mb L: 29/981 MS: 3 CrossOver-ChangeBit-EraseBytes-
#263941	REDUCE cov: 4366 ft: 14732 corp: 1764/67Kb lim: 1077 exec/s: 13891 rss: 322Mb L: 2/981 MS: 2 InsertByte-EraseBytes-
#264062	REDUCE cov: 4366 ft: 14732 corp: 1764/67Kb lim: 1077 exec/s: 13898 rss: 322Mb L: 8/981 MS: 1 EraseBytes-
#264389	REDUCE cov: 4366 ft: 14732 corp: 1764/67Kb lim: 1077 exec/s: 13915 rss: 322Mb L: 24/981 MS: 2 ShuffleBytes-EraseBytes-
#264451	REDUCE cov: 4366 ft: 14732 corp: 1764/67Kb lim: 1077 exec/s: 13918 rss: 322Mb L: 62/981 MS: 2 ChangeBinInt-EraseBytes-
#264592	REDUCE cov: 4366 ft: 14732 corp: 1764/67Kb lim: 1077 exec/s: 13925 rss: 322Mb L: 16/981 MS: 1 EraseBytes-
#264758	REDUCE cov: 4366 ft: 14732 corp: 1764/67Kb lim: 1077 exec/s: 13934 rss: 322Mb L: 39/981 MS: 1 EraseBytes-
#265239	REDUCE cov: 4366 ft: 14732 corp: 1764/67Kb lim: 1077 exec/s: 13959 rss: 322Mb L: 13/981 MS: 1 EraseBytes-
#265865	REDUCE cov: 4366 ft: 14732 corp: 1764/67Kb lim: 1077 exec/s: 13992 rss: 322Mb L: 4/981 MS: 1 EraseBytes-
#266101	REDUCE cov: 4366 ft: 14732 corp: 1764/67Kb lim: 1077 exec/s: 14005 rss: 322Mb L: 40/981 MS: 1 EraseBytes-
#266147	REDUCE cov: 4366 ft: 14732 corp: 1764/67Kb lim: 1077 exec/s: 14007 rss: 322Mb L: 167/981 MS: 1 EraseBytes-
#266448	REDUCE cov: 4368 ft: 14734 corp: 1765/67Kb lim: 1077 exec/s: 14023 rss: 322Mb L: 44/981 MS: 1 EraseBytes-
#266454	REDUCE cov: 4368 ft: 14734 corp: 1765/67Kb lim: 1077 exec/s: 14023 rss: 322Mb L: 27/981 MS: 1 EraseBytes-
#266570	REDUCE cov: 4368 ft: 14734 corp: 1765/67Kb lim: 1077 exec/s: 14030 rss: 322Mb L: 38/981 MS: 1 EraseBytes-
#267183	REDUCE cov: 4368 ft: 14734 corp: 1765/67Kb lim: 1077 exec/s: 14062 rss: 322Mb L: 5/981 MS: 3 ShuffleBytes-CopyPart-EraseBytes-
#267281	NEW    cov: 4368 ft: 14735 corp: 1766/67Kb lim: 1077 exec/s: 14067 rss: 322Mb L: 51/981 MS: 3 CMP-InsertRepeatedBytes-InsertByte- DE: "\\\\"-
#267439	REDUCE cov: 4368 ft: 14735 corp: 1766/67Kb lim: 1077 exec/s: 14075 rss: 322Mb L: 72/981 MS: 3 CrossOver-PersAutoDict-EraseBytes- DE: "\177\000\000\000\000\000\000\000"-
#267505	REDUCE cov: 4368 ft: 14735 corp: 1766/67Kb lim: 1077 exec/s: 14079 rss: 322Mb L: 42/981 MS: 1 EraseBytes-
#267645	REDUCE cov: 4368 ft: 14735 corp: 1766/67Kb lim: 1077 exec/s: 14086 rss: 322Mb L: 36/981 MS: 5 ChangeASCIIInt-ChangeASCIIInt-ChangeASCIIInt-ShuffleBytes-EraseBytes-
#267776	REDUCE cov: 4368 ft: 14735 corp: 1766/67Kb lim: 1077 exec/s: 14093 rss: 322Mb L: 26/981 MS: 1 EraseBytes-
#267853	REDUCE cov: 4368 ft: 14735 corp: 1766/67Kb lim: 1077 exec/s: 14097 rss: 322Mb L: 78/981 MS: 2 CopyPart-EraseBytes-
#268135	REDUCE cov: 4368 ft: 14735 corp: 1766/67Kb lim: 1077 exec/s: 14112 rss: 322Mb L: 55/981 MS: 2 PersAutoDict-EraseBytes- DE: "true"-
#268518	REDUCE cov: 4368 ft: 14735 corp: 1766/67Kb lim: 1077 exec/s: 14132 rss: 322Mb L: 293/981 MS: 3 ChangeBit-CopyPart-EraseBytes-
#268564	REDUCE cov: 4368 ft: 14735 corp: 1766/67Kb lim: 1077 exec/s: 14134 rss: 322Mb L: 25/981 MS: 1 EraseBytes-
#268768	NEW    cov: 4368 ft: 14737 corp: 1767/67Kb lim: 1077 exec/s: 14145 rss: 322Mb L: 70/981 MS: 4 InsertByte-CrossOver-ShuffleBytes-CrossOver-
#269124	REDUCE cov: 4368 ft: 14737 corp: 1767/67Kb lim: 1077 exec/s: 14164 rss: 322Mb L: 20/981 MS: 1 EraseBytes-
#269711	REDUCE cov: 4368 ft: 14737 corp: 1767/67Kb lim: 1077 exec/s: 14195 rss: 322Mb L: 12/981 MS: 2 ChangeASCIIInt-EraseBytes-
#270009	REDUCE cov: 4368 ft: 14737 corp: 1767/67Kb lim: 1077 exec/s: 14211 rss: 322Mb L: 4/981 MS: 3 ChangeBit-ChangeByte-EraseBytes-
#270030	REDUCE cov: 4368 ft: 14737 corp: 1767/67Kb lim: 1077 exec/s: 14212 rss: 322Mb L: 22/981 MS: 1 EraseBytes-
#270183	REDUCE cov: 4368 ft: 14737 corp: 1767/67Kb lim: 1077 exec/s: 14220 rss: 322Mb L: 89/981 MS: 3 CrossOver-ChangeBinInt-EraseBytes-
#270410	REDUCE cov: 4368 ft: 14737 corp: 1767/67Kb lim: 1077 exec/s: 13520 rss: 322Mb L: 17/981 MS: 2 CMP-EraseBytes- DE: "true\""-
#270561	REDUCE cov: 4368 ft: 14737 corp: 1767/67Kb lim: 1077 exec/s: 13528 rss: 322Mb L: 31/981 MS: 1 EraseBytes-
#270888	REDUCE cov: 4368 ft: 14737 corp: 1767/67Kb lim: 1077 exec/s: 13544 rss: 322Mb L: 41/981 MS: 2 ShuffleBytes-EraseBytes-
#270911	REDUCE cov: 4368 ft: 14737 corp: 1767/67Kb lim: 1077 exec/s: 13545 rss: 322Mb L: 82/981 MS: 3 InsertByte-ChangeByte-EraseBytes-
#270913	REDUCE cov: 4368 ft: 14737 corp: 1767/67Kb lim: 1077 exec/s: 13545 rss: 322Mb L: 32/981 MS: 2 ShuffleBytes-EraseBytes-
#271094	REDUCE cov: 4368 ft: 14737 corp: 1767/67Kb lim: 1077 exec/s: 13554 rss: 322Mb L: 287/981 MS: 1 EraseBytes-
#271250	REDUCE cov: 4368 ft: 14737 corp: 1767/67Kb lim: 1077 exec/s: 13562 rss: 322Mb L: 195/981 MS: 1 EraseBytes-
#271526	REDUCE cov: 4368 ft: 14737 corp: 1767/67Kb lim: 1077 exec/s: 13576 rss: 322Mb L: 8/981 MS: 1 EraseBytes-
#271600	REDUCE cov: 4368 ft: 14737 corp: 1767/67Kb lim: 1077 exec/s: 13580 rss: 322Mb L: 21/981 MS: 4 ChangeBinInt-ChangeByte-CMP-EraseBytes- DE: "\001\000\000\006"-
#272196	REDUCE cov: 4368 ft: 14737 corp: 1767/67Kb lim: 1077 exec/s: 13609 rss: 322Mb L: 26/981 MS: 1 EraseBytes-
#272353	REDUCE cov: 4368 ft: 14737 corp: 1767/67Kb lim: 1077 exec/s: 13617 rss: 322Mb L: 34/981 MS: 2 PersAutoDict-EraseBytes- DE: "\000\000\000\000\000\000\000\004"-
#272509	REDUCE cov: 4368 ft: 14737 corp: 1767/67Kb lim: 1077 exec/s: 13625 rss: 322Mb L: 36/981 MS: 1 EraseBytes-
#272596	REDUCE cov: 4368 ft: 14737 corp: 1767/67Kb lim: 1077 exec/s: 13629 rss: 322Mb L: 34/981 MS: 2 CopyPart-EraseBytes-
#272824	REDUCE cov: 4368 ft: 14737 corp: 1767/67Kb lim: 1077 exec/s: 13641 rss: 322Mb L: 10/981 MS: 3 ShuffleBytes-EraseBytes-InsertByte-
#273055	REDUCE cov: 4368 ft: 14737 corp: 1767/67Kb lim: 1077 exec/s: 13652 rss: 322Mb L: 5/981 MS: 1 EraseBytes-
#273556	REDUCE cov: 4368 ft: 14737 corp: 1767/67Kb lim: 1077 exec/s: 13677 rss: 322Mb L: 182/981 MS: 1 EraseBytes-
#273862	REDUCE cov: 4368 ft: 14737 corp: 1767/67Kb lim: 1077 exec/s: 13693 rss: 322Mb L: 16/981 MS: 1 EraseBytes-
#274080	REDUCE cov: 4368 ft: 14737 corp: 1767/67Kb lim: 1077 exec/s: 13704 rss: 322Mb L: 46/981 MS: 3 PersAutoDict-CrossOver-EraseBytes- DE: "\003\000\000\000\000\000\000\200"-
#274162	REDUCE cov: 4368 ft: 14737 corp: 1767/67Kb lim: 1077 exec/s: 13708 rss: 322Mb L: 24/981 MS: 2 ChangeBinInt-EraseBytes-
#274273	REDUCE cov: 4368 ft: 14737 corp: 1767/67Kb lim: 1077 exec/s: 13713 rss: 322Mb L: 31/981 MS: 1 EraseBytes-
#274554	REDUCE cov: 4368 ft: 14737 corp: 1767/67Kb lim: 1077 exec/s: 13727 rss: 322Mb L: 45/981 MS: 1 EraseBytes-
#274897	REDUCE cov: 4368 ft: 14737 corp: 1767/67Kb lim: 1077 exec/s: 13744 rss: 322Mb L: 39/981 MS: 3 ChangeBit-ChangeBit-EraseBytes-
#274919	REDUCE cov: 4368 ft: 14737 corp: 1767/67Kb lim: 1077 exec/s: 13745 rss: 322Mb L: 6/981 MS: 2 ShuffleBytes-EraseBytes-
#275300	REDUCE cov: 4368 ft: 14737 corp: 1767/67Kb lim: 1077 exec/s: 13765 rss: 322Mb L: 34/981 MS: 1 EraseBytes-
#275476	REDUCE cov: 4368 ft: 14737 corp: 1767/67Kb lim: 1077 exec/s: 13773 rss: 322Mb L: 10/981 MS: 1 EraseBytes-
#275753	REDUCE cov: 4368 ft: 14739 corp: 1768/67Kb lim: 1077 exec/s: 13787 rss: 322Mb L: 129/981 MS: 2 ChangeASCIIInt-CopyPart-
#275859	REDUCE cov: 4368 ft: 14739 corp: 1768/67Kb lim: 1077 exec/s: 13792 rss: 322Mb L: 11/981 MS: 1 EraseBytes-
#275965	REDUCE cov: 4368 ft: 14739 corp: 1768/67Kb lim: 1077 exec/s: 13798 rss: 322Mb L: 47/981 MS: 1 EraseBytes-
#276102	REDUCE cov: 4368 ft: 14739 corp: 1768/67Kb lim: 1077 exec/s: 13805 rss: 322Mb L: 20/981 MS: 2 InsertByte-EraseBytes-
#276244	REDUCE cov: 4368 ft: 14739 corp: 1768/67Kb lim: 1077 exec/s: 13812 rss: 322Mb L: 19/981 MS: 2 PersAutoDict-EraseBytes- DE: "fa:e\365."-
#276270	REDUCE cov: 4368 ft: 14739 corp: 1768/67Kb lim: 1077 exec/s: 13813 rss: 322Mb L: 33/981 MS: 1 EraseBytes-
#276291	REDUCE cov: 4368 ft: 14739 corp: 1768/67Kb lim: 1077 exec/s: 13814 rss: 322Mb L: 10/981 MS: 1 EraseBytes-
#276302	REDUCE cov: 4368 ft: 14739 corp: 1768/67Kb lim: 1077 exec/s: 13815 rss: 322Mb L: 117/981 MS: 1 EraseBytes-
#277033	REDUCE cov: 4368 ft: 14739 corp: 1768/67Kb lim: 1077 exec/s: 13851 rss: 322Mb L: 19/981 MS: 1 EraseBytes-
#277039	REDUCE cov: 4368 ft: 14739 corp: 1768/67Kb lim: 1077 exec/s: 13851 rss: 322Mb L: 32/981 MS: 1 EraseBytes-
#277271	REDUCE cov: 4368 ft: 14740 corp: 1769/67Kb lim: 1077 exec/s: 13863 rss: 322Mb L: 70/981 MS: 2 ShuffleBytes-CMP- DE: "fals \377\377\377\377\377\377"-
#277445	REDUCE cov: 4368 ft: 14740 corp: 1769/67Kb lim: 1077 exec/s: 13872 rss: 322Mb L: 31/981 MS: 4 ShuffleBytes-CrossOver-ChangeASCIIInt-EraseBytes-
#277686	NEW    cov: 4368 ft: 14741 corp: 1770/67Kb lim: 1077 exec/s: 13884 rss: 322Mb L: 40/981 MS: 1 CMP- DE: "\010\000\000\000"-
#277702	REDUCE cov: 4368 ft: 14741 corp: 1770/67Kb lim: 1077 exec/s: 13885 rss: 322Mb L: 10/981 MS: 1 EraseBytes-
#278078	REDUCE cov: 4368 ft: 14741 corp: 1770/67Kb lim: 1077 exec/s: 13903 rss: 322Mb L: 46/981 MS: 1 EraseBytes-
#278301	REDUCE cov: 4368 ft: 14741 corp: 1770/67Kb lim: 1077 exec/s: 13915 rss: 322Mb L: 30/981 MS: 3 ChangeASCIIInt-ChangeBinInt-EraseBytes-
#278367	REDUCE cov: 4368 ft: 14742 corp: 1771/67Kb lim: 1077 exec/s: 13918 rss: 322Mb L: 27/981 MS: 1 ChangeBinInt-
#278903	NEW    cov: 4368 ft: 14744 corp: 1772/67Kb lim: 1077 exec/s: 13945 rss: 322Mb L: 33/981 MS: 1 EraseBytes-
#279030	NEW    cov: 4368 ft: 14745 corp: 1773/67Kb lim: 1077 exec/s: 13951 rss: 322Mb L: 9/981 MS: 2 ChangeBinInt-CopyPart-
#279268	REDUCE cov: 4368 ft: 14745 corp: 1773/67Kb lim: 1077 exec/s: 13963 rss: 322Mb L: 6/981 MS: 3 CopyPart-InsertByte-EraseBytes-
#279352	REDUCE cov: 4368 ft: 14745 corp: 1773/67Kb lim: 1077 exec/s: 13967 rss: 322Mb L: 24/981 MS: 4 InsertByte-ShuffleBytes-InsertByte-EraseBytes-
#279838	REDUCE cov: 4368 ft: 14745 corp: 1773/67Kb lim: 1077 exec/s: 13991 rss: 322Mb L: 10/981 MS: 1 EraseBytes-
#280359	REDUCE cov: 4368 ft: 14745 corp: 1773/67Kb lim: 1077 exec/s: 14017 rss: 322Mb L: 50/981 MS: 1 EraseBytes-
#280480	REDUCE cov: 4368 ft: 14747 corp: 1774/67Kb lim: 1077 exec/s: 14024 rss: 322Mb L: 51/981 MS: 1 EraseBytes-
#280495	REDUCE cov: 4368 ft: 14747 corp: 1774/67Kb lim: 1077 exec/s: 14024 rss: 322Mb L: 90/981 MS: 5 InsertByte-ChangeByte-EraseBytes-ChangeBit-PersAutoDict- DE: "\377\377\377\377\377\377\377\377"-
#280911	REDUCE cov: 4368 ft: 14747 corp: 1774/67Kb lim: 1077 exec/s: 14045 rss: 322Mb L: 25/981 MS: 1 EraseBytes-
#281132	REDUCE cov: 4368 ft: 14747 corp: 1774/67Kb lim: 1077 exec/s: 14056 rss: 322Mb L: 14/981 MS: 1 EraseBytes-
#281258	NEW    cov: 4368 ft: 14748 corp: 1775/67Kb lim: 1077 exec/s: 14062 rss: 322Mb L: 47/981 MS: 1 PersAutoDict- DE: "\001\000\000\000\000\000\0001"-
#281414	REDUCE cov: 4368 ft: 14748 corp: 1775/67Kb lim: 1077 exec/s: 14070 rss: 322Mb L: 50/981 MS: 1 EraseBytes-
#281635	REDUCE cov: 4368 ft: 14748 corp: 1775/67Kb lim: 1077 exec/s: 14081 rss: 322Mb L: 49/981 MS: 1 EraseBytes-
#281832	REDUCE cov: 4368 ft: 14752 corp: 1776/68Kb lim: 1077 exec/s: 14091 rss: 322Mb L: 1064/1064 MS: 2 ChangeByte-CopyPart-
#282038	REDUCE cov: 4370 ft: 14756 corp: 1777/68Kb lim: 1077 exec/s: 14101 rss: 322Mb L: 17/1064 MS: 1 ChangeByte-
#282499	REDUCE cov: 4370 ft: 14756 corp: 1777/68Kb lim: 1077 exec/s: 14124 rss: 322Mb L: 31/1064 MS: 1 EraseBytes-
#282773	REDUCE cov: 4370 ft: 14756 corp: 1777/68Kb lim: 1077 exec/s: 14138 rss: 322Mb L: 13/1064 MS: 4 ShuffleBytes-ShuffleBytes-CMP-EraseBytes- DE: "\000\000\000\000"-
#283146	REDUCE cov: 4370 ft: 14756 corp: 1777/68Kb lim: 1077 exec/s: 14157 rss: 322Mb L: 23/1064 MS: 3 InsertByte-ChangeByte-EraseBytes-
#283232	NEW    cov: 4370 ft: 14758 corp: 1778/68Kb lim: 1077 exec/s: 14161 rss: 322Mb L: 183/1064 MS: 1 CopyPart-
#283468	REDUCE cov: 4370 ft: 14758 corp: 1778/68Kb lim: 1077 exec/s: 14173 rss: 322Mb L: 13/1064 MS: 1 EraseBytes-
#283679	REDUCE cov: 4370 ft: 14758 corp: 1778/68Kb lim: 1077 exec/s: 14183 rss: 322Mb L: 48/1064 MS: 1 EraseBytes-
#283916	REDUCE cov: 4370 ft: 14758 corp: 1778/68Kb lim: 1077 exec/s: 14195 rss: 322Mb L: 12/1064 MS: 2 ChangeASCIIInt-EraseBytes-
#284027	REDUCE cov: 4370 ft: 14758 corp: 1778/68Kb lim: 1077 exec/s: 14201 rss: 322Mb L: 19/1064 MS: 1 EraseBytes-
#284452	REDUCE cov: 4370 ft: 14758 corp: 1778/68Kb lim: 1077 exec/s: 14222 rss: 322Mb L: 17/1064 MS: 5 ChangeBit-ChangeByte-ShuffleBytes-PersAutoDict-EraseBytes- DE: "Unmt"-
#284453	REDUCE cov: 4370 ft: 14758 corp: 1778/68Kb lim: 1077 exec/s: 14222 rss: 322Mb L: 240/1064 MS: 1 EraseBytes-
#284496	REDUCE cov: 4370 ft: 14758 corp: 1778/68Kb lim: 1077 exec/s: 13547 rss: 322Mb L: 10/1064 MS: 3 InsertByte-ChangeASCIIInt-EraseBytes-
#284692	REDUCE cov: 4370 ft: 14758 corp: 1778/68Kb lim: 1077 exec/s: 13556 rss: 322Mb L: 66/1064 MS: 1 EraseBytes-
#285078	REDUCE cov: 4370 ft: 14758 corp: 1778/68Kb lim: 1077 exec/s: 13575 rss: 322Mb L: 25/1064 MS: 1 EraseBytes-
#285119	REDUCE cov: 4370 ft: 14758 corp: 1778/68Kb lim: 1077 exec/s: 13577 rss: 322Mb L: 48/1064 MS: 1 EraseBytes-
#285375	REDUCE cov: 4370 ft: 14758 corp: 1778/68Kb lim: 1077 exec/s: 13589 rss: 322Mb L: 21/1064 MS: 1 EraseBytes-
#285614	REDUCE cov: 4370 ft: 14758 corp: 1778/68Kb lim: 1077 exec/s: 13600 rss: 322Mb L: 54/1064 MS: 4 ChangeByte-ChangeBit-ChangeByte-EraseBytes-
#285924	REDUCE cov: 4370 ft: 14758 corp: 1778/68Kb lim: 1077 exec/s: 13615 rss: 322Mb L: 53/1064 MS: 5 ShuffleBytes-ChangeByte-CopyPart-CMP-EraseBytes- DE: "ue"-
#286185	REDUCE cov: 4370 ft: 14758 corp: 1778/68Kb lim: 1077 exec/s: 13627 rss: 322Mb L: 133/1064 MS: 1 EraseBytes-
#286370	REDUCE cov: 4370 ft: 14758 corp: 1778/68Kb lim: 1077 exec/s: 13636 rss: 322Mb L: 125/1064 MS: 5 ChangeASCIIInt-ChangeASCIIInt-InsertByte-PersAutoDict-EraseBytes- DE: "New"-
#286461	REDUCE cov: 4370 ft: 14758 corp: 1778/68Kb lim: 1077 exec/s: 13641 rss: 322Mb L: 19/1064 MS: 1 EraseBytes-
#287313	REDUCE cov: 4370 ft: 14758 corp: 1778/68Kb lim: 1077 exec/s: 13681 rss: 322Mb L: 9/1064 MS: 2 CrossOver-EraseBytes-
#287555	REDUCE cov: 4370 ft: 14758 corp: 1778/68Kb lim: 1077 exec/s: 13693 rss: 322Mb L: 9/1064 MS: 2 ChangeASCIIInt-EraseBytes-
#287676	REDUCE cov: 4370 ft: 14758 corp: 1778/68Kb lim: 1077 exec/s: 13698 rss: 322Mb L: 60/1064 MS: 1 EraseBytes-
#287915	REDUCE cov: 4370 ft: 14758 corp: 1778/68Kb lim: 1077 exec/s: 13710 rss: 322Mb L: 66/1064 MS: 4 ChangeASCIIInt-ChangeBit-ChangeByte-EraseBytes-
#287956	REDUCE cov: 4370 ft: 14760 corp: 1779/68Kb lim: 1077 exec/s: 13712 rss: 322Mb L: 39/1064 MS: 1 EraseBytes-
#288262	REDUCE cov: 4370 ft: 14760 corp: 1779/68Kb lim: 1077 exec/s: 13726 rss: 322Mb L: 13/1064 MS: 1 EraseBytes-
#288345	REDUCE cov: 4370 ft: 14760 corp: 1779/68Kb lim: 1077 exec/s: 13730 rss: 322Mb L: 72/1064 MS: 3 ChangeByte-PersAutoDict-EraseBytes- DE: "\\\\"-
#288952	REDUCE cov: 4370 ft: 14760 corp: 1779/68Kb lim: 1077 exec/s: 13759 rss: 322Mb L: 29/1064 MS: 2 ShuffleBytes-EraseBytes-
#289245	NEW    cov: 4372 ft: 14762 corp: 1780/68Kb lim: 1077 exec/s: 13773 rss: 322Mb L: 13/1064 MS: 3 ChangeBit-CopyPart-EraseBytes-
#289476	REDUCE cov: 4372 ft: 14762 corp: 1780/68Kb lim: 1077 exec/s: 13784 rss: 322Mb L: 10/1064 MS: 1 EraseBytes-
#289742	REDUCE cov: 4372 ft: 14762 corp: 1780/68Kb lim: 1077 exec/s: 13797 rss: 322Mb L: 17/1064 MS: 1 EraseBytes-
#290129	REDUCE cov: 4372 ft: 14762 corp: 1780/68Kb lim: 1077 exec/s: 13815 rss: 322Mb L: 39/1064 MS: 2 ShuffleBytes-EraseBytes-
#290477	REDUCE cov: 4372 ft: 14762 corp: 1780/68Kb lim: 1077 exec/s: 13832 rss: 322Mb L: 23/1064 MS: 3 ChangeASCIIInt-CopyPart-EraseBytes-
#290599	REDUCE cov: 4372 ft: 14762 corp: 1780/68Kb lim: 1077 exec/s: 13838 rss: 322Mb L: 64/1064 MS: 2 ShuffleBytes-EraseBytes-
#290705	REDUCE cov: 4372 ft: 14762 corp: 1780/68Kb lim: 1077 exec/s: 13843 rss: 322Mb L: 18/1064 MS: 1 EraseBytes-
#290741	REDUCE cov: 4372 ft: 14762 corp: 1780/68Kb lim: 1077 exec/s: 13844 rss: 322Mb L: 25/1064 MS: 1 EraseBytes-
#291144	NEW    cov: 4372 ft: 14763 corp: 1781/69Kb lim: 1077 exec/s: 13864 rss: 322Mb L: 627/1064 MS: 3 InsertRepeatedBytes-PersAutoDict-CrossOver- DE: "\000\000\000\000\000\000\000\000"-
#291151	REDUCE cov: 4372 ft: 14763 corp: 1781/69Kb lim: 1077 exec/s: 13864 rss: 322Mb L: 5/1064 MS: 2 InsertByte-EraseBytes-
#291302	REDUCE cov: 4372 ft: 14763 corp: 1781/69Kb lim: 1077 exec/s: 13871 rss: 322Mb L: 39/1064 MS: 1 EraseBytes-
#291615	REDUCE cov: 4372 ft: 14763 corp: 1781/69Kb lim: 1077 exec/s: 13886 rss: 322Mb L: 78/1064 MS: 3 PersAutoDict-CopyPart-EraseBytes- DE: "\263>\255\255"-
#291961	REDUCE cov: 4372 ft: 14763 corp: 1781/69Kb lim: 1077 exec/s: 13902 rss: 322Mb L: 69/1064 MS: 1 EraseBytes-
#292172	REDUCE cov: 4372 ft: 14763 corp: 1781/69Kb lim: 1077 exec/s: 13912 rss: 322Mb L: 28/1064 MS: 1 EraseBytes-
#292555	REDUCE cov: 4372 ft: 14763 corp: 1781/69Kb lim: 1077 exec/s: 13931 rss: 322Mb L: 17/1064 MS: 3 InsertByte-ChangeASCIIInt-EraseBytes-
#292697	REDUCE cov: 4372 ft: 14763 corp: 1781/69Kb lim: 1077 exec/s: 13937 rss: 322Mb L: 28/1064 MS: 2 PersAutoDict-EraseBytes- DE: "0\000"-
#292803	REDUCE cov: 4372 ft: 14763 corp: 1781/69Kb lim: 1077 exec/s: 13943 rss: 322Mb L: 9/1064 MS: 1 EraseBytes-
#293060	REDUCE cov: 4372 ft: 14763 corp: 1781/69Kb lim: 1077 exec/s: 13955 rss: 322Mb L: 28/1064 MS: 2 CopyPart-EraseBytes-
#293184	REDUCE cov: 4372 ft: 14770 corp: 1782/69Kb lim: 1077 exec/s: 13961 rss: 322Mb L: 101/1064 MS: 4 EraseBytes-CrossOver-EraseBytes-CrossOver-
#293396	NEW    cov: 4372 ft: 14771 corp: 1783/69Kb lim: 1077 exec/s: 13971 rss: 322Mb L: 21/1064 MS: 2 ChangeBit-ShuffleBytes-
#293517	REDUCE cov: 4372 ft: 14771 corp: 1783/69Kb lim: 1077 exec/s: 13977 rss: 322Mb L: 6/1064 MS: 1 EraseBytes-
#293608	REDUCE cov: 4372 ft: 14771 corp: 1783/69Kb lim: 1077 exec/s: 13981 rss: 322Mb L: 20/1064 MS: 1 EraseBytes-
#294654	REDUCE cov: 4372 ft: 14771 corp: 1783/69Kb lim: 1087 exec/s: 14031 rss: 322Mb L: 15/1064 MS: 1 EraseBytes-
#294920	REDUCE cov: 4372 ft: 14771 corp: 1783/69Kb lim: 1087 exec/s: 14043 rss: 322Mb L: 28/1064 MS: 1 EraseBytes-
#294998	REDUCE cov: 4372 ft: 14771 corp: 1783/69Kb lim: 1087 exec/s: 14047 rss: 322Mb L: 38/1064 MS: 3 CopyPart-CMP-EraseBytes- DE: "\007\000\000\000\000\000\000\000"-
#295039	REDUCE cov: 4372 ft: 14771 corp: 1783/69Kb lim: 1087 exec/s: 14049 rss: 322Mb L: 27/1064 MS: 1 EraseBytes-
#295473	REDUCE cov: 4372 ft: 14771 corp: 1783/69Kb lim: 1087 exec/s: 14070 rss: 322Mb L: 33/1064 MS: 4 ChangeByte-ShuffleBytes-ShuffleBytes-EraseBytes-
#295499	REDUCE cov: 4372 ft: 14771 corp: 1783/69Kb lim: 1087 exec/s: 14071 rss: 322Mb L: 13/1064 MS: 1 EraseBytes-
#295500	NEW    cov: 4373 ft: 14772 corp: 1784/69Kb lim: 1087 exec/s: 14071 rss: 322Mb L: 83/1064 MS: 1 ChangeByte-
#296035	REDUCE cov: 4373 ft: 14772 corp: 1784/69Kb lim: 1087 exec/s: 14096 rss: 322Mb L: 117/1064 MS: 5 ChangeBit-ChangeByte-InsertByte-ChangeByte-EraseBytes-
#296046	REDUCE cov: 4373 ft: 14772 corp: 1784/69Kb lim: 1087 exec/s: 14097 rss: 322Mb L: 22/1064 MS: 1 EraseBytes-
#296093	REDUCE cov: 4373 ft: 14772 corp: 1784/69Kb lim: 1087 exec/s: 14099 rss: 322Mb L: 315/1064 MS: 2 PersAutoDict-EraseBytes- DE: "\\\\"-
#296199	REDUCE cov: 4373 ft: 14773 corp: 1785/69Kb lim: 1087 exec/s: 14104 rss: 322Mb L: 47/1064 MS: 1 PersAutoDict- DE: "fatr"-
#296430	REDUCE cov: 4373 ft: 14773 corp: 1785/69Kb lim: 1087 exec/s: 14115 rss: 322Mb L: 20/1064 MS: 1 EraseBytes-
#296836	REDUCE cov: 4373 ft: 14773 corp: 1785/69Kb lim: 1087 exec/s: 14135 rss: 322Mb L: 19/1064 MS: 1 EraseBytes-
#297349	REDUCE cov: 4373 ft: 14773 corp: 1785/69Kb lim: 1087 exec/s: 14159 rss: 322Mb L: 16/1064 MS: 3 EraseBytes-ChangeBit-InsertByte-
#297520	REDUCE cov: 4373 ft: 14773 corp: 1785/69Kb lim: 1087 exec/s: 14167 rss: 322Mb L: 33/1064 MS: 1 EraseBytes-
#297571	REDUCE cov: 4373 ft: 14773 corp: 1785/69Kb lim: 1087 exec/s: 14170 rss: 322Mb L: 86/1064 MS: 1 EraseBytes-
#297898	REDUCE cov: 4373 ft: 14773 corp: 1785/69Kb lim: 1087 exec/s: 14185 rss: 322Mb L: 12/1064 MS: 2 ChangeBit-EraseBytes-
#298034	REDUCE cov: 4373 ft: 14773 corp: 1785/69Kb lim: 1087 exec/s: 14192 rss: 322Mb L: 14/1064 MS: 1 EraseBytes-
#298105	REDUCE cov: 4373 ft: 14773 corp: 1785/69Kb lim: 1087 exec/s: 14195 rss: 322Mb L: 5/1064 MS: 1 EraseBytes-
#298113	NEW    cov: 4373 ft: 14775 corp: 1786/69Kb lim: 1087 exec/s: 14195 rss: 322Mb L: 70/1064 MS: 3 ChangeASCIIInt-ChangeBit-PersAutoDict- DE: "\001\000\000\000"-
#298174	REDUCE cov: 4373 ft: 14775 corp: 1786/69Kb lim: 1087 exec/s: 14198 rss: 322Mb L: 16/1064 MS: 1 EraseBytes-
#298216	NEW    cov: 4373 ft: 14776 corp: 1787/69Kb lim: 1087 exec/s: 14200 rss: 322Mb L: 70/1064 MS: 2 ShuffleBytes-ChangeBit-
#298479	REDUCE cov: 4373 ft: 14776 corp: 1787/69Kb lim: 1087 exec/s: 13567 rss: 322Mb L: 23/1064 MS: 3 InsertByte-ChangeASCIIInt-EraseBytes-
#298516	REDUCE cov: 4373 ft: 14776 corp: 1787/69Kb lim: 1087 exec/s: 13568 rss: 322Mb L: 3/1064 MS: 2 ChangeBit-EraseBytes-
#298729	REDUCE cov: 4373 ft: 14776 corp: 1787/69Kb lim: 1087 exec/s: 13578 rss: 322Mb L: 259/1064 MS: 3 PersAutoDict-ChangeBit-EraseBytes- DE: "\013\314\314\313"-
#298945	REDUCE cov: 4373 ft: 14776 corp: 1787/69Kb lim: 1087 exec/s: 13588 rss: 322Mb L: 10/1064 MS: 1 EraseBytes-
#299056	REDUCE cov: 4373 ft: 14776 corp: 1787/69Kb lim: 1087 exec/s: 13593 rss: 322Mb L: 23/1064 MS: 1 EraseBytes-
#299082	REDUCE cov: 4373 ft: 14776 corp: 1787/69Kb lim: 1087 exec/s: 13594 rss: 322Mb L: 16/1064 MS: 1 EraseBytes-
#299138	REDUCE cov: 4373 ft: 14776 corp: 1787/69Kb lim: 1087 exec/s: 13597 rss: 322Mb L: 13/1064 MS: 1 EraseBytes-
#299144	REDUCE cov: 4373 ft: 14776 corp: 1787/69Kb lim: 1087 exec/s: 13597 rss: 322Mb L: 6/1064 MS: 1 EraseBytes-
#299515	REDUCE cov: 4373 ft: 14776 corp: 1787/69Kb lim: 1087 exec/s: 13614 rss: 322Mb L: 15/1064 MS: 1 EraseBytes-
#299832	NEW    cov: 4373 ft: 14786 corp: 1788/69Kb lim: 1087 exec/s: 13628 rss: 322Mb L: 645/1064 MS: 2 CopyPart-CopyPart-
#300055	REDUCE cov: 4373 ft: 14786 corp: 1788/69Kb lim: 1087 exec/s: 13638 rss: 322Mb L: 131/1064 MS: 3 ChangeByte-EraseBytes-PersAutoDict- DE: "\000\000\000\000\000\000\000\002"-
#300136	REDUCE cov: 4373 ft: 14786 corp: 1788/69Kb lim: 1087 exec/s: 13642 rss: 322Mb L: 53/1064 MS: 1 EraseBytes-
#300157	REDUCE cov: 4373 ft: 14786 corp: 1788/69Kb lim: 1087 exec/s: 13643 rss: 322Mb L: 6/1064 MS: 1 EraseBytes-
#300683	REDUCE cov: 4373 ft: 14786 corp: 1788/69Kb lim: 1087 exec/s: 13667 rss: 322Mb L: 51/1064 MS: 1 EraseBytes-
#300691	REDUCE cov: 4373 ft: 14787 corp: 1789/69Kb lim: 1087 exec/s: 13667 rss: 322Mb L: 25/1064 MS: 3 ShuffleBytes-ChangeBit-CopyPart-
#301319	NEW    cov: 4373 ft: 14789 corp: 1790/69Kb lim: 1087 exec/s: 13696 rss: 322Mb L: 147/1064 MS: 3 ShuffleBytes-ChangeByte-EraseBytes-
#301947	REDUCE cov: 4373 ft: 14789 corp: 1790/69Kb lim: 1087 exec/s: 13724 rss: 322Mb L: 54/1064 MS: 3 InsertRepeatedBytes-ChangeByte-EraseBytes-
#302134	REDUCE cov: 4373 ft: 14789 corp: 1790/69Kb lim: 1087 exec/s: 13733 rss: 322Mb L: 24/1064 MS: 2 ChangeBit-EraseBytes-
#302306	NEW    cov: 4373 ft: 14794 corp: 1791/70Kb lim: 1087 exec/s: 13741 rss: 322Mb L: 254/1064 MS: 2 ChangeASCIIInt-CopyPart-
#302317	REDUCE cov: 4373 ft: 14794 corp: 1791/70Kb lim: 1087 exec/s: 13741 rss: 322Mb L: 13/1064 MS: 1 EraseBytes-
#302543	REDUCE cov: 4373 ft: 14794 corp: 1791/70Kb lim: 1087 exec/s: 13751 rss: 322Mb L: 8/1064 MS: 1 EraseBytes-
#302589	REDUCE cov: 4373 ft: 14794 corp: 1791/70Kb lim: 1087 exec/s: 13754 rss: 322Mb L: 9/1064 MS: 1 EraseBytes-
#302672	REDUCE cov: 4373 ft: 14794 corp: 1791/70Kb lim: 1087 exec/s: 13757 rss: 322Mb L: 4/1064 MS: 3 ChangeBit-ShuffleBytes-EraseBytes-
#303014	REDUCE cov: 4373 ft: 14794 corp: 1791/70Kb lim: 1087 exec/s: 13773 rss: 322Mb L: 22/1064 MS: 2 CrossOver-EraseBytes-
#303295	REDUCE cov: 4373 ft: 14794 corp: 1791/70Kb lim: 1087 exec/s: 13786 rss: 322Mb L: 3/1064 MS: 1 EraseBytes-
#303843	REDUCE cov: 4373 ft: 14794 corp: 1791/70Kb lim: 1087 exec/s: 13811 rss: 322Mb L: 62/1064 MS: 3 ChangeByte-CopyPart-EraseBytes-
#304009	REDUCE cov: 4373 ft: 14794 corp: 1791/70Kb lim: 1087 exec/s: 13818 rss: 322Mb L: 26/1064 MS: 1 EraseBytes-
#304041	REDUCE cov: 4373 ft: 14794 corp: 1791/70Kb lim: 1087 exec/s: 13820 rss: 322Mb L: 29/1064 MS: 2 ChangeByte-EraseBytes-
#304995	NEW    cov: 4373 ft: 14804 corp: 1792/70Kb lim: 1087 exec/s: 13863 rss: 322Mb L: 664/1064 MS: 4 PersAutoDict-InsertRepeatedBytes-ShuffleBytes-CopyPart- DE: "\357\341\177\303"-
#305036	REDUCE cov: 4373 ft: 14804 corp: 1792/70Kb lim: 1087 exec/s: 13865 rss: 322Mb L: 48/1064 MS: 1 EraseBytes-
#305452	NEW    cov: 4373 ft: 14809 corp: 1793/70Kb lim: 1087 exec/s: 13884 rss: 322Mb L: 23/1064 MS: 1 EraseBytes-
#305542	REDUCE cov: 4373 ft: 14809 corp: 1793/70Kb lim: 1087 exec/s: 13888 rss: 322Mb L: 21/1064 MS: 5 ChangeBinInt-ChangeByte-InsertByte-ChangeBit-EraseBytes-
#305788	REDUCE cov: 4373 ft: 14809 corp: 1793/70Kb lim: 1087 exec/s: 13899 rss: 322Mb L: 127/1064 MS: 1 EraseBytes-
#306155	REDUCE cov: 4373 ft: 14809 corp: 1793/70Kb lim: 1087 exec/s: 13916 rss: 322Mb L: 21/1064 MS: 2 ChangeBit-EraseBytes-
#306322	REDUCE cov: 4373 ft: 14809 corp: 1793/70Kb lim: 1087 exec/s: 13923 rss: 322Mb L: 77/1064 MS: 2 PersAutoDict-EraseBytes- DE: "\000\000\000\000\000\000\000\011"-
#306473	REDUCE cov: 4373 ft: 14809 corp: 1793/70Kb lim: 1087 exec/s: 13930 rss: 322Mb L: 14/1064 MS: 1 EraseBytes-
#306693	REDUCE cov: 4373 ft: 14809 corp: 1793/70Kb lim: 1087 exec/s: 13940 rss: 322Mb L: 68/1064 MS: 5 ChangeASCIIInt-ShuffleBytes-CMP-ChangeASCIIInt-EraseBytes- DE: "\005\000\000\000"-
#306824	REDUCE cov: 4373 ft: 14809 corp: 1793/70Kb lim: 1087 exec/s: 13946 rss: 322Mb L: 24/1064 MS: 1 EraseBytes-
#307125	REDUCE cov: 4373 ft: 14809 corp: 1793/70Kb lim: 1087 exec/s: 13960 rss: 322Mb L: 16/1064 MS: 1 EraseBytes-
#307281	REDUCE cov: 4373 ft: 14809 corp: 1793/70Kb lim: 1087 exec/s: 13967 rss: 322Mb L: 17/1064 MS: 1 EraseBytes-
#307332	REDUCE cov: 4373 ft: 14809 corp: 1793/70Kb lim: 1087 exec/s: 13969 rss: 322Mb L: 225/1064 MS: 1 EraseBytes-
#307333	REDUCE cov: 4373 ft: 14809 corp: 1793/70Kb lim: 1087 exec/s: 13969 rss: 322Mb L: 175/1064 MS: 1 EraseBytes-
#307387	REDUCE cov: 4373 ft: 14809 corp: 1793/70Kb lim: 1087 exec/s: 13972 rss: 322Mb L: 9/1064 MS: 4 ShuffleBytes-CopyPart-ChangeByte-EraseBytes-
#307884	REDUCE cov: 4373 ft: 14809 corp: 1793/70Kb lim: 1087 exec/s: 13994 rss: 322Mb L: 49/1064 MS: 2 ChangeBinInt-EraseBytes-
#307895	REDUCE cov: 4373 ft: 14809 corp: 1793/70Kb lim: 1087 exec/s: 13995 rss: 322Mb L: 35/1064 MS: 1 EraseBytes-
#307931	REDUCE cov: 4373 ft: 14809 corp: 1793/70Kb lim: 1087 exec/s: 13996 rss: 322Mb L: 40/1064 MS: 1 EraseBytes-
#308195	NEW    cov: 4373 ft: 14817 corp: 1794/71Kb lim: 1087 exec/s: 14008 rss: 322Mb L: 1074/1074 MS: 4 CopyPart-InsertByte-InsertByte-CopyPart-
#308318	REDUCE cov: 4373 ft: 14817 corp: 1794/71Kb lim: 1087 exec/s: 14014 rss: 322Mb L: 205/1074 MS: 3 ShuffleBytes-EraseBytes-CopyPart-
#308434	REDUCE cov: 4373 ft: 14817 corp: 1794/71Kb lim: 1087 exec/s: 14019 rss: 322Mb L: 16/1074 MS: 1 EraseBytes-
#308506	REDUCE cov: 4373 ft: 14817 corp: 1794/71Kb lim: 1087 exec/s: 14023 rss: 322Mb L: 19/1074 MS: 2 ChangeBit-EraseBytes-
#308567	REDUCE cov: 4373 ft: 14817 corp: 1794/71Kb lim: 1087 exec/s: 14025 rss: 322Mb L: 25/1074 MS: 1 EraseBytes-
#308644	NEW    cov: 4373 ft: 14824 corp: 1795/71Kb lim: 1087 exec/s: 14029 rss: 322Mb L: 97/1074 MS: 2 ChangeByte-ChangeBinInt-
#308755	REDUCE cov: 4373 ft: 14824 corp: 1795/71Kb lim: 1087 exec/s: 14034 rss: 322Mb L: 80/1074 MS: 1 CrossOver-
#309209	REDUCE cov: 4373 ft: 14824 corp: 1795/71Kb lim: 1087 exec/s: 14054 rss: 322Mb L: 4/1074 MS: 4 ChangeBinInt-ShuffleBytes-ChangeBit-EraseBytes-
#309643	REDUCE cov: 4373 ft: 14824 corp: 1795/71Kb lim: 1087 exec/s: 14074 rss: 322Mb L: 50/1074 MS: 4 ChangeASCIIInt-ShuffleBytes-ChangeASCIIInt-EraseBytes-
#309719	REDUCE cov: 4373 ft: 14824 corp: 1795/71Kb lim: 1087 exec/s: 14078 rss: 322Mb L: 117/1074 MS: 1 EraseBytes-
#309845	REDUCE cov: 4373 ft: 14824 corp: 1795/71Kb lim: 1087 exec/s: 14083 rss: 322Mb L: 68/1074 MS: 1 EraseBytes-
#310226	REDUCE cov: 4373 ft: 14824 corp: 1795/71Kb lim: 1087 exec/s: 14101 rss: 322Mb L: 60/1074 MS: 1 EraseBytes-
#310297	REDUCE cov: 4373 ft: 14824 corp: 1795/71Kb lim: 1087 exec/s: 14104 rss: 322Mb L: 63/1074 MS: 1 EraseBytes-
#310364	REDUCE cov: 4373 ft: 14824 corp: 1795/71Kb lim: 1087 exec/s: 14107 rss: 322Mb L: 34/1074 MS: 2 ChangeByte-EraseBytes-
#312027	REDUCE cov: 4373 ft: 14824 corp: 1795/71Kb lim: 1097 exec/s: 14183 rss: 322Mb L: 33/1074 MS: 5 ChangeBit-CrossOver-ChangeByte-ChangeByte-EraseBytes-
#312769	REDUCE cov: 4373 ft: 14824 corp: 1795/71Kb lim: 1097 exec/s: 13598 rss: 322Mb L: 644/1074 MS: 2 InsertRepeatedBytes-EraseBytes-
#313036	REDUCE cov: 4373 ft: 14824 corp: 1795/71Kb lim: 1097 exec/s: 13610 rss: 322Mb L: 17/1074 MS: 2 ChangeByte-EraseBytes-
#313077	REDUCE cov: 4373 ft: 14824 corp: 1795/71Kb lim: 1097 exec/s: 13612 rss: 322Mb L: 33/1074 MS: 1 EraseBytes-
#313159	REDUCE cov: 4373 ft: 14824 corp: 1795/71Kb lim: 1097 exec/s: 13615 rss: 322Mb L: 17/1074 MS: 2 PersAutoDict-EraseBytes- DE: "fE0"-
#313950	REDUCE cov: 4373 ft: 14825 corp: 1796/71Kb lim: 1097 exec/s: 13650 rss: 322Mb L: 63/1074 MS: 1 PersAutoDict- DE: "tre"-
#313981	REDUCE cov: 4373 ft: 14825 corp: 1796/71Kb lim: 1097 exec/s: 13651 rss: 322Mb L: 10/1074 MS: 1 EraseBytes-
#314143	REDUCE cov: 4373 ft: 14825 corp: 1796/71Kb lim: 1097 exec/s: 13658 rss: 322Mb L: 22/1074 MS: 2 ChangeASCIIInt-EraseBytes-
#314250	REDUCE cov: 4373 ft: 14825 corp: 1796/71Kb lim: 1097 exec/s: 13663 rss: 322Mb L: 47/1074 MS: 2 InsertByte-EraseBytes-
#314424	NEW    cov: 4373 ft: 14826 corp: 1797/71Kb lim: 1097 exec/s: 13670 rss: 322Mb L: 52/1074 MS: 4 ChangeBit-EraseBytes-ChangeByte-EraseBytes-
#314652	REDUCE cov: 4373 ft: 14826 corp: 1797/71Kb lim: 1097 exec/s: 13680 rss: 322Mb L: 18/1074 MS: 3 ShuffleBytes-InsertByte-EraseBytes-
#314866	REDUCE cov: 4373 ft: 14826 corp: 1797/71Kb lim: 1097 exec/s: 13689 rss: 322Mb L: 21/1074 MS: 4 ChangeASCIIInt-ChangeASCIIInt-CopyPart-EraseBytes-
#315068	REDUCE cov: 4373 ft: 14827 corp: 1798/71Kb lim: 1097 exec/s: 13698 rss: 322Mb L: 218/1074 MS: 2 ShuffleBytes-CopyPart-
#315134	REDUCE cov: 4373 ft: 14827 corp: 1798/71Kb lim: 1097 exec/s: 13701 rss: 322Mb L: 12/1074 MS: 1 EraseBytes-
#315206	REDUCE cov: 4373 ft: 14827 corp: 1798/71Kb lim: 1097 exec/s: 13704 rss: 322Mb L: 17/1074 MS: 2 PersAutoDict-EraseBytes- DE: "\000\014"-
#315220	REDUCE cov: 4373 ft: 14827 corp: 1798/71Kb lim: 1097 exec/s: 13705 rss: 322Mb L: 13/1074 MS: 4 ShuffleBytes-ShuffleBytes-ChangeByte-EraseBytes-
#315597	REDUCE cov: 4373 ft: 14827 corp: 1798/71Kb lim: 1097 exec/s: 13721 rss: 322Mb L: 39/1074 MS: 2 CopyPart-EraseBytes-
#315758	REDUCE cov: 4373 ft: 14827 corp: 1798/71Kb lim: 1097 exec/s: 13728 rss: 322Mb L: 14/1074 MS: 1 EraseBytes-
#316139	REDUCE cov: 4373 ft: 14827 corp: 1798/71Kb lim: 1097 exec/s: 13745 rss: 322Mb L: 19/1074 MS: 1 EraseBytes-
#316323	REDUCE cov: 4373 ft: 14827 corp: 1798/71Kb lim: 1097 exec/s: 13753 rss: 322Mb L: 25/1074 MS: 4 ChangeBit-ChangeByte-ShuffleBytes-EraseBytes-
#316554	REDUCE cov: 4373 ft: 14827 corp: 1798/71Kb lim: 1097 exec/s: 13763 rss: 322Mb L: 11/1074 MS: 1 EraseBytes-
#316972	REDUCE cov: 4373 ft: 14827 corp: 1798/71Kb lim: 1097 exec/s: 13781 rss: 322Mb L: 246/1074 MS: 3 ChangeASCIIInt-ChangeBinInt-EraseBytes-
#317061	REDUCE cov: 4373 ft: 14827 corp: 1798/71Kb lim: 1097 exec/s: 13785 rss: 322Mb L: 168/1074 MS: 4 CMP-ChangeByte-ChangeASCIIInt-EraseBytes- DE: "t`ul("-
#317062	NEW    cov: 4373 ft: 14830 corp: 1799/71Kb lim: 1097 exec/s: 13785 rss: 322Mb L: 25/1074 MS: 1 PersAutoDict- DE: "0\000"-
#317376	REDUCE cov: 4373 ft: 14830 corp: 1799/71Kb lim: 1097 exec/s: 13798 rss: 322Mb L: 20/1074 MS: 4 PersAutoDict-ChangeASCIIInt-ChangeBit-EraseBytes- DE: "VN\376\371\334\003\000\000"-
#317559	REDUCE cov: 4373 ft: 14830 corp: 1799/71Kb lim: 1097 exec/s: 13806 rss: 322Mb L: 12/1074 MS: 3 ChangeASCIIInt-CopyPart-EraseBytes-
#317955	REDUCE cov: 4373 ft: 14830 corp: 1799/71Kb lim: 1097 exec/s: 13824 rss: 322Mb L: 12/1074 MS: 1 EraseBytes-
#318102	REDUCE cov: 4373 ft: 14830 corp: 1799/71Kb lim: 1097 exec/s: 13830 rss: 322Mb L: 29/1074 MS: 2 ChangeBit-EraseBytes-
#318353	REDUCE cov: 4373 ft: 14830 corp: 1799/71Kb lim: 1097 exec/s: 13841 rss: 322Mb L: 43/1074 MS: 1 EraseBytes-
#318429	REDUCE cov: 4373 ft: 14832 corp: 1800/71Kb lim: 1097 exec/s: 13844 rss: 322Mb L: 26/1074 MS: 1 EraseBytes-
#318750	REDUCE cov: 4373 ft: 14832 corp: 1800/71Kb lim: 1097 exec/s: 13858 rss: 322Mb L: 54/1074 MS: 1 EraseBytes-
#318948	REDUCE cov: 4373 ft: 14833 corp: 1801/71Kb lim: 1097 exec/s: 13867 rss: 322Mb L: 16/1074 MS: 3 InsertByte-ChangeBit-ShuffleBytes-
#319056	REDUCE cov: 4373 ft: 14833 corp: 1801/71Kb lim: 1097 exec/s: 13872 rss: 322Mb L: 31/1074 MS: 3 InsertRepeatedBytes-ChangeByte-EraseBytes-
#319305	REDUCE cov: 4373 ft: 14833 corp: 1801/71Kb lim: 1097 exec/s: 13882 rss: 322Mb L: 44/1074 MS: 4 ChangeBit-ChangeASCIIInt-ChangeByte-EraseBytes-
#319511	REDUCE cov: 4373 ft: 14833 corp: 1801/71Kb lim: 1097 exec/s: 13891 rss: 322Mb L: 63/1074 MS: 1 EraseBytes-
#320643	REDUCE cov: 4373 ft: 14833 corp: 1801/71Kb lim: 1107 exec/s: 13941 rss: 322Mb L: 85/1074 MS: 2 ChangeByte-EraseBytes-
#320706	REDUCE cov: 4373 ft: 14833 corp: 1801/71Kb lim: 1107 exec/s: 13943 rss: 322Mb L: 8/1074 MS: 3 InsertRepeatedBytes-ChangeBinInt-EraseBytes-
#320834	REDUCE cov: 4373 ft: 14833 corp: 1801/71Kb lim: 1107 exec/s: 13949 rss: 322Mb L: 18/1074 MS: 3 InsertByte-EraseBytes-EraseBytes-
#321062	NEW    cov: 4373 ft: 14835 corp: 1802/72Kb lim: 1107 exec/s: 13959 rss: 322Mb L: 147/1074 MS: 3 ChangeByte-ChangeASCIIInt-ChangeByte-
#321618	REDUCE cov: 4373 ft: 14835 corp: 1802/72Kb lim: 1107 exec/s: 13983 rss: 322Mb L: 24/1074 MS: 1 EraseBytes-
#321725	REDUCE cov: 4373 ft: 14835 corp: 1802/72Kb lim: 1107 exec/s: 13988 rss: 322Mb L: 33/1074 MS: 2 CrossOver-EraseBytes-
#322333	REDUCE cov: 4373 ft: 14837 corp: 1803/72Kb lim: 1107 exec/s: 14014 rss: 322Mb L: 144/1074 MS: 3 PersAutoDict-ChangeBit-EraseBytes- DE: "fE0"-
#322439	REDUCE cov: 4373 ft: 14837 corp: 1803/72Kb lim: 1107 exec/s: 14019 rss: 322Mb L: 19/1074 MS: 1 EraseBytes-
#322512	REDUCE cov: 4373 ft: 14837 corp: 1803/72Kb lim: 1107 exec/s: 14022 rss: 322Mb L: 107/1074 MS: 3 CrossOver-ChangeBinInt-EraseBytes-
#322583	REDUCE cov: 4373 ft: 14837 corp: 1803/72Kb lim: 1107 exec/s: 14025 rss: 322Mb L: 29/1074 MS: 1 EraseBytes-
#322991	REDUCE cov: 4373 ft: 14838 corp: 1804/72Kb lim: 1107 exec/s: 14043 rss: 322Mb L: 40/1074 MS: 3 ChangeByte-InsertByte-EraseBytes-
#323027	REDUCE cov: 4373 ft: 14838 corp: 1804/72Kb lim: 1107 exec/s: 14044 rss: 322Mb L: 8/1074 MS: 1 EraseBytes-
#323128	REDUCE cov: 4373 ft: 14838 corp: 1804/72Kb lim: 1107 exec/s: 14049 rss: 322Mb L: 576/1074 MS: 1 EraseBytes-
#323615	REDUCE cov: 4373 ft: 14839 corp: 1805/72Kb lim: 1107 exec/s: 14070 rss: 322Mb L: 25/1074 MS: 2 ChangeBit-ChangeBinInt-
#323799	REDUCE cov: 4373 ft: 14839 corp: 1805/72Kb lim: 1107 exec/s: 14078 rss: 322Mb L: 24/1074 MS: 4 InsertRepeatedBytes-ChangeByte-ShuffleBytes-EraseBytes-
#324011	NEW    cov: 4373 ft: 14841 corp: 1806/72Kb lim: 1107 exec/s: 14087 rss: 322Mb L: 23/1074 MS: 2 ChangeASCIIInt-CopyPart-
#324253	REDUCE cov: 4373 ft: 14841 corp: 1806/72Kb lim: 1107 exec/s: 14097 rss: 322Mb L: 23/1074 MS: 2 ChangeBit-EraseBytes-
#324475	REDUCE cov: 4373 ft: 14841 corp: 1806/72Kb lim: 1107 exec/s: 14107 rss: 322Mb L: 37/1074 MS: 2 ChangeByte-EraseBytes-
#324537	REDUCE cov: 4373 ft: 14841 corp: 1806/72Kb lim: 1107 exec/s: 14110 rss: 322Mb L: 32/1074 MS: 2 ChangeByte-EraseBytes-
#324948	REDUCE cov: 4373 ft: 14841 corp: 1806/72Kb lim: 1107 exec/s: 14128 rss: 322Mb L: 6/1074 MS: 1 EraseBytes-
#325356	REDUCE cov: 4373 ft: 14841 corp: 1806/72Kb lim: 1107 exec/s: 14145 rss: 322Mb L: 61/1074 MS: 3 CopyPart-ChangeBinInt-EraseBytes-
#325435	REDUCE cov: 4373 ft: 14841 corp: 1806/72Kb lim: 1107 exec/s: 14149 rss: 322Mb L: 12/1074 MS: 4 ChangeBinInt-ChangeBit-CopyPart-EraseBytes-
#325702	REDUCE cov: 4373 ft: 14841 corp: 1806/72Kb lim: 1107 exec/s: 14160 rss: 322Mb L: 24/1074 MS: 2 ChangeBit-EraseBytes-
#325913	REDUCE cov: 4373 ft: 14841 corp: 1806/72Kb lim: 1107 exec/s: 14170 rss: 322Mb L: 9/1074 MS: 1 EraseBytes-
#326076	NEW    cov: 4373 ft: 14842 corp: 1807/72Kb lim: 1107 exec/s: 14177 rss: 322Mb L: 285/1074 MS: 3 InsertRepeatedBytes-ChangeBinInt-CrossOver-
#326077	REDUCE cov: 4373 ft: 14842 corp: 1807/72Kb lim: 1107 exec/s: 14177 rss: 322Mb L: 15/1074 MS: 1 EraseBytes-
#326308	REDUCE cov: 4373 ft: 14842 corp: 1807/72Kb lim: 1107 exec/s: 14187 rss: 322Mb L: 10/1074 MS: 1 EraseBytes-
#326314	REDUCE cov: 4373 ft: 14842 corp: 1807/72Kb lim: 1107 exec/s: 14187 rss: 322Mb L: 10/1074 MS: 1 EraseBytes-
#326640	REDUCE cov: 4373 ft: 14842 corp: 1807/72Kb lim: 1107 exec/s: 14201 rss: 322Mb L: 23/1074 MS: 1 EraseBytes-
#326801	REDUCE cov: 4373 ft: 14842 corp: 1807/72Kb lim: 1107 exec/s: 14208 rss: 322Mb L: 109/1074 MS: 1 EraseBytes-
#326868	REDUCE cov: 4373 ft: 14842 corp: 1807/72Kb lim: 1107 exec/s: 14211 rss: 322Mb L: 99/1074 MS: 2 InsertRepeatedBytes-EraseBytes-
#326938	REDUCE cov: 4373 ft: 14842 corp: 1807/72Kb lim: 1107 exec/s: 13622 rss: 322Mb L: 16/1074 MS: 1 EraseBytes-
#327016	REDUCE cov: 4373 ft: 14843 corp: 1808/72Kb lim: 1107 exec/s: 13625 rss: 322Mb L: 38/1074 MS: 3 ChangeASCIIInt-EraseBytes-ChangeBit-
#327019	REDUCE cov: 4373 ft: 14843 corp: 1808/72Kb lim: 1107 exec/s: 13625 rss: 322Mb L: 180/1074 MS: 3 CopyPart-ChangeBinInt-EraseBytes-
#327041	REDUCE cov: 4373 ft: 14843 corp: 1808/72Kb lim: 1107 exec/s: 13626 rss: 322Mb L: 20/1074 MS: 2 ShuffleBytes-EraseBytes-
#327117	REDUCE cov: 4373 ft: 14844 corp: 1809/72Kb lim: 1107 exec/s: 13629 rss: 322Mb L: 17/1074 MS: 1 EraseBytes-
#327393	REDUCE cov: 4373 ft: 14844 corp: 1809/72Kb lim: 1107 exec/s: 13641 rss: 322Mb L: 34/1074 MS: 1 EraseBytes-
#327959	NEW    cov: 4373 ft: 14845 corp: 1810/72Kb lim: 1107 exec/s: 13664 rss: 322Mb L: 51/1074 MS: 1 CopyPart-
#328146	REDUCE cov: 4373 ft: 14845 corp: 1810/72Kb lim: 1107 exec/s: 13672 rss: 322Mb L: 37/1074 MS: 2 ChangeBinInt-EraseBytes-
#328752	REDUCE cov: 4373 ft: 14845 corp: 1810/72Kb lim: 1107 exec/s: 13698 rss: 322Mb L: 47/1074 MS: 1 EraseBytes-
#329136	REDUCE cov: 4373 ft: 14845 corp: 1810/72Kb lim: 1107 exec/s: 13714 rss: 322Mb L: 28/1074 MS: 4 ShuffleBytes-PersAutoDict-CopyPart-EraseBytes- DE: "\001\000\000\000"-
#329342	REDUCE cov: 4373 ft: 14845 corp: 1810/72Kb lim: 1107 exec/s: 13722 rss: 322Mb L: 86/1074 MS: 1 EraseBytes-
#329509	REDUCE cov: 4373 ft: 14845 corp: 1810/72Kb lim: 1107 exec/s: 13729 rss: 322Mb L: 54/1074 MS: 2 CMP-EraseBytes- DE: "\376\377\377\377\377\377\377\377"-
#329760	REDUCE cov: 4373 ft: 14845 corp: 1810/72Kb lim: 1107 exec/s: 13740 rss: 322Mb L: 25/1074 MS: 1 EraseBytes-
#330201	REDUCE cov: 4373 ft: 14845 corp: 1810/72Kb lim: 1107 exec/s: 13758 rss: 322Mb L: 6/1074 MS: 1 EraseBytes-
#330715	REDUCE cov: 4373 ft: 14845 corp: 1810/72Kb lim: 1107 exec/s: 13779 rss: 322Mb L: 25/1074 MS: 4 ChangeBit-ShuffleBytes-ChangeByte-EraseBytes-
#331367	REDUCE cov: 4373 ft: 14845 corp: 1810/72Kb lim: 1107 exec/s: 13806 rss: 322Mb L: 59/1074 MS: 2 CopyPart-EraseBytes-
#331523	REDUCE cov: 4373 ft: 14845 corp: 1810/72Kb lim: 1107 exec/s: 13813 rss: 322Mb L: 29/1074 MS: 1 EraseBytes-
#331625	REDUCE cov: 4373 ft: 14845 corp: 1810/72Kb lim: 1107 exec/s: 13817 rss: 322Mb L: 96/1074 MS: 2 ChangeASCIIInt-EraseBytes-
#331736	REDUCE cov: 4373 ft: 14845 corp: 1810/72Kb lim: 1107 exec/s: 13822 rss: 322Mb L: 117/1074 MS: 1 EraseBytes-
#331884	REDUCE cov: 4373 ft: 14845 corp: 1810/72Kb lim: 1107 exec/s: 13828 rss: 322Mb L: 19/1074 MS: 3 ChangeBinInt-InsertByte-EraseBytes-
#332091	REDUCE cov: 4373 ft: 14845 corp: 1810/72Kb lim: 1107 exec/s: 13837 rss: 322Mb L: 43/1074 MS: 2 ChangeBit-EraseBytes-
#332983	REDUCE cov: 4373 ft: 14845 corp: 1810/72Kb lim: 1107 exec/s: 13874 rss: 322Mb L: 16/1074 MS: 2 ChangeBinInt-EraseBytes-
#333134	REDUCE cov: 4373 ft: 14846 corp: 1811/72Kb lim: 1107 exec/s: 13880 rss: 322Mb L: 152/1074 MS: 1 EraseBytes-
#333400	REDUCE cov: 4373 ft: 14846 corp: 1811/72Kb lim: 1107 exec/s: 13891 rss: 322Mb L: 39/1074 MS: 1 EraseBytes-
#333811	NEW    cov: 4373 ft: 14847 corp: 1812/72Kb lim: 1107 exec/s: 13908 rss: 322Mb L: 18/1074 MS: 1 InsertByte-
#333983	REDUCE cov: 4373 ft: 14848 corp: 1813/72Kb lim: 1107 exec/s: 13915 rss: 322Mb L: 70/1074 MS: 2 ChangeASCIIInt-CopyPart-
#334087	REDUCE cov: 4373 ft: 14848 corp: 1813/72Kb lim: 1107 exec/s: 13920 rss: 322Mb L: 47/1074 MS: 4 ChangeBinInt-ShuffleBytes-PersAutoDict-EraseBytes- DE: "vrue"-
#334634	REDUCE cov: 4373 ft: 14848 corp: 1813/72Kb lim: 1107 exec/s: 13943 rss: 322Mb L: 16/1074 MS: 2 ShuffleBytes-EraseBytes-
#334765	REDUCE cov: 4373 ft: 14848 corp: 1813/72Kb lim: 1107 exec/s: 13948 rss: 322Mb L: 11/1074 MS: 1 EraseBytes-
#335106	REDUCE cov: 4373 ft: 14848 corp: 1813/72Kb lim: 1107 exec/s: 13962 rss: 322Mb L: 44/1074 MS: 1 EraseBytes-
#335183	REDUCE cov: 4373 ft: 14848 corp: 1813/72Kb lim: 1107 exec/s: 13965 rss: 322Mb L: 18/1074 MS: 2 ChangeByte-EraseBytes-
#335376	REDUCE cov: 4373 ft: 14848 corp: 1813/72Kb lim: 1107 exec/s: 13974 rss: 322Mb L: 11/1074 MS: 3 ChangeBit-ChangeASCIIInt-EraseBytes-
#335727	REDUCE cov: 4373 ft: 14848 corp: 1813/72Kb lim: 1107 exec/s: 13988 rss: 322Mb L: 45/1074 MS: 1 EraseBytes-
#335734	REDUCE cov: 4373 ft: 14848 corp: 1813/72Kb lim: 1107 exec/s: 13988 rss: 322Mb L: 61/1074 MS: 2 ChangeBit-EraseBytes-
#335756	REDUCE cov: 4373 ft: 14848 corp: 1813/72Kb lim: 1107 exec/s: 13989 rss: 322Mb L: 8/1074 MS: 2 InsertByte-EraseBytes-
#335761	NEW    cov: 4373 ft: 14849 corp: 1814/73Kb lim: 1107 exec/s: 13990 rss: 322Mb L: 1013/1074 MS: 5 EraseBytes-EraseBytes-InsertRepeatedBytes-ChangeASCIIInt-CopyPart-
#335767	REDUCE cov: 4373 ft: 14849 corp: 1814/73Kb lim: 1107 exec/s: 13990 rss: 322Mb L: 39/1074 MS: 1 EraseBytes-
#335828	NEW    cov: 4373 ft: 14855 corp: 1815/73Kb lim: 1107 exec/s: 13992 rss: 322Mb L: 101/1074 MS: 1 CopyPart-
#335937	REDUCE cov: 4373 ft: 14855 corp: 1815/73Kb lim: 1107 exec/s: 13997 rss: 322Mb L: 47/1074 MS: 4 ChangeByte-ChangeByte-ChangeByte-EraseBytes-
#336539	NEW    cov: 4373 ft: 14857 corp: 1816/73Kb lim: 1107 exec/s: 14022 rss: 322Mb L: 61/1074 MS: 2 CopyPart-ChangeBinInt-
#336981	REDUCE cov: 4373 ft: 14857 corp: 1816/73Kb lim: 1107 exec/s: 14040 rss: 322Mb L: 76/1074 MS: 2 ChangeASCIIInt-EraseBytes-
#337097	REDUCE cov: 4373 ft: 14857 corp: 1816/73Kb lim: 1107 exec/s: 14045 rss: 322Mb L: 37/1074 MS: 1 EraseBytes-
#337167	NEW    cov: 4373 ft: 14859 corp: 1817/73Kb lim: 1107 exec/s: 14048 rss: 322Mb L: 53/1074 MS: 5 InsertByte-CMP-ChangeByte-ChangeBit-InsertRepeatedBytes- DE: "\000\000\000\000\000\000\000\000"-
#337175	REDUCE cov: 4373 ft: 14859 corp: 1817/73Kb lim: 1107 exec/s: 14048 rss: 322Mb L: 28/1074 MS: 3 ChangeByte-CopyPart-EraseBytes-
#337211	REDUCE cov: 4373 ft: 14859 corp: 1817/73Kb lim: 1107 exec/s: 14050 rss: 322Mb L: 26/1074 MS: 1 EraseBytes-
#337350	REDUCE cov: 4373 ft: 14859 corp: 1817/73Kb lim: 1107 exec/s: 14056 rss: 322Mb L: 48/1074 MS: 4 PersAutoDict-ChangeByte-ChangeBit-EraseBytes- DE: "\001\000\000\000\000\000\000\200"-
#337371	REDUCE cov: 4373 ft: 14859 corp: 1817/73Kb lim: 1107 exec/s: 14057 rss: 322Mb L: 6/1074 MS: 1 EraseBytes-
#337400	REDUCE cov: 4373 ft: 14859 corp: 1817/73Kb lim: 1107 exec/s: 14058 rss: 322Mb L: 54/1074 MS: 4 InsertByte-ChangeBit-ShuffleBytes-EraseBytes-
#337551	REDUCE cov: 4373 ft: 14859 corp: 1817/73Kb lim: 1107 exec/s: 14064 rss: 322Mb L: 13/1074 MS: 1 EraseBytes-
#337579	REDUCE cov: 4373 ft: 14859 corp: 1817/73Kb lim: 1107 exec/s: 14065 rss: 322Mb L: 12/1074 MS: 3 PersAutoDict-EraseBytes-EraseBytes- DE: "\177\000\000\000\000\000\000\000"-
#337630	REDUCE cov: 4373 ft: 14859 corp: 1817/73Kb lim: 1107 exec/s: 14067 rss: 322Mb L: 11/1074 MS: 1 EraseBytes-
#337771	REDUCE cov: 4373 ft: 14859 corp: 1817/73Kb lim: 1107 exec/s: 14073 rss: 322Mb L: 33/1074 MS: 1 EraseBytes-
#338234	REDUCE cov: 4373 ft: 14859 corp: 1817/73Kb lim: 1107 exec/s: 14093 rss: 322Mb L: 15/1074 MS: 3 PersAutoDict-EraseBytes-EraseBytes- DE: "\377\377\377\003"-
#338540	REDUCE cov: 4373 ft: 14859 corp: 1817/73Kb lim: 1107 exec/s: 14105 rss: 322Mb L: 166/1074 MS: 1 EraseBytes-
#338593	REDUCE cov: 4373 ft: 14859 corp: 1817/73Kb lim: 1107 exec/s: 14108 rss: 322Mb L: 20/1074 MS: 3 ChangeBit-CopyPart-EraseBytes-
#338685	REDUCE cov: 4373 ft: 14859 corp: 1817/73Kb lim: 1107 exec/s: 14111 rss: 322Mb L: 60/1074 MS: 2 CopyPart-EraseBytes-
#339041	NEW    cov: 4373 ft: 14860 corp: 1818/73Kb lim: 1107 exec/s: 14126 rss: 322Mb L: 149/1074 MS: 1 InsertRepeatedBytes-
#339094	REDUCE cov: 4373 ft: 14860 corp: 1818/73Kb lim: 1107 exec/s: 14128 rss: 322Mb L: 22/1074 MS: 3 ChangeByte-EraseBytes-PersAutoDict- DE: "Urni"-
#339395	REDUCE cov: 4373 ft: 14860 corp: 1818/73Kb lim: 1107 exec/s: 14141 rss: 322Mb L: 12/1074 MS: 1 EraseBytes-
#339867	REDUCE cov: 4373 ft: 14860 corp: 1818/73Kb lim: 1107 exec/s: 14161 rss: 322Mb L: 176/1074 MS: 2 ChangeByte-EraseBytes-
#340283	REDUCE cov: 4373 ft: 14860 corp: 1818/73Kb lim: 1107 exec/s: 14178 rss: 322Mb L: 8/1074 MS: 1 EraseBytes-
#340324	NEW    cov: 4373 ft: 14861 corp: 1819/73Kb lim: 1107 exec/s: 14180 rss: 322Mb L: 25/1074 MS: 1 CopyPart-
#340340	REDUCE cov: 4373 ft: 14861 corp: 1819/73Kb lim: 1107 exec/s: 14180 rss: 322Mb L: 78/1074 MS: 1 EraseBytes-
#340383	REDUCE cov: 4373 ft: 14861 corp: 1819/73Kb lim: 1107 exec/s: 14182 rss: 322Mb L: 12/1074 MS: 3 ChangeASCIIInt-ShuffleBytes-EraseBytes-
#340673	REDUCE cov: 4373 ft: 14861 corp: 1819/73Kb lim: 1107 exec/s: 14194 rss: 322Mb L: 165/1074 MS: 5 ShuffleBytes-PersAutoDict-CopyPart-PersAutoDict-EraseBytes- DE: "fE0\\/D"-"\000\000\000\005"-
#340744	REDUCE cov: 4373 ft: 14862 corp: 1820/73Kb lim: 1107 exec/s: 14197 rss: 322Mb L: 134/1074 MS: 1 CopyPart-
#340945	REDUCE cov: 4373 ft: 14862 corp: 1820/73Kb lim: 1107 exec/s: 13637 rss: 322Mb L: 46/1074 MS: 1 EraseBytes-
#341031	REDUCE cov: 4373 ft: 14862 corp: 1820/73Kb lim: 1107 exec/s: 13641 rss: 322Mb L: 42/1074 MS: 1 EraseBytes-
#341395	REDUCE cov: 4373 ft: 14862 corp: 1820/73Kb lim: 1107 exec/s: 13655 rss: 322Mb L: 116/1074 MS: 3 CopyPart-ChangeASCIIInt-EraseBytes-
#341434	REDUCE cov: 4373 ft: 14862 corp: 1820/73Kb lim: 1107 exec/s: 13657 rss: 322Mb L: 12/1074 MS: 4 ChangeBinInt-CopyPart-CrossOver-EraseBytes-
#341590	REDUCE cov: 4373 ft: 14862 corp: 1820/73Kb lim: 1107 exec/s: 13663 rss: 322Mb L: 19/1074 MS: 1 EraseBytes-
#341983	REDUCE cov: 4373 ft: 14862 corp: 1820/73Kb lim: 1107 exec/s: 13679 rss: 322Mb L: 22/1074 MS: 3 ChangeBinInt-ChangeASCIIInt-EraseBytes-
#342239	REDUCE cov: 4373 ft: 14862 corp: 1820/73Kb lim: 1107 exec/s: 13689 rss: 322Mb L: 28/1074 MS: 1 EraseBytes-
#342408	REDUCE cov: 4373 ft: 14862 corp: 1820/73Kb lim: 1107 exec/s: 13696 rss: 322Mb L: 245/1074 MS: 4 ChangeBinInt-CrossOver-PersAutoDict-EraseBytes- DE: "\263>\255\255"-
#343059	REDUCE cov: 4373 ft: 14862 corp: 1820/73Kb lim: 1107 exec/s: 13722 rss: 322Mb L: 23/1074 MS: 1 EraseBytes-
#343420	REDUCE cov: 4373 ft: 14862 corp: 1820/73Kb lim: 1107 exec/s: 13736 rss: 322Mb L: 14/1074 MS: 1 EraseBytes-
#343821	REDUCE cov: 4373 ft: 14862 corp: 1820/73Kb lim: 1107 exec/s: 13752 rss: 322Mb L: 41/1074 MS: 1 EraseBytes-
#344357	REDUCE cov: 4373 ft: 14862 corp: 1820/73Kb lim: 1107 exec/s: 13774 rss: 322Mb L: 12/1074 MS: 1 EraseBytes-
#344488	NEW    cov: 4373 ft: 14863 corp: 1821/73Kb lim: 1107 exec/s: 13779 rss: 322Mb L: 41/1074 MS: 1 InsertByte-
#344669	NEW    cov: 4374 ft: 14864 corp: 1822/73Kb lim: 1107 exec/s: 13786 rss: 322Mb L: 28/1074 MS: 1 CopyPart-
#344955	REDUCE cov: 4374 ft: 14864 corp: 1822/73Kb lim: 1107 exec/s: 13798 rss: 322Mb L: 18/1074 MS: 1 EraseBytes-
#345331	REDUCE cov: 4374 ft: 14864 corp: 1822/73Kb lim: 1107 exec/s: 13813 rss: 322Mb L: 6/1074 MS: 1 EraseBytes-
#345367	REDUCE cov: 4374 ft: 14864 corp: 1822/73Kb lim: 1107 exec/s: 13814 rss: 322Mb L: 12/1074 MS: 1 EraseBytes-
#345373	REDUCE cov: 4374 ft: 14868 corp: 1823/73Kb lim: 1107 exec/s: 13814 rss: 322Mb L: 24/1074 MS: 1 CopyPart-
#345786	REDUCE cov: 4374 ft: 14868 corp: 1823/73Kb lim: 1107 exec/s: 13831 rss: 322Mb L: 38/1074 MS: 3 ChangeASCIIInt-ChangeBit-EraseBytes-
#346617	REDUCE cov: 4374 ft: 14868 corp: 1823/73Kb lim: 1107 exec/s: 13864 rss: 322Mb L: 12/1074 MS: 1 EraseBytes-
#346869	REDUCE cov: 4374 ft: 14868 corp: 1823/73Kb lim: 1107 exec/s: 13874 rss: 322Mb L: 14/1074 MS: 2 ChangeBinInt-EraseBytes-
#347101	REDUCE cov: 4374 ft: 14868 corp: 1823/73Kb lim: 1107 exec/s: 13884 rss: 322Mb L: 45/1074 MS: 2 ShuffleBytes-EraseBytes-
#347222	REDUCE cov: 4374 ft: 14868 corp: 1823/73Kb lim: 1107 exec/s: 13888 rss: 322Mb L: 117/1074 MS: 1 EraseBytes-
#347258	REDUCE cov: 4374 ft: 14868 corp: 1823/73Kb lim: 1107 exec/s: 13890 rss: 322Mb L: 13/1074 MS: 1 EraseBytes-
#347350	NEW    cov: 4374 ft: 14885 corp: 1824/73Kb lim: 1107 exec/s: 13894 rss: 322Mb L: 165/1074 MS: 2 ChangeASCIIInt-EraseBytes-
#347501	NEW    cov: 4374 ft: 14886 corp: 1825/73Kb lim: 1107 exec/s: 13900 rss: 322Mb L: 87/1074 MS: 1 EraseBytes-
#347782	REDUCE cov: 4374 ft: 14886 corp: 1825/73Kb lim: 1107 exec/s: 13911 rss: 322Mb L: 12/1074 MS: 1 EraseBytes-
#347989	REDUCE cov: 4374 ft: 14887 corp: 1826/73Kb lim: 1107 exec/s: 13919 rss: 322Mb L: 45/1074 MS: 2 ChangeByte-ShuffleBytes-
#348241	REDUCE cov: 4374 ft: 14887 corp: 1826/73Kb lim: 1107 exec/s: 13929 rss: 322Mb L: 33/1074 MS: 2 ChangeBit-EraseBytes-
#348265	REDUCE cov: 4374 ft: 14887 corp: 1826/73Kb lim: 1107 exec/s: 13930 rss: 322Mb L: 21/1074 MS: 4 InsertByte-ShuffleBytes-ChangeBit-EraseBytes-
#349121	REDUCE cov: 4374 ft: 14887 corp: 1826/73Kb lim: 1107 exec/s: 13964 rss: 322Mb L: 82/1074 MS: 1 EraseBytes-
#349172	REDUCE cov: 4374 ft: 14887 corp: 1826/73Kb lim: 1107 exec/s: 13966 rss: 322Mb L: 8/1074 MS: 1 EraseBytes-
#349473	REDUCE cov: 4374 ft: 14887 corp: 1826/73Kb lim: 1107 exec/s: 13978 rss: 322Mb L: 21/1074 MS: 1 EraseBytes-
	NEW_FUNC[1/1]: 0x555c02fe8d20 in <alloc::collections::btree::node::NodeRef<alloc::collections::btree::node::marker::Owned, map_keys::map_keys::ByteKey<false>, u8, alloc::collections::btree::node::marker::Internal>>::from_new_internal::<alloc::alloc::Global> /home/meme/.rustup/toolchains/nightly-x86_64-unknown-linux-gnu/lib/rustlib/src/rust/library/alloc/src/collections/btree/node.rs:244
#349683	REDUCE cov: 4401 ft: 14914 corp: 1827/74Kb lim: 1107 exec/s: 12488 rss: 322Mb L: 576/1074 MS: 5 ChangeByte-ChangeBinInt-ShuffleBytes-PersAutoDict-CopyPart- DE: "\376\377\377\377\377\377\377\377"-
#349900	REDUCE cov: 4401 ft: 14914 corp: 1827/74Kb lim: 1107 exec/s: 12496 rss: 322Mb L: 5/1074 MS: 1 EraseBytes-
#349978	REDUCE cov: 4401 ft: 14914 corp: 1827/74Kb lim: 1107 exec/s: 12499 rss: 322Mb L: 13/1074 MS: 3 ShuffleBytes-ChangeBit-EraseBytes-
#350149	REDUCE cov: 4401 ft: 14914 corp: 1827/74Kb lim: 1107 exec/s: 12505 rss: 322Mb L: 21/1074 MS: 1 EraseBytes-
#350206	NEW    cov: 4401 ft: 14930 corp: 1828/74Kb lim: 1107 exec/s: 12507 rss: 322Mb L: 47/1074 MS: 2 InsertByte-InsertByte-
#351078	NEW    cov: 4401 ft: 14960 corp: 1829/75Kb lim: 1107 exec/s: 12538 rss: 322Mb L: 726/1074 MS: 2 ChangeASCIIInt-CopyPart-
#351330	NEW    cov: 4401 ft: 14962 corp: 1830/75Kb lim: 1107 exec/s: 12547 rss: 322Mb L: 27/1074 MS: 2 CopyPart-ChangeASCIIInt-
#351341	REDUCE cov: 4401 ft: 14962 corp: 1830/75Kb lim: 1107 exec/s: 12547 rss: 322Mb L: 10/1074 MS: 1 EraseBytes-
#351402	REDUCE cov: 4401 ft: 14964 corp: 1831/75Kb lim: 1107 exec/s: 12550 rss: 322Mb L: 48/1074 MS: 1 CrossOver-
#351704	REDUCE cov: 4401 ft: 14964 corp: 1831/75Kb lim: 1107 exec/s: 12560 rss: 322Mb L: 4/1074 MS: 2 ChangeBinInt-EraseBytes-
#352015	REDUCE cov: 4401 ft: 14964 corp: 1831/75Kb lim: 1107 exec/s: 12571 rss: 322Mb L: 106/1074 MS: 1 EraseBytes-
#352077	NEW    cov: 4401 ft: 14965 corp: 1832/76Kb lim: 1107 exec/s: 12574 rss: 322Mb L: 855/1074 MS: 2 InsertRepeatedBytes-PersAutoDict- DE: "\377\377\377\377\377\377\377\377"-
#352593	REDUCE cov: 4401 ft: 14965 corp: 1832/76Kb lim: 1107 exec/s: 12592 rss: 322Mb L: 184/1074 MS: 1 EraseBytes-
#352674	NEW    cov: 4401 ft: 14973 corp: 1833/76Kb lim: 1107 exec/s: 12595 rss: 322Mb L: 287/1074 MS: 1 InsertRepeatedBytes-
#352705	REDUCE cov: 4401 ft: 14973 corp: 1833/76Kb lim: 1107 exec/s: 12596 rss: 322Mb L: 7/1074 MS: 1 EraseBytes-
#352871	REDUCE cov: 4401 ft: 14973 corp: 1833/76Kb lim: 1107 exec/s: 12602 rss: 322Mb L: 12/1074 MS: 1 EraseBytes-
#352932	REDUCE cov: 4401 ft: 14973 corp: 1833/76Kb lim: 1107 exec/s: 12604 rss: 322Mb L: 40/1074 MS: 1 EraseBytes-
#353448	REDUCE cov: 4401 ft: 14973 corp: 1833/76Kb lim: 1107 exec/s: 12623 rss: 322Mb L: 20/1074 MS: 1 EraseBytes-
#354180	REDUCE cov: 4401 ft: 14973 corp: 1833/76Kb lim: 1107 exec/s: 12649 rss: 322Mb L: 45/1074 MS: 2 CopyPart-EraseBytes-
#354216	REDUCE cov: 4401 ft: 14973 corp: 1833/76Kb lim: 1107 exec/s: 12650 rss: 322Mb L: 13/1074 MS: 1 EraseBytes-
#354952	REDUCE cov: 4401 ft: 14973 corp: 1833/76Kb lim: 1107 exec/s: 12676 rss: 322Mb L: 10/1074 MS: 1 EraseBytes-
#355139	NEW    cov: 4401 ft: 14974 corp: 1834/76Kb lim: 1107 exec/s: 12683 rss: 322Mb L: 49/1074 MS: 2 InsertByte-PersAutoDict- DE: "fatr"-
#355230	REDUCE cov: 4401 ft: 14974 corp: 1834/76Kb lim: 1107 exec/s: 12686 rss: 322Mb L: 17/1074 MS: 1 EraseBytes-
#355297	NEW    cov: 4401 ft: 15000 corp: 1835/76Kb lim: 1107 exec/s: 12689 rss: 322Mb L: 413/1074 MS: 2 ShuffleBytes-CopyPart-
#355473	REDUCE cov: 4401 ft: 15000 corp: 1835/76Kb lim: 1107 exec/s: 12695 rss: 322Mb L: 28/1074 MS: 1 EraseBytes-
#355859	REDUCE cov: 4401 ft: 15000 corp: 1835/76Kb lim: 1107 exec/s: 12709 rss: 322Mb L: 11/1074 MS: 1 EraseBytes-
#356105	REDUCE cov: 4401 ft: 15000 corp: 1835/76Kb lim: 1107 exec/s: 12718 rss: 322Mb L: 37/1074 MS: 1 EraseBytes-
#356471	REDUCE cov: 4401 ft: 15001 corp: 1836/76Kb lim: 1107 exec/s: 12731 rss: 322Mb L: 32/1074 MS: 1 EraseBytes-
#356654	REDUCE cov: 4401 ft: 15001 corp: 1836/76Kb lim: 1107 exec/s: 12737 rss: 322Mb L: 24/1074 MS: 3 ShuffleBytes-PersAutoDict-EraseBytes- DE: "\027\000\000\000\000\000\000\000"-
#356735	REDUCE cov: 4401 ft: 15001 corp: 1836/76Kb lim: 1107 exec/s: 12740 rss: 322Mb L: 18/1074 MS: 1 EraseBytes-
#356831	REDUCE cov: 4401 ft: 15002 corp: 1837/76Kb lim: 1107 exec/s: 12743 rss: 322Mb L: 121/1074 MS: 1 InsertRepeatedBytes-
#356912	REDUCE cov: 4401 ft: 15002 corp: 1837/76Kb lim: 1107 exec/s: 12746 rss: 322Mb L: 34/1074 MS: 1 EraseBytes-
#356953	REDUCE cov: 4401 ft: 15002 corp: 1837/76Kb lim: 1107 exec/s: 12748 rss: 322Mb L: 42/1074 MS: 1 EraseBytes-
#357091	NEW    cov: 4401 ft: 15003 corp: 1838/76Kb lim: 1107 exec/s: 12753 rss: 322Mb L: 31/1074 MS: 3 ChangeASCIIInt-ChangeBinInt-ChangeBinInt-
#357727	REDUCE cov: 4401 ft: 15003 corp: 1838/76Kb lim: 1107 exec/s: 12775 rss: 322Mb L: 13/1074 MS: 1 EraseBytes-
#357833	REDUCE cov: 4401 ft: 15003 corp: 1838/76Kb lim: 1107 exec/s: 12779 rss: 322Mb L: 31/1074 MS: 1 EraseBytes-
#358160	REDUCE cov: 4401 ft: 15003 corp: 1838/76Kb lim: 1107 exec/s: 12791 rss: 322Mb L: 36/1074 MS: 2 ChangeByte-EraseBytes-
#358861	REDUCE cov: 4401 ft: 15003 corp: 1838/76Kb lim: 1107 exec/s: 12816 rss: 322Mb L: 11/1074 MS: 1 EraseBytes-
#358973	REDUCE cov: 4401 ft: 15003 corp: 1838/76Kb lim: 1107 exec/s: 12820 rss: 322Mb L: 37/1074 MS: 2 InsertByte-EraseBytes-
#358990	REDUCE cov: 4401 ft: 15003 corp: 1838/76Kb lim: 1107 exec/s: 12821 rss: 322Mb L: 65/1074 MS: 2 ChangeASCIIInt-EraseBytes-
#358996	NEW    cov: 4401 ft: 15005 corp: 1839/76Kb lim: 1107 exec/s: 12821 rss: 322Mb L: 8/1074 MS: 1 ChangeBinInt-
#359089	NEW    cov: 4401 ft: 15006 corp: 1840/76Kb lim: 1107 exec/s: 12824 rss: 322Mb L: 7/1074 MS: 3 InsertByte-ChangeBit-EraseBytes-
#359420	NEW    cov: 4401 ft: 15007 corp: 1841/76Kb lim: 1107 exec/s: 12836 rss: 322Mb L: 71/1074 MS: 1 CMP- DE: "\015\015\015\015\015\015\015\015\015\015\015\015\015\015\015\015\015\015\015\015\015\015\015\015\015\377\377\377\377\377\377\377\377\377\377\377\377\377\377\377\377\377\377\377\377\377\377\377\377\377\377\377\377\377\377\377"-
#359780	NEW    cov: 4401 ft: 15009 corp: 1842/77Kb lim: 1107 exec/s: 12849 rss: 322Mb L: 233/1074 MS: 5 ChangeByte-InsertRepeatedBytes-CopyPart-PersAutoDict-EraseBytes- DE: "\001\000\003|\371\371\365\035"-
#360026	REDUCE cov: 4401 ft: 15009 corp: 1842/77Kb lim: 1107 exec/s: 12858 rss: 322Mb L: 26/1074 MS: 1 EraseBytes-
#360413	REDUCE cov: 4401 ft: 15009 corp: 1842/77Kb lim: 1107 exec/s: 12871 rss: 322Mb L: 16/1074 MS: 2 CopyPart-EraseBytes-
#360469	REDUCE cov: 4401 ft: 15009 corp: 1842/77Kb lim: 1107 exec/s: 12873 rss: 322Mb L: 5/1074 MS: 1 EraseBytes-
#360485	NEW    cov: 4401 ft: 15011 corp: 1843/77Kb lim: 1107 exec/s: 12874 rss: 322Mb L: 14/1074 MS: 1 EraseBytes-
#360711	REDUCE cov: 4401 ft: 15011 corp: 1843/77Kb lim: 1107 exec/s: 12882 rss: 322Mb L: 36/1074 MS: 1 EraseBytes-
#360714	REDUCE cov: 4401 ft: 15011 corp: 1843/77Kb lim: 1107 exec/s: 12882 rss: 322Mb L: 30/1074 MS: 3 InsertRepeatedBytes-CopyPart-CrossOver-
#361001	REDUCE cov: 4401 ft: 15011 corp: 1843/77Kb lim: 1107 exec/s: 12892 rss: 322Mb L: 75/1074 MS: 2 EraseBytes-CrossOver-
#361008	REDUCE cov: 4401 ft: 15011 corp: 1843/77Kb lim: 1107 exec/s: 12893 rss: 322Mb L: 117/1074 MS: 2 PersAutoDict-EraseBytes- DE: "\000\014"-
#361109	REDUCE cov: 4401 ft: 15011 corp: 1843/77Kb lim: 1107 exec/s: 12896 rss: 322Mb L: 13/1074 MS: 1 EraseBytes-
#361527	NEW    cov: 4401 ft: 15014 corp: 1844/77Kb lim: 1107 exec/s: 12911 rss: 322Mb L: 49/1074 MS: 3 CopyPart-PersAutoDict-InsertByte- DE: "\010\000\000\000"-
#361574	REDUCE cov: 4401 ft: 15014 corp: 1844/77Kb lim: 1107 exec/s: 12913 rss: 322Mb L: 75/1074 MS: 2 ChangeByte-EraseBytes-
#361770	REDUCE cov: 4401 ft: 15014 corp: 1844/77Kb lim: 1107 exec/s: 12920 rss: 322Mb L: 13/1074 MS: 1 EraseBytes-
#362393	NEW    cov: 4401 ft: 15015 corp: 1845/77Kb lim: 1107 exec/s: 12496 rss: 322Mb L: 40/1074 MS: 3 ShuffleBytes-ChangeBit-PersAutoDict- DE: "\177\000\000\000\000\000\000\000"-
#362410	REDUCE cov: 4401 ft: 15015 corp: 1845/77Kb lim: 1107 exec/s: 12496 rss: 322Mb L: 23/1074 MS: 2 ChangeBinInt-EraseBytes-
#362481	REDUCE cov: 4401 ft: 15015 corp: 1845/77Kb lim: 1107 exec/s: 12499 rss: 322Mb L: 14/1074 MS: 1 EraseBytes-
#362658	REDUCE cov: 4401 ft: 15017 corp: 1846/77Kb lim: 1107 exec/s: 12505 rss: 322Mb L: 32/1074 MS: 2 EraseBytes-CrossOver-
#362724	REDUCE cov: 4401 ft: 15017 corp: 1846/77Kb lim: 1107 exec/s: 12507 rss: 322Mb L: 20/1074 MS: 1 EraseBytes-
#362777	REDUCE cov: 4401 ft: 15017 corp: 1846/77Kb lim: 1107 exec/s: 12509 rss: 322Mb L: 16/1074 MS: 3 ChangeByte-InsertByte-EraseBytes-
#362863	REDUCE cov: 4401 ft: 15017 corp: 1846/77Kb lim: 1107 exec/s: 12512 rss: 322Mb L: 2/1074 MS: 1 EraseBytes-
#363079	REDUCE cov: 4401 ft: 15017 corp: 1846/77Kb lim: 1107 exec/s: 12519 rss: 322Mb L: 42/1074 MS: 1 EraseBytes-
#363232	REDUCE cov: 4401 ft: 15017 corp: 1846/77Kb lim: 1107 exec/s: 12525 rss: 322Mb L: 12/1074 MS: 3 CrossOver-ChangeByte-EraseBytes-
#363392	REDUCE cov: 4401 ft: 15017 corp: 1846/77Kb lim: 1107 exec/s: 12530 rss: 322Mb L: 490/1074 MS: 5 ChangeBit-InsertByte-PersAutoDict-InsertByte-EraseBytes- DE: "\000\000\000\000\000\000\000\002"-
#363691	REDUCE cov: 4401 ft: 15017 corp: 1846/77Kb lim: 1107 exec/s: 12541 rss: 322Mb L: 39/1074 MS: 4 ChangeByte-CopyPart-ShuffleBytes-EraseBytes-
#363822	REDUCE cov: 4401 ft: 15017 corp: 1846/77Kb lim: 1107 exec/s: 12545 rss: 322Mb L: 19/1074 MS: 1 EraseBytes-
#364033	REDUCE cov: 4401 ft: 15017 corp: 1846/77Kb lim: 1107 exec/s: 12552 rss: 322Mb L: 26/1074 MS: 1 EraseBytes-
#364309	REDUCE cov: 4401 ft: 15017 corp: 1846/77Kb lim: 1107 exec/s: 12562 rss: 322Mb L: 44/1074 MS: 1 EraseBytes-
#364447	REDUCE cov: 4401 ft: 15017 corp: 1846/77Kb lim: 1107 exec/s: 12567 rss: 322Mb L: 27/1074 MS: 3 CrossOver-ChangeASCIIInt-InsertByte-
#364488	NEW    cov: 4401 ft: 15019 corp: 1847/77Kb lim: 1107 exec/s: 12568 rss: 322Mb L: 40/1074 MS: 1 InsertByte-
#364509	REDUCE cov: 4401 ft: 15019 corp: 1847/77Kb lim: 1107 exec/s: 12569 rss: 322Mb L: 40/1074 MS: 1 EraseBytes-
#364630	REDUCE cov: 4401 ft: 15019 corp: 1847/77Kb lim: 1107 exec/s: 12573 rss: 322Mb L: 34/1074 MS: 1 EraseBytes-
#364763	REDUCE cov: 4401 ft: 15019 corp: 1847/77Kb lim: 1107 exec/s: 12578 rss: 322Mb L: 23/1074 MS: 3 ChangeASCIIInt-PersAutoDict-EraseBytes- DE: "\263>\255\255"-
#364804	REDUCE cov: 4401 ft: 15019 corp: 1847/77Kb lim: 1107 exec/s: 12579 rss: 322Mb L: 25/1074 MS: 1 EraseBytes-
#364900	REDUCE cov: 4401 ft: 15019 corp: 1847/77Kb lim: 1107 exec/s: 12582 rss: 322Mb L: 19/1074 MS: 1 EraseBytes-
#365065	REDUCE cov: 4401 ft: 15019 corp: 1847/77Kb lim: 1107 exec/s: 12588 rss: 322Mb L: 80/1074 MS: 5 PersAutoDict-ChangeBit-ChangeByte-CMP-EraseBytes- DE: "\001\000\000\000\000\000\000\261"-"uter"-
#365147	REDUCE cov: 4401 ft: 15019 corp: 1847/77Kb lim: 1107 exec/s: 12591 rss: 322Mb L: 4/1074 MS: 2 ChangeBinInt-EraseBytes-
#365572	NEW    cov: 4401 ft: 15020 corp: 1848/77Kb lim: 1107 exec/s: 12605 rss: 322Mb L: 196/1074 MS: 5 ChangeASCIIInt-InsertRepeatedBytes-ChangeASCIIInt-EraseBytes-InsertRepeatedBytes-
#365663	REDUCE cov: 4401 ft: 15020 corp: 1848/77Kb lim: 1107 exec/s: 12609 rss: 322Mb L: 131/1074 MS: 1 EraseBytes-
#365789	REDUCE cov: 4401 ft: 15020 corp: 1848/77Kb lim: 1107 exec/s: 12613 rss: 322Mb L: 36/1074 MS: 1 EraseBytes-
#366085	REDUCE cov: 4401 ft: 15020 corp: 1848/77Kb lim: 1107 exec/s: 12623 rss: 322Mb L: 116/1074 MS: 1 EraseBytes-
#366659	REDUCE cov: 4401 ft: 15022 corp: 1849/77Kb lim: 1107 exec/s: 12643 rss: 322Mb L: 164/1074 MS: 4 CopyPart-InsertByte-EraseBytes-CMP- DE: "min"-
#366899	REDUCE cov: 4401 ft: 15022 corp: 1849/77Kb lim: 1107 exec/s: 12651 rss: 322Mb L: 61/1074 MS: 5 ChangeBinInt-CopyPart-EraseBytes-PersAutoDict-EraseBytes- DE: "e "-
#367000	REDUCE cov: 4401 ft: 15022 corp: 1849/77Kb lim: 1107 exec/s: 12655 rss: 322Mb L: 10/1074 MS: 1 EraseBytes-
#367862	REDUCE cov: 4401 ft: 15022 corp: 1849/77Kb lim: 1107 exec/s: 12684 rss: 322Mb L: 175/1074 MS: 2 ShuffleBytes-EraseBytes-
#367874	REDUCE cov: 4401 ft: 15022 corp: 1849/77Kb lim: 1107 exec/s: 12685 rss: 322Mb L: 22/1074 MS: 2 ChangeBit-EraseBytes-
#367895	REDUCE cov: 4401 ft: 15023 corp: 1850/77Kb lim: 1107 exec/s: 12686 rss: 322Mb L: 61/1074 MS: 1 ChangeByte-
#367999	NEW    cov: 4401 ft: 15026 corp: 1851/77Kb lim: 1107 exec/s: 12689 rss: 322Mb L: 75/1074 MS: 4 PersAutoDict-CMP-ChangeBinInt-CrossOver- DE: "VN\376\371\334\003\000\000"-"\001\000\000\000\000\000\000\032"-
#368095	REDUCE cov: 4401 ft: 15026 corp: 1851/77Kb lim: 1107 exec/s: 12692 rss: 322Mb L: 12/1074 MS: 1 EraseBytes-
#368096	REDUCE cov: 4401 ft: 15026 corp: 1851/77Kb lim: 1107 exec/s: 12692 rss: 322Mb L: 259/1074 MS: 1 EraseBytes-
#368312	NEW    cov: 4401 ft: 15028 corp: 1852/77Kb lim: 1107 exec/s: 12700 rss: 322Mb L: 15/1074 MS: 1 EraseBytes-
#368353	REDUCE cov: 4401 ft: 15028 corp: 1852/77Kb lim: 1107 exec/s: 12701 rss: 322Mb L: 33/1074 MS: 1 EraseBytes-
#368517	REDUCE cov: 4401 ft: 15028 corp: 1852/77Kb lim: 1107 exec/s: 12707 rss: 322Mb L: 51/1074 MS: 4 InsertByte-ChangeBit-CMP-EraseBytes- DE: "fals ."-
#369004	NEW    cov: 4401 ft: 15030 corp: 1853/77Kb lim: 1107 exec/s: 12724 rss: 322Mb L: 448/1074 MS: 2 CopyPart-CopyPart-
#369130	REDUCE cov: 4401 ft: 15030 corp: 1853/77Kb lim: 1107 exec/s: 12728 rss: 322Mb L: 81/1074 MS: 1 EraseBytes-
#369376	REDUCE cov: 4401 ft: 15030 corp: 1853/77Kb lim: 1107 exec/s: 12737 rss: 322Mb L: 75/1074 MS: 1 EraseBytes-
#370693	REDUCE cov: 4401 ft: 15030 corp: 1853/77Kb lim: 1117 exec/s: 12782 rss: 322Mb L: 43/1074 MS: 2 ShuffleBytes-EraseBytes-
#371654	NEW    cov: 4401 ft: 15036 corp: 1854/78Kb lim: 1117 exec/s: 12815 rss: 322Mb L: 247/1074 MS: 1 InsertRepeatedBytes-
#371845	REDUCE cov: 4401 ft: 15036 corp: 1854/78Kb lim: 1117 exec/s: 12822 rss: 322Mb L: 18/1074 MS: 1 EraseBytes-
#371951	NEW    cov: 4401 ft: 15040 corp: 1855/78Kb lim: 1117 exec/s: 12825 rss: 322Mb L: 413/1074 MS: 1 ChangeBinInt-
#372057	REDUCE cov: 4401 ft: 15040 corp: 1855/78Kb lim: 1117 exec/s: 12829 rss: 322Mb L: 189/1074 MS: 1 EraseBytes-
#372088	NEW    cov: 4403 ft: 15042 corp: 1856/79Kb lim: 1117 exec/s: 12830 rss: 322Mb L: 846/1074 MS: 1 CopyPart-
#372289	REDUCE cov: 4403 ft: 15042 corp: 1856/79Kb lim: 1117 exec/s: 12837 rss: 322Mb L: 51/1074 MS: 1 EraseBytes-
#373110	REDUCE cov: 4403 ft: 15042 corp: 1856/79Kb lim: 1117 exec/s: 12865 rss: 322Mb L: 62/1074 MS: 1 EraseBytes-
#373161	REDUCE cov: 4403 ft: 15042 corp: 1856/79Kb lim: 1117 exec/s: 12867 rss: 322Mb L: 12/1074 MS: 1 EraseBytes-
#373182	REDUCE cov: 4403 ft: 15042 corp: 1856/79Kb lim: 1117 exec/s: 12868 rss: 322Mb L: 19/1074 MS: 1 EraseBytes-
#373693	NEW    cov: 4403 ft: 15044 corp: 1857/79Kb lim: 1117 exec/s: 12885 rss: 322Mb L: 248/1074 MS: 1 InsertByte-
#373774	REDUCE cov: 4403 ft: 15044 corp: 1857/79Kb lim: 1117 exec/s: 12888 rss: 322Mb L: 21/1074 MS: 1 EraseBytes-
#374139	REDUCE cov: 4403 ft: 15044 corp: 1857/79Kb lim: 1117 exec/s: 12901 rss: 322Mb L: 45/1074 MS: 5 CMP-PersAutoDict-CopyPart-EraseBytes-ChangeByte- DE: "\200\000\000\000\000\000\000\014"-"\001\000\000\006"-
#374405	REDUCE cov: 4403 ft: 15044 corp: 1857/79Kb lim: 1117 exec/s: 12910 rss: 322Mb L: 15/1074 MS: 1 EraseBytes-
#374648	REDUCE cov: 4403 ft: 15044 corp: 1857/79Kb lim: 1117 exec/s: 12918 rss: 322Mb L: 31/1074 MS: 3 ShuffleBytes-ShuffleBytes-EraseBytes-
#374866	REDUCE cov: 4403 ft: 15045 corp: 1858/79Kb lim: 1117 exec/s: 12926 rss: 322Mb L: 120/1074 MS: 3 InsertRepeatedBytes-PersAutoDict-ShuffleBytes- DE: "fals"-
#374887	REDUCE cov: 4403 ft: 15045 corp: 1858/79Kb lim: 1117 exec/s: 12927 rss: 322Mb L: 10/1074 MS: 1 EraseBytes-
#375303	REDUCE cov: 4403 ft: 15045 corp: 1858/79Kb lim: 1117 exec/s: 12941 rss: 322Mb L: 21/1074 MS: 1 EraseBytes-
#375334	REDUCE cov: 4403 ft: 15045 corp: 1858/79Kb lim: 1117 exec/s: 12942 rss: 322Mb L: 11/1074 MS: 1 EraseBytes-
#375425	REDUCE cov: 4403 ft: 15045 corp: 1858/79Kb lim: 1117 exec/s: 12945 rss: 322Mb L: 47/1074 MS: 1 EraseBytes-
#375431	REDUCE cov: 4403 ft: 15045 corp: 1858/79Kb lim: 1117 exec/s: 12945 rss: 322Mb L: 8/1074 MS: 1 EraseBytes-
#376037	REDUCE cov: 4403 ft: 15045 corp: 1858/79Kb lim: 1117 exec/s: 12534 rss: 322Mb L: 37/1074 MS: 1 EraseBytes-
#376223	REDUCE cov: 4403 ft: 15045 corp: 1858/79Kb lim: 1117 exec/s: 12540 rss: 322Mb L: 101/1074 MS: 1 EraseBytes-
#376324	REDUCE cov: 4403 ft: 15045 corp: 1858/79Kb lim: 1117 exec/s: 12544 rss: 322Mb L: 145/1074 MS: 1 EraseBytes-
#377005	REDUCE cov: 4403 ft: 15045 corp: 1858/79Kb lim: 1117 exec/s: 12566 rss: 322Mb L: 11/1074 MS: 1 EraseBytes-
#377389	REDUCE cov: 4403 ft: 15046 corp: 1859/79Kb lim: 1117 exec/s: 12579 rss: 322Mb L: 105/1074 MS: 4 CopyPart-ChangeByte-ChangeBinInt-EraseBytes-
#377511	REDUCE cov: 4403 ft: 15046 corp: 1859/79Kb lim: 1117 exec/s: 12583 rss: 322Mb L: 291/1074 MS: 2 PersAutoDict-EraseBytes- DE: "\304\343\267x"-
#377782	REDUCE cov: 4403 ft: 15046 corp: 1859/79Kb lim: 1117 exec/s: 12592 rss: 322Mb L: 42/1074 MS: 1 EraseBytes-
#377951	REDUCE cov: 4403 ft: 15046 corp: 1859/79Kb lim: 1117 exec/s: 12598 rss: 322Mb L: 16/1074 MS: 4 ChangeByte-CopyPart-EraseBytes-CopyPart-
#378163	REDUCE cov: 4403 ft: 15046 corp: 1859/79Kb lim: 1117 exec/s: 12605 rss: 322Mb L: 19/1074 MS: 2 ChangeBit-EraseBytes-
#378379	NEW    cov: 4403 ft: 15047 corp: 1860/79Kb lim: 1117 exec/s: 12612 rss: 322Mb L: 244/1074 MS: 1 CopyPart-
#378505	REDUCE cov: 4403 ft: 15047 corp: 1860/79Kb lim: 1117 exec/s: 12616 rss: 322Mb L: 18/1074 MS: 1 EraseBytes-
#378682	REDUCE cov: 4403 ft: 15047 corp: 1860/79Kb lim: 1117 exec/s: 12622 rss: 322Mb L: 89/1074 MS: 1 EraseBytes-
#378818	REDUCE cov: 4403 ft: 15047 corp: 1860/79Kb lim: 1117 exec/s: 12627 rss: 322Mb L: 28/1074 MS: 1 EraseBytes-
#379120	REDUCE cov: 4403 ft: 15047 corp: 1860/79Kb lim: 1117 exec/s: 12637 rss: 322Mb L: 8/1074 MS: 2 PersAutoDict-EraseBytes- DE: "fatr"-
#379156	REDUCE cov: 4403 ft: 15047 corp: 1860/79Kb lim: 1117 exec/s: 12638 rss: 322Mb L: 23/1074 MS: 1 EraseBytes-
#379217	REDUCE cov: 4403 ft: 15063 corp: 1861/79Kb lim: 1117 exec/s: 12640 rss: 322Mb L: 43/1074 MS: 1 EraseBytes-
#379374	NEW    cov: 4403 ft: 15066 corp: 1862/79Kb lim: 1117 exec/s: 12645 rss: 322Mb L: 36/1074 MS: 2 ChangeBinInt-CopyPart-
#379990	REDUCE cov: 4403 ft: 15066 corp: 1862/79Kb lim: 1117 exec/s: 12666 rss: 322Mb L: 26/1074 MS: 1 EraseBytes-
#380221	REDUCE cov: 4403 ft: 15066 corp: 1862/79Kb lim: 1117 exec/s: 12674 rss: 322Mb L: 10/1074 MS: 1 EraseBytes-
#380227	REDUCE cov: 4403 ft: 15066 corp: 1862/79Kb lim: 1117 exec/s: 12674 rss: 322Mb L: 39/1074 MS: 1 EraseBytes-
#380253	REDUCE cov: 4403 ft: 15066 corp: 1862/79Kb lim: 1117 exec/s: 12675 rss: 322Mb L: 51/1074 MS: 1 EraseBytes-
#380289	REDUCE cov: 4403 ft: 15066 corp: 1862/79Kb lim: 1117 exec/s: 12676 rss: 322Mb L: 12/1074 MS: 1 EraseBytes-
#380367	REDUCE cov: 4403 ft: 15066 corp: 1862/79Kb lim: 1117 exec/s: 12678 rss: 322Mb L: 24/1074 MS: 3 ChangeBinInt-ChangeByte-EraseBytes-
#380668	REDUCE cov: 4403 ft: 15066 corp: 1862/79Kb lim: 1117 exec/s: 12688 rss: 322Mb L: 12/1074 MS: 1 EraseBytes-
#380694	NEW    cov: 4403 ft: 15067 corp: 1863/79Kb lim: 1117 exec/s: 12689 rss: 322Mb L: 36/1074 MS: 1 PersAutoDict- DE: "\005\000\000\000"-
#381006	REDUCE cov: 4403 ft: 15067 corp: 1863/79Kb lim: 1117 exec/s: 12700 rss: 322Mb L: 14/1074 MS: 2 ChangeBit-EraseBytes-
#381358	REDUCE cov: 4403 ft: 15067 corp: 1863/79Kb lim: 1117 exec/s: 12711 rss: 322Mb L: 30/1074 MS: 2 PersAutoDict-EraseBytes- DE: "0\000"-
#381604	REDUCE cov: 4403 ft: 15067 corp: 1863/79Kb lim: 1117 exec/s: 12720 rss: 322Mb L: 11/1074 MS: 1 EraseBytes-
#381651	REDUCE cov: 4403 ft: 15067 corp: 1863/79Kb lim: 1117 exec/s: 12721 rss: 322Mb L: 16/1074 MS: 2 PersAutoDict-EraseBytes- DE: "\304\343\267x"-
#381767	REDUCE cov: 4403 ft: 15067 corp: 1863/79Kb lim: 1117 exec/s: 12725 rss: 322Mb L: 25/1074 MS: 1 EraseBytes-
#381881	REDUCE cov: 4403 ft: 15067 corp: 1863/79Kb lim: 1117 exec/s: 12729 rss: 322Mb L: 12/1074 MS: 4 ShuffleBytes-ChangeByte-CopyPart-EraseBytes-
#382618	REDUCE cov: 4403 ft: 15067 corp: 1863/79Kb lim: 1117 exec/s: 12753 rss: 322Mb L: 20/1074 MS: 2 ChangeBit-EraseBytes-
#382619	REDUCE cov: 4403 ft: 15067 corp: 1863/79Kb lim: 1117 exec/s: 12753 rss: 322Mb L: 13/1074 MS: 1 EraseBytes-
#382645	REDUCE cov: 4403 ft: 15067 corp: 1863/79Kb lim: 1117 exec/s: 12754 rss: 322Mb L: 10/1074 MS: 1 EraseBytes-
#382873	NEW    cov: 4403 ft: 15069 corp: 1864/79Kb lim: 1117 exec/s: 12762 rss: 322Mb L: 100/1074 MS: 3 ChangeBit-ChangeBinInt-CrossOver-
#382960	REDUCE cov: 4403 ft: 15069 corp: 1864/79Kb lim: 1117 exec/s: 12765 rss: 322Mb L: 22/1074 MS: 2 CrossOver-EraseBytes-
#383122	REDUCE cov: 4403 ft: 15069 corp: 1864/79Kb lim: 1117 exec/s: 12770 rss: 322Mb L: 24/1074 MS: 2 ChangeASCIIInt-EraseBytes-
#383193	REDUCE cov: 4403 ft: 15069 corp: 1864/79Kb lim: 1117 exec/s: 12773 rss: 322Mb L: 26/1074 MS: 1 EraseBytes-
#383249	REDUCE cov: 4403 ft: 15069 corp: 1864/79Kb lim: 1117 exec/s: 12774 rss: 322Mb L: 19/1074 MS: 1 EraseBytes-
#383277	REDUCE cov: 4403 ft: 15070 corp: 1865/80Kb lim: 1117 exec/s: 12775 rss: 322Mb L: 243/1074 MS: 3 InsertRepeatedBytes-InsertRepeatedBytes-CrossOver-
#383733	REDUCE cov: 4403 ft: 15070 corp: 1865/80Kb lim: 1117 exec/s: 12791 rss: 322Mb L: 210/1074 MS: 1 EraseBytes-
#383780	REDUCE cov: 4403 ft: 15070 corp: 1865/80Kb lim: 1117 exec/s: 12792 rss: 322Mb L: 41/1074 MS: 2 ChangeASCIIInt-EraseBytes-
#384084	REDUCE cov: 4403 ft: 15070 corp: 1865/80Kb lim: 1117 exec/s: 12802 rss: 322Mb L: 17/1074 MS: 4 ChangeBinInt-ChangeBit-ChangeASCIIInt-EraseBytes-
#384265	REDUCE cov: 4403 ft: 15070 corp: 1865/80Kb lim: 1117 exec/s: 12808 rss: 322Mb L: 87/1074 MS: 1 EraseBytes-
#384366	REDUCE cov: 4403 ft: 15070 corp: 1865/80Kb lim: 1117 exec/s: 12812 rss: 322Mb L: 51/1074 MS: 1 EraseBytes-
#384682	REDUCE cov: 4403 ft: 15070 corp: 1865/80Kb lim: 1117 exec/s: 12822 rss: 322Mb L: 11/1074 MS: 1 EraseBytes-
#384698	REDUCE cov: 4403 ft: 15070 corp: 1865/80Kb lim: 1117 exec/s: 12823 rss: 322Mb L: 16/1074 MS: 1 EraseBytes-
#384914	REDUCE cov: 4403 ft: 15070 corp: 1865/80Kb lim: 1117 exec/s: 12830 rss: 322Mb L: 110/1074 MS: 1 EraseBytes-
#385388	NEW    cov: 4403 ft: 15071 corp: 1866/80Kb lim: 1117 exec/s: 12846 rss: 322Mb L: 212/1074 MS: 4 ChangeBinInt-ChangeByte-EraseBytes-EraseBytes-
#386350	REDUCE cov: 4403 ft: 15071 corp: 1866/80Kb lim: 1117 exec/s: 12878 rss: 322Mb L: 24/1074 MS: 2 CopyPart-EraseBytes-
#386906	REDUCE cov: 4403 ft: 15071 corp: 1866/80Kb lim: 1117 exec/s: 12896 rss: 322Mb L: 103/1074 MS: 1 EraseBytes-
#386907	REDUCE cov: 4403 ft: 15071 corp: 1866/80Kb lim: 1117 exec/s: 12896 rss: 322Mb L: 46/1074 MS: 1 EraseBytes-
#387116	REDUCE cov: 4403 ft: 15071 corp: 1866/80Kb lim: 1117 exec/s: 12903 rss: 322Mb L: 199/1074 MS: 4 PersAutoDict-ChangeBit-CopyPart-EraseBytes- DE: "fals ."-
#387256	REDUCE cov: 4403 ft: 15071 corp: 1866/80Kb lim: 1117 exec/s: 12908 rss: 322Mb L: 23/1074 MS: 5 ChangeBit-ChangeASCIIInt-InsertByte-CrossOver-EraseBytes-
#387437	REDUCE cov: 4403 ft: 15071 corp: 1866/80Kb lim: 1117 exec/s: 12914 rss: 322Mb L: 19/1074 MS: 1 EraseBytes-
#388050	REDUCE cov: 4403 ft: 15071 corp: 1866/80Kb lim: 1117 exec/s: 12935 rss: 322Mb L: 50/1074 MS: 3 InsertRepeatedBytes-CMP-EraseBytes- DE: "\001\000\000\000"-
#388211	REDUCE cov: 4403 ft: 15071 corp: 1866/80Kb lim: 1117 exec/s: 12940 rss: 322Mb L: 7/1074 MS: 1 EraseBytes-
#388662	REDUCE cov: 4403 ft: 15071 corp: 1866/80Kb lim: 1117 exec/s: 12955 rss: 322Mb L: 24/1074 MS: 1 EraseBytes-
#388708	REDUCE cov: 4403 ft: 15071 corp: 1866/80Kb lim: 1117 exec/s: 12956 rss: 322Mb L: 29/1074 MS: 1 EraseBytes-
#388769	REDUCE cov: 4403 ft: 15071 corp: 1866/80Kb lim: 1117 exec/s: 12958 rss: 322Mb L: 43/1074 MS: 1 EraseBytes-
#389345	REDUCE cov: 4403 ft: 15072 corp: 1867/80Kb lim: 1117 exec/s: 12978 rss: 322Mb L: 51/1074 MS: 1 CrossOver-
#389774	REDUCE cov: 4403 ft: 15072 corp: 1867/80Kb lim: 1117 exec/s: 12992 rss: 322Mb L: 42/1074 MS: 4 ChangeBit-ChangeBinInt-PersAutoDict-EraseBytes- DE: "New"-
#389845	REDUCE cov: 4403 ft: 15072 corp: 1867/80Kb lim: 1117 exec/s: 12994 rss: 322Mb L: 22/1074 MS: 1 EraseBytes-
#389907	REDUCE cov: 4403 ft: 15072 corp: 1867/80Kb lim: 1117 exec/s: 12996 rss: 322Mb L: 7/1074 MS: 2 ShuffleBytes-EraseBytes-
#389997	DONE   cov: 4403 ft: 15072 corp: 1867/80Kb lim: 1117 exec/s: 12580 rss: 322Mb
###### Recommended dictionary. ######
"\003]\005\000\020\000\000\000" # Uses: 1392
"\000\000\000\000" # Uses: 1411
"fa:e\365." # Uses: 1205
"VN\376\371\334\003\000\000" # Uses: 1042
"\003\000\000\000\000\000\000\000" # Uses: 986
"\000\000\000\000\000\000\000\000" # Uses: 813
"false\"" # Uses: 865
"\304\343\267x" # Uses: 821
"\001\000\000\000" # Uses: 813
"\001\000\000\000\000\000\000\200" # Uses: 746
"fE0" # Uses: 750
"\012\020<\001" # Uses: 729
"t\\u00" # Uses: 630
"\377\377\377\377\377\377\377\377" # Uses: 639
"\000\014" # Uses: 644
"\001\000\330M" # Uses: 579
"\" ,e" # Uses: 610
"\013\314\314\313" # Uses: 547
".\000\000\000" # Uses: 592
"true" # Uses: 577
"\201\000\000\000" # Uses: 567
"\001\000\000\000\000\000\000\003" # Uses: 559
"\211\000\000\000" # Uses: 578
"fals -0.22\\" # Uses: 465
"\021\000\000\000\000\000\000\000" # Uses: 448
"Urni" # Uses: 486
"\004b" # Uses: 485
"\017\000\000\000\000\000\000\000" # Uses: 409
"\000\000\000\000\000\000\000\004" # Uses: 394
"\376\377\377\377" # Uses: 427
"tr\036ue" # Uses: 417
"\377\377\377\377\377\377\377*" # Uses: 393
"Unit" # Uses: 363
"\000\000\000\000\000\000\000\023" # Uses: 363
"Unmt" # Uses: 429
"\217\000\000\000" # Uses: 416
"fals" # Uses: 354
"fatr" # Uses: 351
"\003\000\000\000\000\000\000\200" # Uses: 372
"\001\000\000\000\000\000\000\261" # Uses: 376
"\377\377\377\003" # Uses: 349
"D\000\000\000" # Uses: 346
"\376\377\377\377\377\377\377\377" # Uses: 312
"\000\000\000\000\000\000\000\011" # Uses: 336
"\001\000\000\020" # Uses: 315
"0\000" # Uses: 299
"New" # Uses: 302
"ue" # Uses: 297
"\024\000" # Uses: 274
"\357\341\177\303" # Uses: 263
"fE0\\/D" # Uses: 281
"true\"" # Uses: 256
"tre" # Uses: 253
"\177\000\000\000\000\000\000\000" # Uses: 250
"\263>\255\255" # Uses: 231
"\\\\\\\\\\\\\\true" # Uses: 199
"\027\000\000\000\000\000\000\000" # Uses: 230
"\000\000\000\000\000\000\000\002" # Uses: 231
"\377\377\377\377\377\377\377\000" # Uses: 211
"\000\000\000\005" # Uses: 189
"e " # Uses: 160
" a" # Uses: 179
"\001\014" # Uses: 200
"vrue" # Uses: 176
"\377\377" # Uses: 171
"\001\000\000\000\000\000\000\012" # Uses: 161
"\001\000\000\000\000\000\0001" # Uses: 155
"UiUt" # Uses: 162
"\020\000\000\000" # Uses: 157
"\0025" # Uses: 134
"\001\000\003|\371\371\365\035" # Uses: 164
"\020\345\002\252" # Uses: 142
"\\\\" # Uses: 143
"\001\000\000\006" # Uses: 124
"fals \377\377\377\377\377\377" # Uses: 115
"\010\000\000\000" # Uses: 134
"\007\000\000\000\000\000\000\000" # Uses: 113
"\005\000\000\000" # Uses: 99
"t`ul(" # Uses: 78
"\015\015\015\015\015\015\015\015\015\015\015\015\015\015\015\015\015\015\015\015\015\015\015\015\015\377\377\377\377\377\377\377\377\377\377\377\377\377\377\377\377\377\377\377\377\377\377\377\377\377\377\377\377\377\377\377" # Uses: 22
"uter" # Uses: 20
"min" # Uses: 23
"\001\000\000\000\000\000\000\032" # Uses: 18
"fals ." # Uses: 26
"\200\000\000\000\000\000\000\014" # Uses: 17
###### End of recommended dictionary. ######
Done 389997 runs in 31 second(s)
