   Compiling jzon-rs v0.3.0 (/home/meme/Documentos/GitHub/jzon-rs/crates/jzon)
   Compiling jzon-fuzz v0.0.0 (/home/meme/Documentos/GitHub/jzon-rs/fuzz)
    Finished `release` profile [optimized + debuginfo] target(s) in 9.94s
    Finished `release` profile [optimized + debuginfo] target(s) in 0.02s
     Running `target/x86_64-unknown-linux-gnu/release/map_keys -artifact_prefix=/home/meme/Documentos/GitHub/jzon-rs/fuzz/artifacts/map_keys/ -max_total_time=30 -max_len=4096 -rss_limit_mb=512 /home/meme/Documentos/GitHub/jzon-rs/fuzz/corpus/map_keys`
INFO: Running with entropic power schedule (0xFF, 100).
INFO: Seed: 2916154435
INFO: Loaded 1 modules   (17103 inline 8-bit counters): 17103 [0x55d0fc8af590, 0x55d0fc8b385f), 
INFO: Loaded 1 PC tables (17103 PCs): 17103 [0x55d0fc8b3860,0x55d0fc8f6550), 
INFO:     1293 files found in /home/meme/Documentos/GitHub/jzon-rs/fuzz/corpus/map_keys
INFO: seed corpus: files: 1293 min: 1b max: 1000b total: 37531b rss: 50Mb
#1294	INITED cov: 4250 ft: 10123 corp: 811/23Kb exec/s: 0 rss: 79Mb
#1428	NEW    cov: 4250 ft: 10125 corp: 812/23Kb lim: 116 exec/s: 0 rss: 80Mb L: 15/110 MS: 4 EraseBytes-CopyPart-ChangeByte-CMP- DE: "\011\000"-
#1494	REDUCE cov: 4250 ft: 10125 corp: 812/23Kb lim: 116 exec/s: 0 rss: 80Mb L: 6/110 MS: 1 EraseBytes-
#1495	REDUCE cov: 4250 ft: 10125 corp: 812/23Kb lim: 116 exec/s: 0 rss: 80Mb L: 10/110 MS: 1 EraseBytes-
#1506	REDUCE cov: 4250 ft: 10125 corp: 812/23Kb lim: 116 exec/s: 0 rss: 80Mb L: 56/110 MS: 1 EraseBytes-
#1522	NEW    cov: 4250 ft: 10126 corp: 813/23Kb lim: 116 exec/s: 0 rss: 80Mb L: 16/110 MS: 1 EraseBytes-
#1753	NEW    cov: 4251 ft: 10127 corp: 814/23Kb lim: 116 exec/s: 0 rss: 81Mb L: 102/110 MS: 1 CopyPart-
#1844	NEW    cov: 4251 ft: 10130 corp: 815/23Kb lim: 116 exec/s: 0 rss: 82Mb L: 37/110 MS: 1 EraseBytes-
#1945	NEW    cov: 4251 ft: 10132 corp: 816/23Kb lim: 116 exec/s: 0 rss: 82Mb L: 100/110 MS: 1 ChangeBit-
#2098	REDUCE cov: 4251 ft: 10132 corp: 816/23Kb lim: 116 exec/s: 0 rss: 83Mb L: 19/110 MS: 3 EraseBytes-ShuffleBytes-ChangeByte-
#2131	REDUCE cov: 4251 ft: 10132 corp: 816/23Kb lim: 116 exec/s: 0 rss: 83Mb L: 38/110 MS: 3 ChangeBinInt-ChangeBinInt-EraseBytes-
#2147	REDUCE cov: 4251 ft: 10132 corp: 816/23Kb lim: 116 exec/s: 0 rss: 83Mb L: 3/110 MS: 1 EraseBytes-
#2199	REDUCE cov: 4251 ft: 10132 corp: 816/23Kb lim: 116 exec/s: 0 rss: 83Mb L: 56/110 MS: 2 ShuffleBytes-EraseBytes-
#2215	NEW    cov: 4251 ft: 10133 corp: 817/23Kb lim: 116 exec/s: 0 rss: 84Mb L: 21/110 MS: 1 InsertByte-
#2276	NEW    cov: 4257 ft: 10139 corp: 818/23Kb lim: 116 exec/s: 0 rss: 84Mb L: 14/110 MS: 1 EraseBytes-
#2297	NEW    cov: 4257 ft: 10140 corp: 819/23Kb lim: 116 exec/s: 0 rss: 84Mb L: 51/110 MS: 1 InsertRepeatedBytes-
#2331	NEW    cov: 4257 ft: 10141 corp: 820/23Kb lim: 116 exec/s: 0 rss: 84Mb L: 46/110 MS: 4 PersAutoDict-ChangeBinInt-ShuffleBytes-EraseBytes- DE: "\011\000"-
#2377	REDUCE cov: 4257 ft: 10141 corp: 820/23Kb lim: 116 exec/s: 0 rss: 85Mb L: 16/110 MS: 1 EraseBytes-
#2570	NEW    cov: 4258 ft: 10147 corp: 821/23Kb lim: 116 exec/s: 0 rss: 85Mb L: 20/110 MS: 3 EraseBytes-ChangeBinInt-ChangeASCIIInt-
#2658	NEW    cov: 4258 ft: 10148 corp: 822/23Kb lim: 116 exec/s: 0 rss: 86Mb L: 111/111 MS: 3 InsertRepeatedBytes-ChangeBit-InsertRepeatedBytes-
#2729	NEW    cov: 4259 ft: 10150 corp: 823/23Kb lim: 116 exec/s: 0 rss: 86Mb L: 8/111 MS: 1 PersAutoDict- DE: "\011\000"-
#2755	REDUCE cov: 4259 ft: 10150 corp: 823/23Kb lim: 116 exec/s: 0 rss: 86Mb L: 33/111 MS: 1 EraseBytes-
#2841	REDUCE cov: 4259 ft: 10150 corp: 823/23Kb lim: 116 exec/s: 0 rss: 87Mb L: 11/111 MS: 1 EraseBytes-
#2868	NEW    cov: 4259 ft: 10151 corp: 824/23Kb lim: 116 exec/s: 0 rss: 87Mb L: 81/111 MS: 2 ChangeBit-CrossOver-
#2924	REDUCE cov: 4259 ft: 10151 corp: 824/23Kb lim: 116 exec/s: 0 rss: 87Mb L: 2/111 MS: 1 EraseBytes-
#3104	NEW    cov: 4259 ft: 10161 corp: 825/23Kb lim: 116 exec/s: 0 rss: 88Mb L: 98/111 MS: 5 ChangeASCIIInt-ChangeBit-ShuffleBytes-CMP-InsertRepeatedBytes- DE: "\000\000\000\000\000\000\000\000"-
#3109	REDUCE cov: 4259 ft: 10161 corp: 825/23Kb lim: 116 exec/s: 0 rss: 88Mb L: 56/111 MS: 5 ChangeBinInt-ShuffleBytes-ShuffleBytes-CopyPart-EraseBytes-
#3134	NEW    cov: 4259 ft: 10177 corp: 826/23Kb lim: 116 exec/s: 0 rss: 88Mb L: 113/113 MS: 5 CopyPart-InsertRepeatedBytes-PersAutoDict-InsertByte-CopyPart- DE: "\011\000"-
#3327	NEW    cov: 4259 ft: 10182 corp: 827/23Kb lim: 116 exec/s: 0 rss: 89Mb L: 28/113 MS: 3 ChangeASCIIInt-CrossOver-ChangeBit-
#3328	REDUCE cov: 4259 ft: 10182 corp: 827/23Kb lim: 116 exec/s: 0 rss: 89Mb L: 48/113 MS: 1 EraseBytes-
#3381	REDUCE cov: 4259 ft: 10182 corp: 827/23Kb lim: 116 exec/s: 0 rss: 89Mb L: 99/113 MS: 3 ShuffleBytes-InsertRepeatedBytes-EraseBytes-
#3459	NEW    cov: 4259 ft: 10185 corp: 828/24Kb lim: 116 exec/s: 0 rss: 90Mb L: 63/113 MS: 3 ChangeBit-ChangeBit-InsertByte-
#3571	REDUCE cov: 4259 ft: 10185 corp: 828/23Kb lim: 116 exec/s: 0 rss: 90Mb L: 29/113 MS: 2 ChangeBit-EraseBytes-
#3584	REDUCE cov: 4259 ft: 10185 corp: 828/23Kb lim: 116 exec/s: 0 rss: 90Mb L: 42/113 MS: 3 InsertRepeatedBytes-PersAutoDict-EraseBytes- DE: "\011\000"-
#3695	REDUCE cov: 4259 ft: 10185 corp: 828/23Kb lim: 116 exec/s: 0 rss: 91Mb L: 8/113 MS: 1 EraseBytes-
#3726	NEW    cov: 4259 ft: 10191 corp: 829/24Kb lim: 116 exec/s: 0 rss: 91Mb L: 79/113 MS: 1 PersAutoDict- DE: "\000\000\000\000\000\000\000\000"-
#3739	NEW    cov: 4259 ft: 10192 corp: 830/24Kb lim: 116 exec/s: 0 rss: 91Mb L: 11/113 MS: 3 EraseBytes-ChangeByte-PersAutoDict- DE: "\011\000"-
#3783	NEW    cov: 4259 ft: 10240 corp: 831/24Kb lim: 116 exec/s: 0 rss: 91Mb L: 97/113 MS: 4 ChangeBit-ChangeBinInt-ChangeByte-InsertRepeatedBytes-
#3849	REDUCE cov: 4259 ft: 10240 corp: 831/24Kb lim: 116 exec/s: 0 rss: 92Mb L: 44/113 MS: 1 EraseBytes-
#3865	NEW    cov: 4259 ft: 10256 corp: 832/24Kb lim: 116 exec/s: 0 rss: 92Mb L: 101/113 MS: 1 ChangeBinInt-
#3886	REDUCE cov: 4259 ft: 10256 corp: 832/24Kb lim: 116 exec/s: 0 rss: 92Mb L: 88/113 MS: 1 EraseBytes-
#3902	NEW    cov: 4259 ft: 10258 corp: 833/24Kb lim: 116 exec/s: 0 rss: 92Mb L: 45/113 MS: 1 InsertRepeatedBytes-
#3904	NEW    cov: 4259 ft: 10259 corp: 834/24Kb lim: 116 exec/s: 0 rss: 92Mb L: 70/113 MS: 2 InsertByte-InsertByte-
#3917	REDUCE cov: 4259 ft: 10259 corp: 834/24Kb lim: 116 exec/s: 0 rss: 92Mb L: 31/113 MS: 3 CMP-ChangeASCIIInt-EraseBytes- DE: "\001\000\000\000\000\000\000\003"-
#3930	NEW    cov: 4259 ft: 10260 corp: 835/24Kb lim: 116 exec/s: 0 rss: 92Mb L: 13/113 MS: 3 ChangeBinInt-ChangeBit-EraseBytes-
#3941	NEW    cov: 4260 ft: 10261 corp: 836/24Kb lim: 116 exec/s: 0 rss: 92Mb L: 53/113 MS: 1 ChangeASCIIInt-
#3949	NEW    cov: 4260 ft: 10262 corp: 837/24Kb lim: 116 exec/s: 0 rss: 93Mb L: 8/113 MS: 3 CrossOver-ChangeBit-ChangeBit-
#4046	REDUCE cov: 4260 ft: 10262 corp: 837/24Kb lim: 116 exec/s: 0 rss: 93Mb L: 5/113 MS: 2 ChangeBit-EraseBytes-
#4113	NEW    cov: 4260 ft: 10263 corp: 838/24Kb lim: 116 exec/s: 0 rss: 93Mb L: 21/113 MS: 2 ShuffleBytes-CopyPart-
#4193	REDUCE cov: 4260 ft: 10263 corp: 838/24Kb lim: 116 exec/s: 0 rss: 94Mb L: 5/113 MS: 5 EraseBytes-ShuffleBytes-ShuffleBytes-CopyPart-EraseBytes-
#4334	REDUCE cov: 4260 ft: 10263 corp: 838/24Kb lim: 116 exec/s: 0 rss: 94Mb L: 61/113 MS: 1 EraseBytes-
#4376	NEW    cov: 4260 ft: 10264 corp: 839/24Kb lim: 116 exec/s: 0 rss: 94Mb L: 21/113 MS: 2 ShuffleBytes-ChangeBinInt-
#4406	REDUCE cov: 4260 ft: 10264 corp: 839/24Kb lim: 116 exec/s: 0 rss: 95Mb L: 11/113 MS: 5 ChangeByte-ShuffleBytes-CMP-ChangeASCIIInt-EraseBytes- DE: "\012\000\000\000\000\000\000\000"-
#4411	REDUCE cov: 4260 ft: 10264 corp: 839/24Kb lim: 116 exec/s: 0 rss: 95Mb L: 33/113 MS: 5 ChangeByte-ChangeByte-CopyPart-PersAutoDict-EraseBytes- DE: "\011\000"-
#4457	REDUCE cov: 4260 ft: 10264 corp: 839/24Kb lim: 116 exec/s: 0 rss: 95Mb L: 15/113 MS: 1 EraseBytes-
#4539	NEW    cov: 4260 ft: 10273 corp: 840/24Kb lim: 116 exec/s: 0 rss: 95Mb L: 88/113 MS: 2 ShuffleBytes-CopyPart-
#4556	REDUCE cov: 4260 ft: 10273 corp: 840/24Kb lim: 116 exec/s: 0 rss: 95Mb L: 52/113 MS: 2 CMP-CrossOver- DE: "false\""-
#4572	NEW    cov: 4260 ft: 10274 corp: 841/24Kb lim: 116 exec/s: 0 rss: 96Mb L: 115/115 MS: 1 InsertRepeatedBytes-
#4633	NEW    cov: 4260 ft: 10275 corp: 842/24Kb lim: 116 exec/s: 0 rss: 96Mb L: 94/115 MS: 1 InsertRepeatedBytes-
#4649	REDUCE cov: 4260 ft: 10275 corp: 842/24Kb lim: 116 exec/s: 0 rss: 96Mb L: 22/115 MS: 1 CrossOver-
#4699	NEW    cov: 4260 ft: 10276 corp: 843/24Kb lim: 116 exec/s: 0 rss: 96Mb L: 78/115 MS: 5 PersAutoDict-PersAutoDict-CrossOver-ChangeByte-EraseBytes- DE: "\011\000"-"\012\000\000\000\000\000\000\000"-
#4755	NEW    cov: 4260 ft: 10284 corp: 844/24Kb lim: 116 exec/s: 0 rss: 97Mb L: 54/115 MS: 1 ShuffleBytes-
#4818	NEW    cov: 4260 ft: 10286 corp: 845/24Kb lim: 116 exec/s: 0 rss: 97Mb L: 79/115 MS: 3 ChangeByte-ChangeBit-CrossOver-
#4841	NEW    cov: 4260 ft: 10289 corp: 846/24Kb lim: 116 exec/s: 0 rss: 97Mb L: 37/115 MS: 3 CrossOver-ChangeByte-PersAutoDict- DE: "false\""-
#4952	REDUCE cov: 4260 ft: 10289 corp: 846/24Kb lim: 116 exec/s: 0 rss: 98Mb L: 30/115 MS: 1 EraseBytes-
#4968	NEW    cov: 4262 ft: 10291 corp: 847/24Kb lim: 116 exec/s: 0 rss: 98Mb L: 4/115 MS: 1 EraseBytes-
#5022	NEW    cov: 4262 ft: 10307 corp: 848/24Kb lim: 116 exec/s: 0 rss: 98Mb L: 22/115 MS: 4 CopyPart-CrossOver-CrossOver-EraseBytes-
#5037	NEW    cov: 4262 ft: 10308 corp: 849/25Kb lim: 116 exec/s: 0 rss: 98Mb L: 80/115 MS: 5 CMP-CrossOver-InsertRepeatedBytes-ShuffleBytes-EraseBytes- DE: "\013\000\000\000\000\000\000\200"-
#5048	NEW    cov: 4262 ft: 10324 corp: 850/25Kb lim: 116 exec/s: 0 rss: 98Mb L: 102/115 MS: 1 InsertByte-
#5059	NEW    cov: 4270 ft: 10348 corp: 851/25Kb lim: 116 exec/s: 0 rss: 98Mb L: 40/115 MS: 1 CrossOver-
#5072	REDUCE cov: 4270 ft: 10348 corp: 851/25Kb lim: 116 exec/s: 0 rss: 98Mb L: 31/115 MS: 3 InsertByte-InsertByte-EraseBytes-
#5079	REDUCE cov: 4270 ft: 10348 corp: 851/25Kb lim: 116 exec/s: 0 rss: 99Mb L: 19/115 MS: 2 InsertByte-EraseBytes-
#5116	NEW    cov: 4270 ft: 10356 corp: 852/25Kb lim: 116 exec/s: 0 rss: 99Mb L: 16/115 MS: 2 ChangeBit-ShuffleBytes-
#5249	REDUCE cov: 4270 ft: 10356 corp: 852/25Kb lim: 116 exec/s: 0 rss: 99Mb L: 68/115 MS: 3 InsertByte-ChangeBit-EraseBytes-
#5272	REDUCE cov: 4270 ft: 10356 corp: 852/25Kb lim: 116 exec/s: 0 rss: 99Mb L: 8/115 MS: 3 ChangeBit-ShuffleBytes-EraseBytes-
#5378	NEW    cov: 4271 ft: 10363 corp: 853/25Kb lim: 116 exec/s: 0 rss: 100Mb L: 10/115 MS: 1 InsertByte-
#5687	NEW    cov: 4271 ft: 10364 corp: 854/25Kb lim: 116 exec/s: 0 rss: 101Mb L: 110/115 MS: 4 CopyPart-ChangeBinInt-EraseBytes-InsertRepeatedBytes-
#5724	NEW    cov: 4271 ft: 10366 corp: 855/25Kb lim: 116 exec/s: 0 rss: 101Mb L: 83/115 MS: 2 CrossOver-EraseBytes-
#5790	REDUCE cov: 4271 ft: 10366 corp: 855/25Kb lim: 116 exec/s: 0 rss: 101Mb L: 11/115 MS: 1 EraseBytes-
#5796	REDUCE cov: 4271 ft: 10366 corp: 855/25Kb lim: 116 exec/s: 0 rss: 101Mb L: 43/115 MS: 1 EraseBytes-
#5823	REDUCE cov: 4271 ft: 10366 corp: 855/25Kb lim: 116 exec/s: 0 rss: 102Mb L: 23/115 MS: 2 PersAutoDict-EraseBytes- DE: "\001\000\000\000\000\000\000\003"-
#5922	REDUCE cov: 4271 ft: 10366 corp: 855/25Kb lim: 116 exec/s: 0 rss: 102Mb L: 62/115 MS: 4 PersAutoDict-ChangeBinInt-ShuffleBytes-EraseBytes- DE: "\011\000"-
#5961	REDUCE cov: 4271 ft: 10366 corp: 855/25Kb lim: 116 exec/s: 0 rss: 102Mb L: 11/115 MS: 4 ChangeByte-InsertByte-InsertByte-EraseBytes-
#6022	REDUCE cov: 4271 ft: 10366 corp: 855/25Kb lim: 116 exec/s: 0 rss: 102Mb L: 5/115 MS: 1 EraseBytes-
#6037	REDUCE cov: 4271 ft: 10366 corp: 855/25Kb lim: 116 exec/s: 0 rss: 102Mb L: 45/115 MS: 5 ChangeBit-EraseBytes-EraseBytes-ShuffleBytes-CMP- DE: "\367\377\377\377"-
#6050	REDUCE cov: 4271 ft: 10366 corp: 855/25Kb lim: 116 exec/s: 0 rss: 103Mb L: 23/115 MS: 3 CopyPart-ChangeBit-CrossOver-
#6059	REDUCE cov: 4271 ft: 10366 corp: 855/25Kb lim: 116 exec/s: 0 rss: 103Mb L: 47/115 MS: 4 PersAutoDict-ChangeByte-ChangeASCIIInt-EraseBytes- DE: "false\""-
#6100	REDUCE cov: 4271 ft: 10366 corp: 855/25Kb lim: 116 exec/s: 0 rss: 103Mb L: 21/115 MS: 1 EraseBytes-
#6209	NEW    cov: 4274 ft: 10370 corp: 856/25Kb lim: 116 exec/s: 0 rss: 103Mb L: 15/115 MS: 4 InsertByte-ChangeBinInt-ShuffleBytes-EraseBytes-
#6292	REDUCE cov: 4274 ft: 10370 corp: 856/25Kb lim: 116 exec/s: 0 rss: 103Mb L: 69/115 MS: 3 PersAutoDict-ShuffleBytes-EraseBytes- DE: "\367\377\377\377"-
#6293	NEW    cov: 4274 ft: 10371 corp: 857/25Kb lim: 116 exec/s: 0 rss: 104Mb L: 4/115 MS: 1 ChangeASCIIInt-
#6314	NEW    cov: 4274 ft: 10372 corp: 858/25Kb lim: 116 exec/s: 0 rss: 104Mb L: 76/115 MS: 1 InsertRepeatedBytes-
#6385	NEW    cov: 4274 ft: 10377 corp: 859/25Kb lim: 116 exec/s: 0 rss: 104Mb L: 19/115 MS: 1 PersAutoDict- DE: "false\""-
#6587	NEW    cov: 4274 ft: 10380 corp: 860/25Kb lim: 116 exec/s: 0 rss: 105Mb L: 22/115 MS: 2 CrossOver-CMP- DE: "fae"-
#6608	NEW    cov: 4274 ft: 10381 corp: 861/25Kb lim: 116 exec/s: 0 rss: 105Mb L: 22/115 MS: 1 EraseBytes-
#6637	REDUCE cov: 4274 ft: 10381 corp: 861/25Kb lim: 116 exec/s: 0 rss: 105Mb L: 73/115 MS: 4 ShuffleBytes-ChangeByte-CrossOver-EraseBytes-
#6643	REDUCE cov: 4274 ft: 10381 corp: 861/25Kb lim: 116 exec/s: 0 rss: 105Mb L: 30/115 MS: 1 EraseBytes-
#6650	REDUCE cov: 4274 ft: 10381 corp: 861/25Kb lim: 116 exec/s: 0 rss: 105Mb L: 16/115 MS: 2 InsertByte-EraseBytes-
#6693	REDUCE cov: 4274 ft: 10381 corp: 861/25Kb lim: 116 exec/s: 0 rss: 105Mb L: 47/115 MS: 3 PersAutoDict-ChangeBinInt-EraseBytes- DE: "fae"-
#6705	NEW    cov: 4274 ft: 10383 corp: 862/25Kb lim: 116 exec/s: 0 rss: 106Mb L: 57/115 MS: 2 ChangeBit-EraseBytes-
#6740	REDUCE cov: 4274 ft: 10383 corp: 862/25Kb lim: 116 exec/s: 0 rss: 106Mb L: 34/115 MS: 5 ChangeByte-InsertByte-ChangeASCIIInt-ChangeBinInt-EraseBytes-
#6741	REDUCE cov: 4274 ft: 10383 corp: 862/25Kb lim: 116 exec/s: 0 rss: 106Mb L: 38/115 MS: 1 EraseBytes-
#6951	REDUCE cov: 4274 ft: 10388 corp: 863/25Kb lim: 116 exec/s: 0 rss: 107Mb L: 69/115 MS: 5 CopyPart-CopyPart-CMP-ChangeByte-ChangeBinInt- DE: "\377\377\377\377\377\377\377\001"-
#7014	NEW    cov: 4280 ft: 10400 corp: 864/25Kb lim: 116 exec/s: 0 rss: 107Mb L: 17/115 MS: 3 InsertByte-PersAutoDict-PersAutoDict- DE: "\011\000"-"false\""-
	NEW_FUNC[1/7]: 0x55d0fc748b10 in serde_json::lexical::bhcomp::bhcomp::<f64> /home/meme/.cargo/registry/src/index.crates.io-1949cf8c6b5b557f/serde_json-1.0.151/src/lexical/bhcomp.rs:193
	NEW_FUNC[2/7]: 0x55d0fc74ef70 in serde_json::lexical::rounding::round_to_native::<f64, serde_json::lexical::rounding::round_downward> /home/meme/.cargo/registry/src/index.crates.io-1949cf8c6b5b557f/serde_json-1.0.151/src/lexical/rounding.rs:218
#7075	NEW    cov: 4384 ft: 10505 corp: 865/25Kb lim: 116 exec/s: 3537 rss: 107Mb L: 38/115 MS: 1 EraseBytes-
#7092	NEW    cov: 4384 ft: 10537 corp: 866/25Kb lim: 116 exec/s: 3546 rss: 110Mb L: 102/115 MS: 1 InsertByte-
#7103	NEW    cov: 4384 ft: 10579 corp: 867/25Kb lim: 116 exec/s: 3551 rss: 110Mb L: 31/115 MS: 1 CrossOver-
#7134	REDUCE cov: 4384 ft: 10579 corp: 867/25Kb lim: 116 exec/s: 3567 rss: 110Mb L: 43/115 MS: 1 CrossOver-
#7210	REDUCE cov: 4384 ft: 10579 corp: 867/25Kb lim: 116 exec/s: 3605 rss: 111Mb L: 23/115 MS: 1 EraseBytes-
#7225	NEW    cov: 4385 ft: 10581 corp: 868/25Kb lim: 116 exec/s: 3612 rss: 111Mb L: 80/115 MS: 5 ChangeASCIIInt-ChangeByte-ChangeASCIIInt-ChangeBit-CrossOver-
#7366	REDUCE cov: 4385 ft: 10581 corp: 868/25Kb lim: 116 exec/s: 3683 rss: 111Mb L: 28/115 MS: 1 EraseBytes-
#7414	REDUCE cov: 4385 ft: 10581 corp: 868/25Kb lim: 116 exec/s: 3707 rss: 112Mb L: 38/115 MS: 3 CrossOver-InsertByte-EraseBytes-
#7415	NEW    cov: 4385 ft: 10583 corp: 869/25Kb lim: 116 exec/s: 3707 rss: 112Mb L: 22/115 MS: 1 CopyPart-
#7416	REDUCE cov: 4385 ft: 10583 corp: 869/25Kb lim: 116 exec/s: 3708 rss: 112Mb L: 70/115 MS: 1 EraseBytes-
#7432	NEW    cov: 4385 ft: 10595 corp: 870/25Kb lim: 116 exec/s: 3716 rss: 112Mb L: 89/115 MS: 1 InsertRepeatedBytes-
#7458	REDUCE cov: 4385 ft: 10595 corp: 870/25Kb lim: 116 exec/s: 3729 rss: 112Mb L: 10/115 MS: 1 EraseBytes-
#7577	REDUCE cov: 4385 ft: 10595 corp: 870/25Kb lim: 116 exec/s: 3788 rss: 112Mb L: 28/115 MS: 4 ChangeASCIIInt-ChangeByte-CopyPart-EraseBytes-
#7593	REDUCE cov: 4385 ft: 10595 corp: 870/25Kb lim: 116 exec/s: 3796 rss: 113Mb L: 22/115 MS: 1 EraseBytes-
#7624	REDUCE cov: 4385 ft: 10595 corp: 870/25Kb lim: 116 exec/s: 3812 rss: 113Mb L: 64/115 MS: 1 EraseBytes-
#7682	NEW    cov: 4385 ft: 10602 corp: 871/25Kb lim: 116 exec/s: 3841 rss: 113Mb L: 25/115 MS: 3 CrossOver-InsertRepeatedBytes-ChangeBit-
#7687	NEW    cov: 4385 ft: 10614 corp: 872/25Kb lim: 116 exec/s: 3843 rss: 113Mb L: 54/115 MS: 5 ChangeBit-ShuffleBytes-InsertRepeatedBytes-PersAutoDict-CrossOver- DE: "\367\377\377\377"-
#7701	NEW    cov: 4385 ft: 10617 corp: 873/25Kb lim: 116 exec/s: 3850 rss: 113Mb L: 48/115 MS: 4 PersAutoDict-InsertByte-ChangeASCIIInt-CrossOver- DE: "\011\000"-
#7972	NEW    cov: 4385 ft: 10618 corp: 874/25Kb lim: 116 exec/s: 3986 rss: 114Mb L: 23/115 MS: 1 ChangeBit-
#7979	NEW    cov: 4385 ft: 10619 corp: 875/25Kb lim: 116 exec/s: 3989 rss: 114Mb L: 36/115 MS: 2 ShuffleBytes-EraseBytes-
#8000	NEW    cov: 4385 ft: 10628 corp: 876/25Kb lim: 116 exec/s: 4000 rss: 114Mb L: 23/115 MS: 1 ChangeBinInt-
#8062	REDUCE cov: 4385 ft: 10628 corp: 876/25Kb lim: 116 exec/s: 4031 rss: 114Mb L: 35/115 MS: 2 InsertRepeatedBytes-CrossOver-
#8063	NEW    cov: 4392 ft: 10643 corp: 877/25Kb lim: 116 exec/s: 4031 rss: 114Mb L: 59/115 MS: 1 InsertRepeatedBytes-
#8070	REDUCE cov: 4392 ft: 10643 corp: 877/25Kb lim: 116 exec/s: 4035 rss: 115Mb L: 26/115 MS: 2 ShuffleBytes-EraseBytes-
#8076	REDUCE cov: 4392 ft: 10647 corp: 878/25Kb lim: 116 exec/s: 4038 rss: 115Mb L: 64/115 MS: 1 ChangeBit-
#8147	NEW    cov: 4392 ft: 10648 corp: 879/26Kb lim: 116 exec/s: 4073 rss: 115Mb L: 20/115 MS: 1 ShuffleBytes-
#8184	NEW    cov: 4392 ft: 10651 corp: 880/26Kb lim: 116 exec/s: 4092 rss: 115Mb L: 44/115 MS: 2 InsertRepeatedBytes-PersAutoDict- DE: "\377\377\377\377\377\377\377\001"-
#8192	pulse  cov: 4392 ft: 10651 corp: 880/26Kb lim: 116 exec/s: 4096 rss: 115Mb
#8285	NEW    cov: 4392 ft: 10652 corp: 881/26Kb lim: 116 exec/s: 4142 rss: 116Mb L: 26/115 MS: 1 EraseBytes-
#8297	NEW    cov: 4392 ft: 10653 corp: 882/26Kb lim: 116 exec/s: 4148 rss: 116Mb L: 76/115 MS: 2 ChangeByte-ChangeBinInt-
#8319	REDUCE cov: 4392 ft: 10653 corp: 882/26Kb lim: 116 exec/s: 4159 rss: 116Mb L: 37/115 MS: 2 ChangeBinInt-EraseBytes-
#8413	NEW    cov: 4392 ft: 10654 corp: 883/26Kb lim: 116 exec/s: 2804 rss: 116Mb L: 20/115 MS: 4 ShuffleBytes-InsertByte-CrossOver-CMP- DE: "\000\000\000\000\000\000\000\000"-
#8465	NEW    cov: 4394 ft: 10656 corp: 884/26Kb lim: 116 exec/s: 2821 rss: 116Mb L: 1/115 MS: 2 InsertRepeatedBytes-CrossOver-
#8526	NEW    cov: 4394 ft: 10657 corp: 885/26Kb lim: 116 exec/s: 2842 rss: 117Mb L: 21/115 MS: 1 CopyPart-
#8547	NEW    cov: 4394 ft: 10658 corp: 886/26Kb lim: 116 exec/s: 2849 rss: 117Mb L: 23/115 MS: 1 ShuffleBytes-
#8548	NEW    cov: 4397 ft: 10661 corp: 887/26Kb lim: 116 exec/s: 2849 rss: 117Mb L: 13/115 MS: 1 CMP- DE: "\015\000\000\000\000\000\000\000"-
#8549	REDUCE cov: 4397 ft: 10661 corp: 887/26Kb lim: 116 exec/s: 2849 rss: 117Mb L: 34/115 MS: 1 EraseBytes-
#8620	NEW    cov: 4399 ft: 10663 corp: 888/26Kb lim: 116 exec/s: 2873 rss: 117Mb L: 3/115 MS: 1 EraseBytes-
#8648	REDUCE cov: 4399 ft: 10664 corp: 889/26Kb lim: 116 exec/s: 2882 rss: 117Mb L: 29/115 MS: 3 PersAutoDict-ChangeByte-CrossOver- DE: "\377\377\377\377\377\377\377\001"-
#8649	NEW    cov: 4399 ft: 10666 corp: 890/26Kb lim: 116 exec/s: 2883 rss: 118Mb L: 20/115 MS: 1 PersAutoDict- DE: "\015\000\000\000\000\000\000\000"-
#8826	NEW    cov: 4399 ft: 10682 corp: 891/26Kb lim: 116 exec/s: 2942 rss: 118Mb L: 101/115 MS: 2 ChangeBit-PersAutoDict- DE: "false\""-
#8846	REDUCE cov: 4399 ft: 10682 corp: 891/26Kb lim: 116 exec/s: 2948 rss: 118Mb L: 43/115 MS: 5 ChangeBit-ChangeByte-PersAutoDict-CMP-EraseBytes- DE: "\367\377\377\377"-"\201\000\000\000\000\000\000\001"-
#8856	NEW    cov: 4399 ft: 10686 corp: 892/26Kb lim: 116 exec/s: 2952 rss: 118Mb L: 28/115 MS: 5 ChangeByte-ChangeBinInt-ShuffleBytes-EraseBytes-PersAutoDict- DE: "fae"-
#8902	REDUCE cov: 4399 ft: 10686 corp: 892/26Kb lim: 116 exec/s: 2967 rss: 119Mb L: 82/115 MS: 1 EraseBytes-
#8908	NEW    cov: 4399 ft: 10688 corp: 893/26Kb lim: 116 exec/s: 2969 rss: 119Mb L: 25/115 MS: 1 CrossOver-
#8930	REDUCE cov: 4399 ft: 10688 corp: 893/26Kb lim: 116 exec/s: 2976 rss: 119Mb L: 16/115 MS: 2 ShuffleBytes-EraseBytes-
#9026	NEW    cov: 4399 ft: 10689 corp: 894/26Kb lim: 116 exec/s: 3008 rss: 119Mb L: 36/115 MS: 1 EraseBytes-
#9040	NEW    cov: 4401 ft: 10691 corp: 895/26Kb lim: 116 exec/s: 3013 rss: 119Mb L: 57/115 MS: 4 CopyPart-ChangeBit-ChangeASCIIInt-ChangeBinInt-
#9150	REDUCE cov: 4401 ft: 10691 corp: 895/26Kb lim: 116 exec/s: 3050 rss: 120Mb L: 38/115 MS: 5 CrossOver-InsertRepeatedBytes-PersAutoDict-EraseBytes-CrossOver- DE: "\015\000\000\000\000\000\000\000"-
#9166	REDUCE cov: 4401 ft: 10691 corp: 895/26Kb lim: 116 exec/s: 3055 rss: 120Mb L: 67/115 MS: 1 EraseBytes-
#9170	REDUCE cov: 4401 ft: 10691 corp: 895/26Kb lim: 116 exec/s: 3056 rss: 120Mb L: 10/115 MS: 4 ChangeBinInt-ChangeBinInt-CMP-EraseBytes- DE: "min"-
#9239	REDUCE cov: 4401 ft: 10691 corp: 895/26Kb lim: 116 exec/s: 3079 rss: 120Mb L: 29/115 MS: 4 CMP-InsertByte-ChangeByte-EraseBytes- DE: "\377;"-
#9430	REDUCE cov: 4401 ft: 10691 corp: 895/26Kb lim: 116 exec/s: 3143 rss: 120Mb L: 50/115 MS: 1 EraseBytes-
#9521	REDUCE cov: 4401 ft: 10691 corp: 895/26Kb lim: 116 exec/s: 3173 rss: 121Mb L: 25/115 MS: 1 EraseBytes-
#9557	NEW    cov: 4401 ft: 10692 corp: 896/26Kb lim: 116 exec/s: 3185 rss: 121Mb L: 23/115 MS: 1 PersAutoDict- DE: "min"-
#9589	REDUCE cov: 4401 ft: 10692 corp: 896/26Kb lim: 116 exec/s: 3196 rss: 121Mb L: 3/115 MS: 2 ChangeByte-EraseBytes-
#9751	NEW    cov: 4401 ft: 10693 corp: 897/26Kb lim: 116 exec/s: 3250 rss: 122Mb L: 49/115 MS: 2 ShuffleBytes-CopyPart-
#9787	NEW    cov: 4401 ft: 10702 corp: 898/26Kb lim: 116 exec/s: 3262 rss: 122Mb L: 38/115 MS: 1 EraseBytes-
#9828	REDUCE cov: 4401 ft: 10702 corp: 898/26Kb lim: 116 exec/s: 3276 rss: 122Mb L: 22/115 MS: 1 EraseBytes-
#10016	NEW    cov: 4401 ft: 10703 corp: 899/26Kb lim: 116 exec/s: 3338 rss: 123Mb L: 41/115 MS: 3 ShuffleBytes-CrossOver-EraseBytes-
#10038	REDUCE cov: 4401 ft: 10703 corp: 899/26Kb lim: 116 exec/s: 3346 rss: 123Mb L: 43/115 MS: 2 ShuffleBytes-EraseBytes-
#10135	NEW    cov: 4401 ft: 10704 corp: 900/26Kb lim: 116 exec/s: 3378 rss: 123Mb L: 17/115 MS: 2 CopyPart-PersAutoDict- DE: "\015\000\000\000\000\000\000\000"-
#10171	REDUCE cov: 4401 ft: 10704 corp: 900/26Kb lim: 116 exec/s: 3390 rss: 123Mb L: 18/115 MS: 1 EraseBytes-
#10222	REDUCE cov: 4401 ft: 10704 corp: 900/26Kb lim: 116 exec/s: 3407 rss: 124Mb L: 22/115 MS: 1 EraseBytes-
#10395	REDUCE cov: 4401 ft: 10720 corp: 901/26Kb lim: 116 exec/s: 3465 rss: 124Mb L: 22/115 MS: 3 PersAutoDict-ChangeASCIIInt-EraseBytes- DE: "\015\000\000\000\000\000\000\000"-
#10497	NEW    cov: 4401 ft: 10752 corp: 902/26Kb lim: 116 exec/s: 3499 rss: 125Mb L: 16/115 MS: 2 PersAutoDict-EraseBytes- DE: "false\""-
#10561	REDUCE cov: 4401 ft: 10752 corp: 902/26Kb lim: 116 exec/s: 3520 rss: 125Mb L: 44/115 MS: 4 CopyPart-ChangeBit-InsertByte-EraseBytes-
#10587	NEW    cov: 4401 ft: 10753 corp: 903/26Kb lim: 116 exec/s: 3529 rss: 125Mb L: 74/115 MS: 1 InsertRepeatedBytes-
#10598	NEW    cov: 4401 ft: 10754 corp: 904/26Kb lim: 116 exec/s: 3532 rss: 125Mb L: 92/115 MS: 1 InsertRepeatedBytes-
#10609	REDUCE cov: 4401 ft: 10754 corp: 904/26Kb lim: 116 exec/s: 3536 rss: 125Mb L: 36/115 MS: 1 EraseBytes-
#10676	NEW    cov: 4401 ft: 10758 corp: 905/26Kb lim: 116 exec/s: 3558 rss: 125Mb L: 89/115 MS: 2 ShuffleBytes-CopyPart-
#10760	REDUCE cov: 4401 ft: 10758 corp: 905/26Kb lim: 116 exec/s: 3586 rss: 126Mb L: 63/115 MS: 4 ChangeBit-ChangeBit-ChangeBit-EraseBytes-
#10763	NEW    cov: 4425 ft: 10838 corp: 906/26Kb lim: 116 exec/s: 3587 rss: 126Mb L: 37/115 MS: 3 ChangeASCIIInt-ChangeASCIIInt-CrossOver-
#10764	NEW    cov: 4425 ft: 10841 corp: 907/26Kb lim: 116 exec/s: 3588 rss: 126Mb L: 102/115 MS: 1 CMP- DE: "trul\000"-
#10875	REDUCE cov: 4425 ft: 10841 corp: 907/26Kb lim: 116 exec/s: 3625 rss: 126Mb L: 35/115 MS: 1 EraseBytes-
#10908	REDUCE cov: 4425 ft: 10841 corp: 907/26Kb lim: 116 exec/s: 3636 rss: 127Mb L: 44/115 MS: 3 CopyPart-ChangeASCIIInt-EraseBytes-
#10936	NEW    cov: 4425 ft: 10842 corp: 908/27Kb lim: 116 exec/s: 3645 rss: 127Mb L: 96/115 MS: 3 InsertByte-InsertRepeatedBytes-ChangeASCIIInt-
#11122	REDUCE cov: 4425 ft: 10842 corp: 908/27Kb lim: 116 exec/s: 3707 rss: 127Mb L: 25/115 MS: 1 EraseBytes-
#11188	REDUCE cov: 4425 ft: 10842 corp: 908/27Kb lim: 116 exec/s: 3729 rss: 128Mb L: 32/115 MS: 1 EraseBytes-
#11272	REDUCE cov: 4425 ft: 10842 corp: 908/26Kb lim: 116 exec/s: 3757 rss: 128Mb L: 80/115 MS: 4 ChangeByte-ChangeBinInt-InsertByte-EraseBytes-
#11274	NEW    cov: 4425 ft: 10843 corp: 909/27Kb lim: 116 exec/s: 3758 rss: 128Mb L: 14/115 MS: 2 CrossOver-CopyPart-
#11275	REDUCE cov: 4425 ft: 10843 corp: 909/26Kb lim: 116 exec/s: 3758 rss: 128Mb L: 28/115 MS: 1 EraseBytes-
#11341	NEW    cov: 4425 ft: 10891 corp: 910/27Kb lim: 116 exec/s: 3780 rss: 129Mb L: 66/115 MS: 1 InsertByte-
#11470	REDUCE cov: 4425 ft: 10891 corp: 910/27Kb lim: 116 exec/s: 3823 rss: 129Mb L: 29/115 MS: 4 ChangeBit-ChangeBinInt-CopyPart-EraseBytes-
#11476	NEW    cov: 4425 ft: 10892 corp: 911/27Kb lim: 116 exec/s: 3825 rss: 129Mb L: 40/115 MS: 1 CrossOver-
#11547	REDUCE cov: 4425 ft: 10892 corp: 911/27Kb lim: 116 exec/s: 3849 rss: 129Mb L: 24/115 MS: 1 EraseBytes-
#11603	REDUCE cov: 4425 ft: 10892 corp: 911/27Kb lim: 116 exec/s: 3867 rss: 130Mb L: 42/115 MS: 1 EraseBytes-
#11639	NEW    cov: 4426 ft: 10893 corp: 912/27Kb lim: 116 exec/s: 3879 rss: 130Mb L: 55/115 MS: 1 PersAutoDict- DE: "fae"-
#11651	REDUCE cov: 4426 ft: 10893 corp: 912/27Kb lim: 116 exec/s: 3883 rss: 130Mb L: 12/115 MS: 2 ShuffleBytes-EraseBytes-
#11747	REDUCE cov: 4426 ft: 10893 corp: 912/27Kb lim: 116 exec/s: 3915 rss: 130Mb L: 8/115 MS: 1 EraseBytes-
#11758	NEW    cov: 4426 ft: 10897 corp: 913/27Kb lim: 116 exec/s: 3919 rss: 130Mb L: 49/115 MS: 1 CrossOver-
#11781	REDUCE cov: 4426 ft: 10897 corp: 913/27Kb lim: 116 exec/s: 3927 rss: 131Mb L: 29/115 MS: 3 InsertByte-PersAutoDict-EraseBytes- DE: "\377;"-
#11877	NEW    cov: 4427 ft: 10900 corp: 914/27Kb lim: 116 exec/s: 3959 rss: 131Mb L: 75/115 MS: 1 InsertByte-
#12013	REDUCE cov: 4427 ft: 10900 corp: 914/27Kb lim: 116 exec/s: 4004 rss: 132Mb L: 14/115 MS: 1 EraseBytes-
#12169	NEW    cov: 4427 ft: 10901 corp: 915/27Kb lim: 116 exec/s: 4056 rss: 132Mb L: 32/115 MS: 1 EraseBytes-
#12276	REDUCE cov: 4427 ft: 10901 corp: 915/27Kb lim: 116 exec/s: 4092 rss: 132Mb L: 91/115 MS: 2 PersAutoDict-EraseBytes- DE: "trul\000"-
#12288	REDUCE cov: 4427 ft: 10901 corp: 915/27Kb lim: 116 exec/s: 4096 rss: 132Mb L: 18/115 MS: 2 ChangeASCIIInt-EraseBytes-
#12359	NEW    cov: 4427 ft: 10903 corp: 916/27Kb lim: 116 exec/s: 4119 rss: 133Mb L: 20/115 MS: 1 PersAutoDict- DE: "\015\000\000\000\000\000\000\000"-
#12398	REDUCE cov: 4427 ft: 10903 corp: 916/27Kb lim: 116 exec/s: 4132 rss: 133Mb L: 65/115 MS: 4 ChangeByte-InsertRepeatedBytes-ChangeByte-EraseBytes-
#12466	NEW    cov: 4427 ft: 10935 corp: 917/27Kb lim: 116 exec/s: 4155 rss: 133Mb L: 60/115 MS: 3 ShuffleBytes-ChangeASCIIInt-EraseBytes-
#12514	REDUCE cov: 4427 ft: 10935 corp: 917/27Kb lim: 116 exec/s: 4171 rss: 133Mb L: 18/115 MS: 3 InsertByte-PersAutoDict-EraseBytes- DE: "min"-
#12521	NEW    cov: 4427 ft: 10936 corp: 918/27Kb lim: 116 exec/s: 4173 rss: 133Mb L: 32/115 MS: 2 CopyPart-CopyPart-
#12522	REDUCE cov: 4427 ft: 10938 corp: 919/27Kb lim: 116 exec/s: 4174 rss: 134Mb L: 5/115 MS: 1 CrossOver-
#12598	REDUCE cov: 4427 ft: 10938 corp: 919/27Kb lim: 116 exec/s: 4199 rss: 134Mb L: 28/115 MS: 1 EraseBytes-
#12729	NEW    cov: 4427 ft: 10940 corp: 920/27Kb lim: 116 exec/s: 4243 rss: 134Mb L: 6/115 MS: 1 CopyPart-
#12745	NEW    cov: 4427 ft: 10942 corp: 921/27Kb lim: 116 exec/s: 4248 rss: 134Mb L: 69/115 MS: 1 InsertByte-
#12783	NEW    cov: 4435 ft: 10960 corp: 922/27Kb lim: 116 exec/s: 4261 rss: 135Mb L: 17/115 MS: 3 InsertByte-ChangeASCIIInt-CrossOver-
#12840	REDUCE cov: 4435 ft: 10960 corp: 922/27Kb lim: 116 exec/s: 4280 rss: 135Mb L: 46/115 MS: 2 ChangeBinInt-EraseBytes-
#12862	NEW    cov: 4435 ft: 10962 corp: 923/27Kb lim: 116 exec/s: 4287 rss: 135Mb L: 50/115 MS: 2 CrossOver-CopyPart-
#12928	REDUCE cov: 4435 ft: 10962 corp: 923/27Kb lim: 116 exec/s: 4309 rss: 135Mb L: 73/115 MS: 1 EraseBytes-
#12991	REDUCE cov: 4435 ft: 10962 corp: 923/27Kb lim: 116 exec/s: 4330 rss: 136Mb L: 55/115 MS: 3 ChangeBinInt-ChangeASCIIInt-EraseBytes-
#12997	REDUCE cov: 4435 ft: 10962 corp: 923/27Kb lim: 116 exec/s: 4332 rss: 136Mb L: 25/115 MS: 1 EraseBytes-
#13028	REDUCE cov: 4435 ft: 10962 corp: 923/27Kb lim: 116 exec/s: 4342 rss: 136Mb L: 51/115 MS: 1 EraseBytes-
#13085	REDUCE cov: 4435 ft: 10962 corp: 923/27Kb lim: 116 exec/s: 4361 rss: 136Mb L: 57/115 MS: 2 ShuffleBytes-EraseBytes-
#13165	REDUCE cov: 4435 ft: 10962 corp: 923/27Kb lim: 116 exec/s: 4388 rss: 136Mb L: 76/115 MS: 5 ChangeByte-ShuffleBytes-CopyPart-ChangeBit-CrossOver-
#13181	REDUCE cov: 4435 ft: 10962 corp: 923/27Kb lim: 116 exec/s: 4393 rss: 136Mb L: 22/115 MS: 1 EraseBytes-
#13223	REDUCE cov: 4435 ft: 10962 corp: 923/27Kb lim: 116 exec/s: 4407 rss: 136Mb L: 23/115 MS: 2 InsertByte-EraseBytes-
#13274	REDUCE cov: 4435 ft: 10962 corp: 923/27Kb lim: 116 exec/s: 4424 rss: 137Mb L: 96/115 MS: 1 EraseBytes-
#13330	REDUCE cov: 4435 ft: 10962 corp: 923/27Kb lim: 116 exec/s: 4443 rss: 137Mb L: 20/115 MS: 1 EraseBytes-
#13336	REDUCE cov: 4435 ft: 10962 corp: 923/27Kb lim: 116 exec/s: 4445 rss: 137Mb L: 9/115 MS: 1 EraseBytes-
#13406	NEW    cov: 4436 ft: 10963 corp: 924/27Kb lim: 116 exec/s: 4468 rss: 137Mb L: 78/115 MS: 5 EraseBytes-CopyPart-CMP-InsertRepeatedBytes-ChangeBinInt- DE: "frue"-
#13428	REDUCE cov: 4436 ft: 10963 corp: 924/27Kb lim: 116 exec/s: 4476 rss: 137Mb L: 6/115 MS: 2 InsertByte-EraseBytes-
#13430	REDUCE cov: 4436 ft: 10963 corp: 924/27Kb lim: 116 exec/s: 4476 rss: 138Mb L: 89/115 MS: 2 ChangeBit-EraseBytes-
#13479	REDUCE cov: 4436 ft: 10963 corp: 924/27Kb lim: 116 exec/s: 4493 rss: 138Mb L: 15/115 MS: 4 EraseBytes-ChangeASCIIInt-EraseBytes-EraseBytes-
#13500	NEW    cov: 4436 ft: 10964 corp: 925/27Kb lim: 116 exec/s: 4500 rss: 138Mb L: 13/115 MS: 1 ChangeBinInt-
#13651	NEW    cov: 4437 ft: 10965 corp: 926/27Kb lim: 116 exec/s: 4550 rss: 138Mb L: 47/115 MS: 1 CrossOver-
#13734	REDUCE cov: 4437 ft: 10965 corp: 926/27Kb lim: 116 exec/s: 4578 rss: 139Mb L: 27/115 MS: 3 ShuffleBytes-ChangeByte-EraseBytes-
#13841	REDUCE cov: 4437 ft: 10965 corp: 926/27Kb lim: 116 exec/s: 4613 rss: 139Mb L: 32/115 MS: 2 PersAutoDict-EraseBytes- DE: "\015\000\000\000\000\000\000\000"-
#13860	NEW    cov: 4437 ft: 10966 corp: 927/27Kb lim: 116 exec/s: 4620 rss: 139Mb L: 22/115 MS: 4 PersAutoDict-ChangeByte-ChangeByte-EraseBytes- DE: "min"-
#13917	NEW    cov: 4437 ft: 10967 corp: 928/27Kb lim: 116 exec/s: 4639 rss: 140Mb L: 99/115 MS: 2 PersAutoDict-InsertRepeatedBytes- DE: "min"-
#13919	REDUCE cov: 4437 ft: 10967 corp: 928/27Kb lim: 116 exec/s: 4639 rss: 140Mb L: 16/115 MS: 2 ChangeBit-EraseBytes-
#13931	REDUCE cov: 4437 ft: 10967 corp: 928/27Kb lim: 116 exec/s: 4643 rss: 140Mb L: 38/115 MS: 2 ShuffleBytes-EraseBytes-
#13941	REDUCE cov: 4437 ft: 10967 corp: 928/27Kb lim: 116 exec/s: 4647 rss: 140Mb L: 49/115 MS: 5 ChangeByte-InsertRepeatedBytes-CMP-CrossOver-EraseBytes- DE: "\377\377\377\377\377\377\377\003"-
#13978	REDUCE cov: 4437 ft: 10967 corp: 928/27Kb lim: 116 exec/s: 4659 rss: 140Mb L: 12/115 MS: 2 ChangeBit-EraseBytes-
#13989	REDUCE cov: 4437 ft: 10967 corp: 928/27Kb lim: 116 exec/s: 4663 rss: 140Mb L: 53/115 MS: 1 EraseBytes-
#14061	REDUCE cov: 4437 ft: 10967 corp: 928/27Kb lim: 116 exec/s: 4687 rss: 140Mb L: 67/115 MS: 2 ChangeBinInt-EraseBytes-
#14098	REDUCE cov: 4437 ft: 10967 corp: 928/27Kb lim: 116 exec/s: 4699 rss: 141Mb L: 11/115 MS: 2 ShuffleBytes-EraseBytes-
#14099	NEW    cov: 4437 ft: 10968 corp: 929/27Kb lim: 116 exec/s: 4699 rss: 141Mb L: 26/115 MS: 1 CrossOver-
#14151	REDUCE cov: 4437 ft: 10968 corp: 929/27Kb lim: 116 exec/s: 4717 rss: 141Mb L: 18/115 MS: 2 ChangeBinInt-EraseBytes-
#14227	REDUCE cov: 4437 ft: 10968 corp: 929/27Kb lim: 116 exec/s: 4742 rss: 141Mb L: 57/115 MS: 1 EraseBytes-
#14329	REDUCE cov: 4437 ft: 10968 corp: 929/27Kb lim: 116 exec/s: 4776 rss: 141Mb L: 34/115 MS: 2 ShuffleBytes-CrossOver-
#14345	REDUCE cov: 4437 ft: 10968 corp: 929/27Kb lim: 116 exec/s: 4781 rss: 142Mb L: 24/115 MS: 1 EraseBytes-
#14363	NEW    cov: 4437 ft: 10969 corp: 930/27Kb lim: 116 exec/s: 4787 rss: 142Mb L: 27/115 MS: 3 InsertRepeatedBytes-EraseBytes-PersAutoDict- DE: "\012\000\000\000\000\000\000\000"-
#14459	REDUCE cov: 4437 ft: 10969 corp: 930/27Kb lim: 116 exec/s: 4819 rss: 142Mb L: 5/115 MS: 1 EraseBytes-
#14535	REDUCE cov: 4437 ft: 10969 corp: 930/27Kb lim: 116 exec/s: 4845 rss: 142Mb L: 14/115 MS: 1 EraseBytes-
#14567	NEW    cov: 4437 ft: 10981 corp: 931/27Kb lim: 116 exec/s: 4855 rss: 142Mb L: 17/115 MS: 2 ChangeBit-PersAutoDict- DE: "\367\377\377\377"-
#14589	REDUCE cov: 4437 ft: 10981 corp: 931/27Kb lim: 116 exec/s: 4863 rss: 143Mb L: 63/115 MS: 2 ChangeBit-EraseBytes-
#14710	NEW    cov: 4437 ft: 10997 corp: 932/27Kb lim: 116 exec/s: 4903 rss: 143Mb L: 66/115 MS: 1 CMP- DE: "\000\000\000\000\000\000\000\000"-
#14737	REDUCE cov: 4437 ft: 10997 corp: 932/27Kb lim: 116 exec/s: 4912 rss: 143Mb L: 32/115 MS: 2 InsertByte-EraseBytes-
#14836	REDUCE cov: 4437 ft: 10997 corp: 932/27Kb lim: 116 exec/s: 4945 rss: 143Mb L: 4/115 MS: 4 ChangeByte-ChangeASCIIInt-CrossOver-EraseBytes-
#14847	REDUCE cov: 4437 ft: 10997 corp: 932/27Kb lim: 116 exec/s: 4949 rss: 144Mb L: 8/115 MS: 1 EraseBytes-
#14879	REDUCE cov: 4437 ft: 10997 corp: 932/27Kb lim: 116 exec/s: 4959 rss: 144Mb L: 35/115 MS: 2 ChangeBit-EraseBytes-
#14905	REDUCE cov: 4437 ft: 10997 corp: 932/27Kb lim: 116 exec/s: 4968 rss: 144Mb L: 26/115 MS: 1 EraseBytes-
#15044	REDUCE cov: 4437 ft: 10997 corp: 932/27Kb lim: 116 exec/s: 5014 rss: 144Mb L: 35/115 MS: 4 PersAutoDict-ChangeASCIIInt-ChangeBinInt-CrossOver- DE: "frue"-
#15098	REDUCE cov: 4437 ft: 10997 corp: 932/27Kb lim: 116 exec/s: 5032 rss: 145Mb L: 40/115 MS: 4 ChangeByte-InsertByte-ShuffleBytes-EraseBytes-
#15274	REDUCE cov: 4437 ft: 10997 corp: 932/27Kb lim: 116 exec/s: 5091 rss: 145Mb L: 42/115 MS: 1 EraseBytes-
#15341	NEW    cov: 4437 ft: 10999 corp: 933/27Kb lim: 116 exec/s: 5113 rss: 145Mb L: 5/115 MS: 2 ChangeByte-EraseBytes-
#15362	REDUCE cov: 4437 ft: 10999 corp: 933/27Kb lim: 116 exec/s: 5120 rss: 145Mb L: 23/115 MS: 1 EraseBytes-
#15403	REDUCE cov: 4437 ft: 10999 corp: 933/27Kb lim: 116 exec/s: 5134 rss: 146Mb L: 72/115 MS: 1 EraseBytes-
#15534	REDUCE cov: 4437 ft: 10999 corp: 933/27Kb lim: 116 exec/s: 5178 rss: 146Mb L: 31/115 MS: 1 EraseBytes-
#15594	REDUCE cov: 4437 ft: 10999 corp: 933/27Kb lim: 116 exec/s: 5198 rss: 146Mb L: 57/115 MS: 5 PersAutoDict-ChangeBinInt-PersAutoDict-CrossOver-ChangeByte- DE: "\201\000\000\000\000\000\000\001"-"false\""-
#15637	NEW    cov: 4437 ft: 11000 corp: 934/27Kb lim: 116 exec/s: 5212 rss: 147Mb L: 103/115 MS: 3 InsertRepeatedBytes-ChangeByte-InsertByte-
#15810	REDUCE cov: 4437 ft: 11000 corp: 934/27Kb lim: 116 exec/s: 5270 rss: 147Mb L: 7/115 MS: 3 CopyPart-PersAutoDict-EraseBytes- DE: "\011\000"-
#15872	REDUCE cov: 4437 ft: 11000 corp: 934/27Kb lim: 116 exec/s: 5290 rss: 147Mb L: 26/115 MS: 2 ShuffleBytes-EraseBytes-
#15941	NEW    cov: 4437 ft: 11016 corp: 935/27Kb lim: 116 exec/s: 5313 rss: 148Mb L: 16/115 MS: 4 EraseBytes-EraseBytes-ChangeByte-CrossOver-
#16082	REDUCE cov: 4437 ft: 11016 corp: 935/27Kb lim: 116 exec/s: 5360 rss: 148Mb L: 13/115 MS: 1 EraseBytes-
#16084	REDUCE cov: 4437 ft: 11016 corp: 935/27Kb lim: 116 exec/s: 5361 rss: 148Mb L: 51/115 MS: 2 CopyPart-EraseBytes-
#16158	REDUCE cov: 4437 ft: 11016 corp: 935/27Kb lim: 116 exec/s: 5386 rss: 148Mb L: 55/115 MS: 4 ChangeByte-InsertRepeatedBytes-ChangeBit-EraseBytes-
	NEW_FUNC[1/2]: 0x55d0fc776d80 in <serde_json::de::Deserializer<serde_json::read::SliceRead>>::parse_decimal_overflow /home/meme/.cargo/registry/src/index.crates.io-1949cf8c6b5b557f/serde_json-1.0.151/src/de.rs:816
	NEW_FUNC[2/2]: 0x55d0fc7cc510 in <serde_json::de::Deserializer<serde_json::read::StrRead>>::parse_decimal_overflow /home/meme/.cargo/registry/src/index.crates.io-1949cf8c6b5b557f/serde_json-1.0.151/src/de.rs:816
#16164	REDUCE cov: 4465 ft: 11044 corp: 936/27Kb lim: 116 exec/s: 5388 rss: 148Mb L: 61/115 MS: 1 CopyPart-
#16176	NEW    cov: 4465 ft: 11070 corp: 937/27Kb lim: 116 exec/s: 5392 rss: 149Mb L: 69/115 MS: 2 ChangeBit-CopyPart-
#16232	NEW    cov: 4465 ft: 11086 corp: 938/27Kb lim: 116 exec/s: 5410 rss: 149Mb L: 61/115 MS: 1 CrossOver-
#16328	NEW    cov: 4465 ft: 11089 corp: 939/27Kb lim: 116 exec/s: 5442 rss: 149Mb L: 19/115 MS: 1 ShuffleBytes-
#16371	REDUCE cov: 4465 ft: 11089 corp: 939/27Kb lim: 116 exec/s: 5457 rss: 149Mb L: 45/115 MS: 3 ChangeBinInt-CopyPart-CrossOver-
#16384	pulse  cov: 4465 ft: 11089 corp: 939/27Kb lim: 116 exec/s: 5461 rss: 149Mb
#16434	NEW    cov: 4465 ft: 11090 corp: 940/27Kb lim: 116 exec/s: 5478 rss: 150Mb L: 60/115 MS: 3 EraseBytes-ShuffleBytes-ChangeBit-
#16505	REDUCE cov: 4465 ft: 11090 corp: 940/27Kb lim: 116 exec/s: 5501 rss: 150Mb L: 52/115 MS: 1 EraseBytes-
#16650	REDUCE cov: 4465 ft: 11090 corp: 940/27Kb lim: 116 exec/s: 5550 rss: 150Mb L: 49/115 MS: 5 ShuffleBytes-EraseBytes-EraseBytes-EraseBytes-PersAutoDict- DE: "\377\377\377\377\377\377\377\001"-
#16672	REDUCE cov: 4465 ft: 11090 corp: 940/27Kb lim: 116 exec/s: 5557 rss: 150Mb L: 99/115 MS: 2 ShuffleBytes-EraseBytes-
#16684	NEW    cov: 4465 ft: 11091 corp: 941/27Kb lim: 116 exec/s: 5561 rss: 151Mb L: 20/115 MS: 2 ChangeBinInt-CMP- DE: "U]i\000t"-
#16695	REDUCE cov: 4465 ft: 11091 corp: 941/27Kb lim: 116 exec/s: 5565 rss: 151Mb L: 32/115 MS: 1 EraseBytes-
#16913	REDUCE cov: 4465 ft: 11091 corp: 941/27Kb lim: 116 exec/s: 5637 rss: 151Mb L: 2/115 MS: 3 ShuffleBytes-ChangeByte-EraseBytes-
#17109	NEW    cov: 4465 ft: 11092 corp: 942/27Kb lim: 116 exec/s: 5703 rss: 152Mb L: 25/115 MS: 1 CopyPart-
#17161	NEW    cov: 4465 ft: 11108 corp: 943/27Kb lim: 116 exec/s: 5720 rss: 152Mb L: 66/115 MS: 2 ChangeASCIIInt-ChangeByte-
#17457	NEW    cov: 4465 ft: 11110 corp: 944/27Kb lim: 116 exec/s: 5819 rss: 153Mb L: 19/115 MS: 1 CMP- DE: "true\""-
#17614	REDUCE cov: 4465 ft: 11110 corp: 944/27Kb lim: 116 exec/s: 5871 rss: 154Mb L: 16/115 MS: 2 ShuffleBytes-EraseBytes-
#17645	REDUCE cov: 4465 ft: 11110 corp: 944/27Kb lim: 116 exec/s: 5881 rss: 154Mb L: 16/115 MS: 1 EraseBytes-
#17836	REDUCE cov: 4465 ft: 11110 corp: 944/27Kb lim: 116 exec/s: 5945 rss: 154Mb L: 43/115 MS: 1 EraseBytes-
#17838	REDUCE cov: 4465 ft: 11110 corp: 944/27Kb lim: 116 exec/s: 5946 rss: 154Mb L: 75/115 MS: 2 PersAutoDict-EraseBytes- DE: "\015\000\000\000\000\000\000\000"-
#17844	REDUCE cov: 4465 ft: 11110 corp: 944/27Kb lim: 116 exec/s: 5948 rss: 155Mb L: 59/115 MS: 1 EraseBytes-
#17850	NEW    cov: 4465 ft: 11111 corp: 945/27Kb lim: 116 exec/s: 5950 rss: 155Mb L: 46/115 MS: 1 InsertByte-
#17917	REDUCE cov: 4465 ft: 11111 corp: 945/27Kb lim: 116 exec/s: 5972 rss: 155Mb L: 18/115 MS: 2 ChangeASCIIInt-EraseBytes-
#17920	NEW    cov: 4465 ft: 11112 corp: 946/27Kb lim: 116 exec/s: 5973 rss: 155Mb L: 37/115 MS: 3 ChangeByte-InsertByte-CrossOver-
#18366	NEW    cov: 4465 ft: 11113 corp: 947/27Kb lim: 116 exec/s: 6122 rss: 156Mb L: 15/115 MS: 1 InsertByte-
#18373	REDUCE cov: 4465 ft: 11113 corp: 947/27Kb lim: 116 exec/s: 6124 rss: 157Mb L: 65/115 MS: 2 ShuffleBytes-EraseBytes-
#18410	REDUCE cov: 4465 ft: 11113 corp: 947/27Kb lim: 116 exec/s: 6136 rss: 157Mb L: 34/115 MS: 2 ChangeBinInt-EraseBytes-
#18671	REDUCE cov: 4465 ft: 11113 corp: 947/27Kb lim: 116 exec/s: 6223 rss: 158Mb L: 5/115 MS: 1 EraseBytes-
#18908	REDUCE cov: 4465 ft: 11113 corp: 947/27Kb lim: 116 exec/s: 6302 rss: 158Mb L: 43/115 MS: 2 ChangeASCIIInt-CrossOver-
#19124	NEW    cov: 4465 ft: 11116 corp: 948/27Kb lim: 116 exec/s: 6374 rss: 159Mb L: 20/115 MS: 1 EraseBytes-
#19195	NEW    cov: 4466 ft: 11118 corp: 949/27Kb lim: 116 exec/s: 6398 rss: 159Mb L: 17/115 MS: 1 ChangeByte-
#19241	REDUCE cov: 4466 ft: 11118 corp: 949/27Kb lim: 116 exec/s: 6413 rss: 159Mb L: 19/115 MS: 1 EraseBytes-
#19249	REDUCE cov: 4466 ft: 11118 corp: 949/27Kb lim: 116 exec/s: 6416 rss: 159Mb L: 28/115 MS: 3 ChangeASCIIInt-PersAutoDict-EraseBytes- DE: "\013\000\000\000\000\000\000\200"-
#19335	REDUCE cov: 4466 ft: 11118 corp: 949/27Kb lim: 116 exec/s: 6445 rss: 160Mb L: 60/115 MS: 1 EraseBytes-
#19375	REDUCE cov: 4466 ft: 11118 corp: 949/27Kb lim: 116 exec/s: 6458 rss: 160Mb L: 20/115 MS: 5 ChangeASCIIInt-ChangeBinInt-ChangeASCIIInt-CopyPart-EraseBytes-
#19401	NEW    cov: 4466 ft: 11134 corp: 950/27Kb lim: 116 exec/s: 6467 rss: 160Mb L: 41/115 MS: 1 EraseBytes-
#19769	REDUCE cov: 4466 ft: 11134 corp: 950/27Kb lim: 116 exec/s: 6589 rss: 161Mb L: 26/115 MS: 3 PersAutoDict-CopyPart-EraseBytes- DE: "trul\000"-
#19816	REDUCE cov: 4466 ft: 11134 corp: 950/27Kb lim: 116 exec/s: 6605 rss: 162Mb L: 12/115 MS: 2 ChangeBinInt-EraseBytes-
#19867	NEW    cov: 4466 ft: 11135 corp: 951/27Kb lim: 116 exec/s: 6622 rss: 162Mb L: 13/115 MS: 1 CopyPart-
#19906	REDUCE cov: 4466 ft: 11135 corp: 951/27Kb lim: 116 exec/s: 6635 rss: 162Mb L: 9/115 MS: 4 ChangeBit-CrossOver-CMP-EraseBytes- DE: "\000\000\000\000\000\000\000\000"-
#19983	NEW    cov: 4467 ft: 11139 corp: 952/27Kb lim: 116 exec/s: 6661 rss: 162Mb L: 17/115 MS: 2 ChangeBinInt-EraseBytes-
#20054	NEW    cov: 4467 ft: 11171 corp: 953/27Kb lim: 116 exec/s: 6684 rss: 163Mb L: 61/115 MS: 1 EraseBytes-
#20070	NEW    cov: 4467 ft: 11187 corp: 954/27Kb lim: 116 exec/s: 6690 rss: 163Mb L: 61/115 MS: 1 CrossOver-
#20191	REDUCE cov: 4467 ft: 11187 corp: 954/27Kb lim: 116 exec/s: 6730 rss: 163Mb L: 4/115 MS: 1 EraseBytes-
#20225	NEW    cov: 4467 ft: 11208 corp: 955/27Kb lim: 116 exec/s: 6741 rss: 163Mb L: 26/115 MS: 4 PersAutoDict-ChangeBit-CrossOver-EraseBytes- DE: "U]i\000t"-
#20427	REDUCE cov: 4467 ft: 11208 corp: 955/27Kb lim: 116 exec/s: 6809 rss: 164Mb L: 57/115 MS: 2 CMP-EraseBytes- DE: ";\004\000\000"-
#20568	NEW    cov: 4467 ft: 11212 corp: 956/27Kb lim: 116 exec/s: 6856 rss: 164Mb L: 26/115 MS: 1 PersAutoDict- DE: "\011\000"-
#20696	REDUCE cov: 4467 ft: 11212 corp: 956/27Kb lim: 116 exec/s: 6898 rss: 165Mb L: 37/115 MS: 3 InsertByte-ChangeByte-EraseBytes-
#20808	NEW    cov: 4467 ft: 11215 corp: 957/27Kb lim: 116 exec/s: 6936 rss: 165Mb L: 12/115 MS: 2 ChangeASCIIInt-EraseBytes-
#20819	REDUCE cov: 4467 ft: 11215 corp: 957/27Kb lim: 116 exec/s: 6939 rss: 165Mb L: 18/115 MS: 1 EraseBytes-
#20951	REDUCE cov: 4467 ft: 11215 corp: 957/27Kb lim: 116 exec/s: 6983 rss: 169Mb L: 23/115 MS: 5 PersAutoDict-ShuffleBytes-ShuffleBytes-ChangeASCIIInt-EraseBytes- DE: "trul\000"-
#20980	NEW    cov: 4467 ft: 11218 corp: 958/27Kb lim: 116 exec/s: 6993 rss: 169Mb L: 12/115 MS: 4 EraseBytes-ChangeBit-ChangeASCIIInt-CrossOver-
#21003	NEW    cov: 4467 ft: 11220 corp: 959/27Kb lim: 116 exec/s: 7001 rss: 169Mb L: 55/115 MS: 3 ShuffleBytes-ShuffleBytes-CopyPart-
	NEW_FUNC[1/2]: 0x55d0fc7b9360 in <[u64] as serde_json::lexical::math::Hi64<u64>>::hi64 /home/meme/.cargo/registry/src/index.crates.io-1949cf8c6b5b557f/serde_json-1.0.151/src/lexical/math.rs:142
	NEW_FUNC[2/2]: 0x55d0fc7db740 in <[u64] as serde_json::lexical::math::Hi64<u64>>::hi64 /home/meme/.cargo/registry/src/index.crates.io-1949cf8c6b5b557f/serde_json-1.0.151/src/lexical/math.rs:142
#21056	NEW    cov: 4492 ft: 11247 corp: 960/27Kb lim: 116 exec/s: 7018 rss: 170Mb L: 32/115 MS: 3 ChangeASCIIInt-EraseBytes-ChangeByte-
#21087	REDUCE cov: 4492 ft: 11247 corp: 960/27Kb lim: 116 exec/s: 7029 rss: 170Mb L: 63/115 MS: 1 EraseBytes-
#21103	REDUCE cov: 4492 ft: 11247 corp: 960/27Kb lim: 116 exec/s: 7034 rss: 170Mb L: 5/115 MS: 1 EraseBytes-
#21310	REDUCE cov: 4492 ft: 11247 corp: 960/27Kb lim: 116 exec/s: 7103 rss: 171Mb L: 49/115 MS: 2 ChangeBinInt-EraseBytes-
#21311	REDUCE cov: 4492 ft: 11247 corp: 960/27Kb lim: 116 exec/s: 7103 rss: 171Mb L: 38/115 MS: 1 EraseBytes-
#21382	NEW    cov: 4492 ft: 11250 corp: 961/27Kb lim: 116 exec/s: 7127 rss: 171Mb L: 31/115 MS: 1 InsertByte-
#21478	REDUCE cov: 4492 ft: 11250 corp: 961/27Kb lim: 116 exec/s: 7159 rss: 171Mb L: 14/115 MS: 1 EraseBytes-
#21533	NEW    cov: 4492 ft: 11251 corp: 962/28Kb lim: 116 exec/s: 7177 rss: 171Mb L: 48/115 MS: 5 ChangeByte-EraseBytes-ChangeBit-CopyPart-CopyPart-
#21549	NEW    cov: 4500 ft: 11259 corp: 963/28Kb lim: 116 exec/s: 7183 rss: 172Mb L: 68/115 MS: 1 InsertRepeatedBytes-
#21564	REDUCE cov: 4500 ft: 11259 corp: 963/28Kb lim: 116 exec/s: 7188 rss: 172Mb L: 68/115 MS: 5 InsertByte-ChangeBinInt-InsertRepeatedBytes-ChangeBit-EraseBytes-
#21647	REDUCE cov: 4500 ft: 11260 corp: 964/28Kb lim: 116 exec/s: 7215 rss: 172Mb L: 20/115 MS: 3 ChangeBit-CrossOver-ChangeBinInt-
#21784	REDUCE cov: 4500 ft: 11260 corp: 964/28Kb lim: 116 exec/s: 7261 rss: 173Mb L: 90/115 MS: 2 ChangeBit-EraseBytes-
#22004	REDUCE cov: 4500 ft: 11260 corp: 964/28Kb lim: 116 exec/s: 7334 rss: 173Mb L: 75/115 MS: 5 ChangeByte-ChangeBinInt-InsertByte-PersAutoDict-EraseBytes- DE: "min"-
#22080	REDUCE cov: 4500 ft: 11260 corp: 964/28Kb lim: 116 exec/s: 7360 rss: 173Mb L: 12/115 MS: 1 EraseBytes-
#22121	REDUCE cov: 4500 ft: 11260 corp: 964/28Kb lim: 116 exec/s: 7373 rss: 174Mb L: 35/115 MS: 1 EraseBytes-
#22192	NEW    cov: 4500 ft: 11266 corp: 965/28Kb lim: 116 exec/s: 7397 rss: 174Mb L: 61/115 MS: 1 PersAutoDict- DE: "trul\000"-
#22301	NEW    cov: 4501 ft: 11267 corp: 966/28Kb lim: 116 exec/s: 7433 rss: 174Mb L: 39/115 MS: 4 ChangeByte-CMP-PersAutoDict-EraseBytes- DE: "1\000\000\000\000\000\000\000"-"min"-
#22398	NEW    cov: 4501 ft: 11268 corp: 967/28Kb lim: 116 exec/s: 7466 rss: 175Mb L: 38/115 MS: 2 ShuffleBytes-CrossOver-
#22571	REDUCE cov: 4501 ft: 11273 corp: 968/28Kb lim: 116 exec/s: 5642 rss: 175Mb L: 91/115 MS: 3 EraseBytes-InsertRepeatedBytes-ChangeASCIIInt-
#22619	REDUCE cov: 4501 ft: 11273 corp: 968/28Kb lim: 116 exec/s: 5654 rss: 175Mb L: 26/115 MS: 3 ShuffleBytes-CMP-EraseBytes- DE: "\001\000\000\020"-
#22646	REDUCE cov: 4501 ft: 11275 corp: 969/28Kb lim: 116 exec/s: 5661 rss: 175Mb L: 80/115 MS: 2 ChangeBit-CopyPart-
#22752	REDUCE cov: 4501 ft: 11279 corp: 970/28Kb lim: 116 exec/s: 5688 rss: 176Mb L: 47/115 MS: 1 CrossOver-
#22808	NEW    cov: 4502 ft: 11280 corp: 971/28Kb lim: 116 exec/s: 5702 rss: 176Mb L: 52/115 MS: 1 CMP- DE: ".true"-
#22820	NEW    cov: 4502 ft: 11281 corp: 972/28Kb lim: 116 exec/s: 5705 rss: 176Mb L: 17/115 MS: 2 ChangeASCIIInt-InsertByte-
#22855	REDUCE cov: 4502 ft: 11281 corp: 972/28Kb lim: 116 exec/s: 5713 rss: 177Mb L: 41/115 MS: 5 ChangeBit-ShuffleBytes-ChangeBinInt-ChangeBinInt-EraseBytes-
#22961	REDUCE cov: 4502 ft: 11281 corp: 972/28Kb lim: 116 exec/s: 5740 rss: 177Mb L: 80/115 MS: 1 EraseBytes-
#23152	REDUCE cov: 4502 ft: 11281 corp: 972/28Kb lim: 116 exec/s: 5788 rss: 178Mb L: 25/115 MS: 1 EraseBytes-
#23214	NEW    cov: 4503 ft: 11282 corp: 973/28Kb lim: 116 exec/s: 5803 rss: 178Mb L: 81/115 MS: 2 ChangeByte-InsertRepeatedBytes-
#23246	REDUCE cov: 4503 ft: 11282 corp: 973/28Kb lim: 116 exec/s: 5811 rss: 178Mb L: 24/115 MS: 2 ChangeASCIIInt-EraseBytes-
#23252	REDUCE cov: 4503 ft: 11282 corp: 973/28Kb lim: 116 exec/s: 5813 rss: 178Mb L: 46/115 MS: 1 EraseBytes-
#23368	REDUCE cov: 4503 ft: 11282 corp: 973/28Kb lim: 116 exec/s: 5842 rss: 178Mb L: 20/115 MS: 1 EraseBytes-
#23555	NEW    cov: 4503 ft: 11289 corp: 974/28Kb lim: 116 exec/s: 5888 rss: 179Mb L: 19/115 MS: 2 PersAutoDict-ChangeByte- DE: "fae"-
#23576	NEW    cov: 4503 ft: 11292 corp: 975/28Kb lim: 116 exec/s: 5894 rss: 179Mb L: 14/115 MS: 1 InsertByte-
#23713	REDUCE cov: 4503 ft: 11292 corp: 975/28Kb lim: 116 exec/s: 5928 rss: 180Mb L: 54/115 MS: 2 ChangeBit-CrossOver-
#23830	NEW    cov: 4503 ft: 11296 corp: 976/28Kb lim: 116 exec/s: 5957 rss: 180Mb L: 32/115 MS: 2 ChangeBit-EraseBytes-
#23957	REDUCE cov: 4503 ft: 11299 corp: 977/28Kb lim: 116 exec/s: 5989 rss: 180Mb L: 82/115 MS: 2 ChangeBinInt-InsertRepeatedBytes-
#23999	REDUCE cov: 4503 ft: 11299 corp: 977/28Kb lim: 116 exec/s: 5999 rss: 181Mb L: 19/115 MS: 2 CMP-EraseBytes- DE: "tr;e"-
#24016	NEW    cov: 4503 ft: 11307 corp: 978/28Kb lim: 116 exec/s: 6004 rss: 181Mb L: 27/115 MS: 2 EraseBytes-EraseBytes-
#24047	NEW    cov: 4503 ft: 11308 corp: 979/28Kb lim: 116 exec/s: 6011 rss: 181Mb L: 17/115 MS: 1 InsertByte-
#24074	REDUCE cov: 4503 ft: 11308 corp: 979/28Kb lim: 116 exec/s: 6018 rss: 181Mb L: 18/115 MS: 2 CopyPart-EraseBytes-
#24080	NEW    cov: 4503 ft: 11319 corp: 980/28Kb lim: 116 exec/s: 6020 rss: 181Mb L: 79/115 MS: 1 CrossOver-
#24421	REDUCE cov: 4505 ft: 11321 corp: 981/28Kb lim: 116 exec/s: 6105 rss: 182Mb L: 15/115 MS: 1 EraseBytes-
#24423	REDUCE cov: 4505 ft: 11321 corp: 981/28Kb lim: 116 exec/s: 6105 rss: 182Mb L: 14/115 MS: 2 PersAutoDict-EraseBytes- DE: "\013\000\000\000\000\000\000\200"-
#24480	REDUCE cov: 4505 ft: 11321 corp: 981/28Kb lim: 116 exec/s: 6120 rss: 182Mb L: 5/115 MS: 2 ChangeBinInt-EraseBytes-
#24646	REDUCE cov: 4505 ft: 11321 corp: 981/28Kb lim: 116 exec/s: 6161 rss: 183Mb L: 24/115 MS: 1 EraseBytes-
#24727	NEW    cov: 4505 ft: 11323 corp: 982/28Kb lim: 116 exec/s: 6181 rss: 184Mb L: 36/115 MS: 1 EraseBytes-
#24903	NEW    cov: 4505 ft: 11324 corp: 983/28Kb lim: 116 exec/s: 6225 rss: 184Mb L: 79/115 MS: 1 ChangeByte-
#25096	REDUCE cov: 4505 ft: 11324 corp: 983/28Kb lim: 116 exec/s: 6274 rss: 185Mb L: 19/115 MS: 3 EraseBytes-ChangeASCIIInt-ChangeByte-
#25148	NEW    cov: 4505 ft: 11325 corp: 984/28Kb lim: 116 exec/s: 6287 rss: 185Mb L: 103/115 MS: 2 ChangeBit-CopyPart-
#25150	NEW    cov: 4509 ft: 11329 corp: 985/28Kb lim: 116 exec/s: 6287 rss: 185Mb L: 6/115 MS: 2 EraseBytes-EraseBytes-
#25186	REDUCE cov: 4509 ft: 11329 corp: 985/28Kb lim: 116 exec/s: 6296 rss: 185Mb L: 32/115 MS: 1 CrossOver-
#25273	NEW    cov: 4511 ft: 11331 corp: 986/29Kb lim: 116 exec/s: 6318 rss: 186Mb L: 103/115 MS: 2 ShuffleBytes-ShuffleBytes-
#25364	NEW    cov: 4511 ft: 11332 corp: 987/29Kb lim: 116 exec/s: 6341 rss: 186Mb L: 27/115 MS: 1 ChangeBit-
#25425	REDUCE cov: 4511 ft: 11332 corp: 987/29Kb lim: 116 exec/s: 6356 rss: 186Mb L: 38/115 MS: 1 EraseBytes-
#25491	NEW    cov: 4511 ft: 11334 corp: 988/29Kb lim: 116 exec/s: 6372 rss: 186Mb L: 25/115 MS: 1 PersAutoDict- DE: "\000\000\000\000\000\000\000\000"-
#25585	REDUCE cov: 4511 ft: 11334 corp: 988/29Kb lim: 116 exec/s: 6396 rss: 187Mb L: 61/115 MS: 4 ChangeBit-ChangeBit-CrossOver-EraseBytes-
#25602	REDUCE cov: 4511 ft: 11334 corp: 988/29Kb lim: 116 exec/s: 6400 rss: 187Mb L: 11/115 MS: 2 ChangeBinInt-EraseBytes-
#25604	REDUCE cov: 4511 ft: 11334 corp: 988/29Kb lim: 116 exec/s: 6401 rss: 187Mb L: 85/115 MS: 2 ChangeByte-EraseBytes-
#25622	REDUCE cov: 4511 ft: 11334 corp: 988/29Kb lim: 116 exec/s: 6405 rss: 187Mb L: 42/115 MS: 3 ChangeBit-ShuffleBytes-EraseBytes-
#25749	NEW    cov: 4511 ft: 11350 corp: 989/29Kb lim: 116 exec/s: 6437 rss: 188Mb L: 101/115 MS: 2 ChangeASCIIInt-CopyPart-
#25750	REDUCE cov: 4511 ft: 11350 corp: 989/29Kb lim: 116 exec/s: 6437 rss: 188Mb L: 53/115 MS: 1 EraseBytes-
#25856	NEW    cov: 4511 ft: 11351 corp: 990/29Kb lim: 116 exec/s: 6464 rss: 188Mb L: 52/115 MS: 1 ChangeBinInt-
#25945	REDUCE cov: 4511 ft: 11351 corp: 990/29Kb lim: 116 exec/s: 6486 rss: 188Mb L: 71/115 MS: 4 ChangeBit-EraseBytes-ShuffleBytes-InsertRepeatedBytes-
#26028	REDUCE cov: 4511 ft: 11351 corp: 990/29Kb lim: 116 exec/s: 6507 rss: 189Mb L: 19/115 MS: 3 CopyPart-EraseBytes-EraseBytes-
#26078	NEW    cov: 4511 ft: 11367 corp: 991/29Kb lim: 116 exec/s: 6519 rss: 189Mb L: 72/115 MS: 5 PersAutoDict-CrossOver-CMP-CMP-EraseBytes- DE: "frue"-"\000\000\003\373\206\240\272\000"-"\001\000"-
#26080	REDUCE cov: 4511 ft: 11367 corp: 991/29Kb lim: 116 exec/s: 6520 rss: 189Mb L: 63/115 MS: 2 ShuffleBytes-EraseBytes-
#26129	REDUCE cov: 4511 ft: 11367 corp: 991/29Kb lim: 116 exec/s: 6532 rss: 189Mb L: 27/115 MS: 4 ChangeBit-ChangeASCIIInt-CMP-EraseBytes- DE: "U])))"-
#26215	REDUCE cov: 4511 ft: 11367 corp: 991/29Kb lim: 116 exec/s: 6553 rss: 189Mb L: 94/115 MS: 1 CrossOver-
#26226	NEW    cov: 4513 ft: 11369 corp: 992/29Kb lim: 116 exec/s: 6556 rss: 189Mb L: 3/115 MS: 1 EraseBytes-
#26235	REDUCE cov: 4513 ft: 11369 corp: 992/29Kb lim: 116 exec/s: 6558 rss: 190Mb L: 32/115 MS: 4 CMP-CMP-InsertByte-EraseBytes- DE: "\257\000"-"\377\377\377\377"-
#26391	REDUCE cov: 4513 ft: 11369 corp: 992/29Kb lim: 116 exec/s: 6597 rss: 190Mb L: 14/115 MS: 1 EraseBytes-
#26422	NEW    cov: 4513 ft: 11387 corp: 993/29Kb lim: 116 exec/s: 6605 rss: 190Mb L: 33/115 MS: 1 InsertRepeatedBytes-
#26579	REDUCE cov: 4513 ft: 11387 corp: 993/29Kb lim: 116 exec/s: 6644 rss: 191Mb L: 55/115 MS: 2 CrossOver-EraseBytes-
#26608	NEW    cov: 4513 ft: 11406 corp: 994/29Kb lim: 116 exec/s: 6652 rss: 191Mb L: 116/116 MS: 4 CMP-CopyPart-ChangeBit-CopyPart- DE: "\002\000\000\000\000\000\000\000"-
#26611	REDUCE cov: 4513 ft: 11406 corp: 994/29Kb lim: 116 exec/s: 6652 rss: 191Mb L: 86/116 MS: 3 PersAutoDict-ChangeBit-EraseBytes- DE: "\002\000\000\000\000\000\000\000"-
#26689	REDUCE cov: 4513 ft: 11406 corp: 994/29Kb lim: 116 exec/s: 6672 rss: 191Mb L: 26/116 MS: 3 CMP-CMP-EraseBytes- DE: "#\000\000\000\000\000\000\000"-"Q\220@\225"-
#26730	REDUCE cov: 4513 ft: 11406 corp: 994/29Kb lim: 116 exec/s: 6682 rss: 192Mb L: 23/116 MS: 1 EraseBytes-
#26983	REDUCE cov: 4513 ft: 11406 corp: 994/29Kb lim: 116 exec/s: 6745 rss: 192Mb L: 23/116 MS: 3 InsertByte-CMP-EraseBytes- DE: ",\000\000\000\000\000\000\000"-
#27040	REDUCE cov: 4513 ft: 11406 corp: 994/29Kb lim: 116 exec/s: 6760 rss: 193Mb L: 27/116 MS: 2 ChangeBit-EraseBytes-
#27057	NEW    cov: 4513 ft: 11410 corp: 995/29Kb lim: 116 exec/s: 6764 rss: 193Mb L: 13/116 MS: 2 ShuffleBytes-ChangeBit-
#27119	NEW    cov: 4513 ft: 11411 corp: 996/29Kb lim: 116 exec/s: 6779 rss: 193Mb L: 47/116 MS: 2 ChangeBit-EraseBytes-
#27151	REDUCE cov: 4513 ft: 11412 corp: 997/29Kb lim: 116 exec/s: 6787 rss: 193Mb L: 16/116 MS: 2 ChangeBit-EraseBytes-
#27258	NEW    cov: 4513 ft: 11418 corp: 998/29Kb lim: 116 exec/s: 6814 rss: 194Mb L: 29/116 MS: 2 CrossOver-EraseBytes-
#27269	NEW    cov: 4513 ft: 11450 corp: 999/29Kb lim: 116 exec/s: 6817 rss: 194Mb L: 37/116 MS: 1 CMP- DE: "true\""-
#27305	NEW    cov: 4513 ft: 11455 corp: 1000/29Kb lim: 116 exec/s: 6826 rss: 194Mb L: 90/116 MS: 1 InsertRepeatedBytes-
#27366	NEW    cov: 4513 ft: 11460 corp: 1001/29Kb lim: 116 exec/s: 6841 rss: 194Mb L: 47/116 MS: 1 ChangeByte-
#27448	REDUCE cov: 4513 ft: 11460 corp: 1001/29Kb lim: 116 exec/s: 6862 rss: 194Mb L: 10/116 MS: 2 CMP-CrossOver- DE: "\000\000\000\000"-
#27458	REDUCE cov: 4513 ft: 11460 corp: 1001/29Kb lim: 116 exec/s: 6864 rss: 195Mb L: 8/116 MS: 5 ChangeBinInt-PersAutoDict-ChangeBit-PersAutoDict-EraseBytes- DE: "\000\000\000\000\000\000\000\000"-"U]i\000t"-
#27469	REDUCE cov: 4513 ft: 11460 corp: 1001/29Kb lim: 116 exec/s: 6867 rss: 195Mb L: 13/116 MS: 1 EraseBytes-
#27538	NEW    cov: 4513 ft: 11462 corp: 1002/29Kb lim: 116 exec/s: 6884 rss: 195Mb L: 27/116 MS: 4 ChangeByte-InsertRepeatedBytes-CrossOver-CrossOver-
#27550	REDUCE cov: 4513 ft: 11462 corp: 1002/29Kb lim: 116 exec/s: 6887 rss: 195Mb L: 37/116 MS: 2 ShuffleBytes-EraseBytes-
#27615	NEW    cov: 4513 ft: 11463 corp: 1003/29Kb lim: 116 exec/s: 6903 rss: 195Mb L: 86/116 MS: 5 PersAutoDict-CopyPart-ChangeBit-ChangeBinInt-PersAutoDict- DE: "\011\000"-"trul\000"-
#27672	REDUCE cov: 4513 ft: 11464 corp: 1004/29Kb lim: 116 exec/s: 6918 rss: 196Mb L: 14/116 MS: 2 ChangeBinInt-CrossOver-
#27744	NEW    cov: 4513 ft: 11466 corp: 1005/29Kb lim: 116 exec/s: 6936 rss: 196Mb L: 32/116 MS: 2 EraseBytes-CopyPart-
#27775	REDUCE cov: 4513 ft: 11466 corp: 1005/29Kb lim: 116 exec/s: 6943 rss: 196Mb L: 44/116 MS: 1 EraseBytes-
#27809	REDUCE cov: 4513 ft: 11466 corp: 1005/29Kb lim: 116 exec/s: 6952 rss: 196Mb L: 51/116 MS: 4 ChangeASCIIInt-ChangeByte-ShuffleBytes-EraseBytes-
#27864	REDUCE cov: 4513 ft: 11466 corp: 1005/29Kb lim: 116 exec/s: 6966 rss: 196Mb L: 64/116 MS: 5 CrossOver-ChangeByte-ChangeASCIIInt-InsertByte-EraseBytes-
#27971	NEW    cov: 4513 ft: 11498 corp: 1006/29Kb lim: 116 exec/s: 6992 rss: 197Mb L: 34/116 MS: 2 InsertRepeatedBytes-EraseBytes-
#28089	REDUCE cov: 4513 ft: 11498 corp: 1006/29Kb lim: 116 exec/s: 7022 rss: 197Mb L: 21/116 MS: 3 ChangeASCIIInt-ChangeBinInt-CrossOver-
#28100	NEW    cov: 4515 ft: 11501 corp: 1007/29Kb lim: 116 exec/s: 7025 rss: 197Mb L: 79/116 MS: 1 EraseBytes-
#28147	REDUCE cov: 4515 ft: 11501 corp: 1007/29Kb lim: 116 exec/s: 7036 rss: 198Mb L: 42/116 MS: 2 CopyPart-EraseBytes-
#28158	NEW    cov: 4515 ft: 11503 corp: 1008/29Kb lim: 116 exec/s: 7039 rss: 198Mb L: 50/116 MS: 1 InsertByte-
#28239	NEW    cov: 4515 ft: 11535 corp: 1009/29Kb lim: 116 exec/s: 7059 rss: 198Mb L: 37/116 MS: 1 PersAutoDict- DE: "\002\000\000\000\000\000\000\000"-
#28265	REDUCE cov: 4515 ft: 11535 corp: 1009/29Kb lim: 116 exec/s: 7066 rss: 198Mb L: 4/116 MS: 1 EraseBytes-
#28316	NEW    cov: 4515 ft: 11536 corp: 1010/29Kb lim: 116 exec/s: 7079 rss: 198Mb L: 48/116 MS: 1 InsertByte-
#28448	NEW    cov: 4515 ft: 11537 corp: 1011/29Kb lim: 116 exec/s: 7112 rss: 199Mb L: 94/116 MS: 2 CrossOver-CrossOver-
#28484	NEW    cov: 4516 ft: 11544 corp: 1012/30Kb lim: 116 exec/s: 7121 rss: 199Mb L: 65/116 MS: 1 EraseBytes-
#28680	NEW    cov: 4517 ft: 11588 corp: 1013/30Kb lim: 116 exec/s: 7170 rss: 200Mb L: 83/116 MS: 1 CopyPart-
#28704	REDUCE cov: 4517 ft: 11588 corp: 1013/30Kb lim: 116 exec/s: 7176 rss: 200Mb L: 58/116 MS: 4 InsertRepeatedBytes-ChangeASCIIInt-ChangeBinInt-EraseBytes-
#28761	REDUCE cov: 4517 ft: 11588 corp: 1013/30Kb lim: 116 exec/s: 7190 rss: 200Mb L: 42/116 MS: 2 CMP-EraseBytes- DE: "\000\000\000\372"-
#28858	REDUCE cov: 4517 ft: 11588 corp: 1013/30Kb lim: 116 exec/s: 7214 rss: 201Mb L: 52/116 MS: 2 InsertByte-EraseBytes-
#28954	REDUCE cov: 4517 ft: 11588 corp: 1013/30Kb lim: 116 exec/s: 7238 rss: 201Mb L: 36/116 MS: 1 EraseBytes-
#28960	NEW    cov: 4517 ft: 11589 corp: 1014/30Kb lim: 116 exec/s: 7240 rss: 201Mb L: 11/116 MS: 1 CopyPart-
#29103	REDUCE cov: 4517 ft: 11589 corp: 1014/30Kb lim: 116 exec/s: 7275 rss: 202Mb L: 51/116 MS: 3 ChangeASCIIInt-InsertRepeatedBytes-EraseBytes-
#29155	REDUCE cov: 4517 ft: 11590 corp: 1015/30Kb lim: 116 exec/s: 7288 rss: 202Mb L: 45/116 MS: 2 CopyPart-EraseBytes-
#29162	NEW    cov: 4517 ft: 11606 corp: 1016/30Kb lim: 116 exec/s: 7290 rss: 202Mb L: 61/116 MS: 2 ChangeBit-ShuffleBytes-
#29168	NEW    cov: 4517 ft: 11610 corp: 1017/30Kb lim: 116 exec/s: 7292 rss: 202Mb L: 34/116 MS: 1 EraseBytes-
#29199	REDUCE cov: 4517 ft: 11610 corp: 1017/30Kb lim: 116 exec/s: 7299 rss: 202Mb L: 34/116 MS: 1 EraseBytes-
#29235	NEW    cov: 4517 ft: 11614 corp: 1018/30Kb lim: 116 exec/s: 7308 rss: 202Mb L: 26/116 MS: 1 ChangeBinInt-
#29276	NEW    cov: 4517 ft: 11624 corp: 1019/30Kb lim: 116 exec/s: 7319 rss: 203Mb L: 91/116 MS: 1 CMP- DE: "\377\377\377\377\377\377\3775"-
#29305	NEW    cov: 4517 ft: 11625 corp: 1020/30Kb lim: 116 exec/s: 7326 rss: 203Mb L: 78/116 MS: 4 InsertByte-ChangeBit-EraseBytes-InsertRepeatedBytes-
#29307	NEW    cov: 4517 ft: 11626 corp: 1021/30Kb lim: 116 exec/s: 7326 rss: 203Mb L: 51/116 MS: 2 PersAutoDict-ChangeBit- DE: "false\""-
#29318	REDUCE cov: 4517 ft: 11626 corp: 1021/30Kb lim: 116 exec/s: 7329 rss: 203Mb L: 3/116 MS: 1 EraseBytes-
#29346	NEW    cov: 4517 ft: 11628 corp: 1022/30Kb lim: 116 exec/s: 7336 rss: 203Mb L: 71/116 MS: 3 ChangeByte-InsertByte-CrossOver-
#29362	NEW    cov: 4517 ft: 11630 corp: 1023/30Kb lim: 116 exec/s: 7340 rss: 203Mb L: 38/116 MS: 1 PersAutoDict- DE: "\015\000\000\000\000\000\000\000"-
#29468	REDUCE cov: 4517 ft: 11630 corp: 1023/30Kb lim: 116 exec/s: 7367 rss: 204Mb L: 29/116 MS: 1 EraseBytes-
#29500	REDUCE cov: 4517 ft: 11630 corp: 1023/30Kb lim: 116 exec/s: 7375 rss: 204Mb L: 69/116 MS: 2 ChangeBinInt-EraseBytes-
#29722	NEW    cov: 4517 ft: 11662 corp: 1024/30Kb lim: 116 exec/s: 7430 rss: 205Mb L: 35/116 MS: 2 PersAutoDict-EraseBytes- DE: ",\000\000\000\000\000\000\000"-
#29724	REDUCE cov: 4517 ft: 11662 corp: 1024/30Kb lim: 116 exec/s: 7431 rss: 205Mb L: 12/116 MS: 2 ChangeASCIIInt-EraseBytes-
#29735	REDUCE cov: 4517 ft: 11662 corp: 1024/30Kb lim: 116 exec/s: 7433 rss: 205Mb L: 18/116 MS: 1 CrossOver-
#29821	REDUCE cov: 4517 ft: 11662 corp: 1024/30Kb lim: 116 exec/s: 7455 rss: 205Mb L: 10/116 MS: 1 EraseBytes-
#29988	NEW    cov: 4517 ft: 11665 corp: 1025/30Kb lim: 116 exec/s: 7497 rss: 206Mb L: 99/116 MS: 2 InsertRepeatedBytes-ChangeBinInt-
#30094	REDUCE cov: 4517 ft: 11665 corp: 1025/30Kb lim: 116 exec/s: 7523 rss: 206Mb L: 54/116 MS: 1 EraseBytes-
#30109	NEW    cov: 4517 ft: 11705 corp: 1026/30Kb lim: 116 exec/s: 7527 rss: 207Mb L: 65/116 MS: 5 EraseBytes-ChangeByte-InsertByte-ChangeByte-InsertRepeatedBytes-
#30363	NEW    cov: 4517 ft: 11706 corp: 1027/30Kb lim: 116 exec/s: 7590 rss: 207Mb L: 65/116 MS: 4 ChangeByte-ChangeByte-CopyPart-CMP- DE: "t\\u40"-
#30375	REDUCE cov: 4517 ft: 11706 corp: 1027/30Kb lim: 116 exec/s: 7593 rss: 208Mb L: 24/116 MS: 2 ChangeByte-EraseBytes-
#30416	REDUCE cov: 4517 ft: 11706 corp: 1027/30Kb lim: 116 exec/s: 7604 rss: 208Mb L: 24/116 MS: 1 EraseBytes-
#30417	REDUCE cov: 4517 ft: 11706 corp: 1027/30Kb lim: 116 exec/s: 7604 rss: 208Mb L: 66/116 MS: 1 EraseBytes-
#30423	NEW    cov: 4517 ft: 11707 corp: 1028/30Kb lim: 116 exec/s: 7605 rss: 208Mb L: 37/116 MS: 1 EraseBytes-
#30521	NEW    cov: 4517 ft: 11710 corp: 1029/30Kb lim: 116 exec/s: 7630 rss: 208Mb L: 51/116 MS: 3 ShuffleBytes-ChangeBit-InsertRepeatedBytes-
#30552	REDUCE cov: 4517 ft: 11710 corp: 1029/30Kb lim: 116 exec/s: 7638 rss: 209Mb L: 24/116 MS: 1 EraseBytes-
#30599	REDUCE cov: 4517 ft: 11710 corp: 1029/30Kb lim: 116 exec/s: 7649 rss: 209Mb L: 43/116 MS: 2 ChangeByte-EraseBytes-
#30646	REDUCE cov: 4517 ft: 11710 corp: 1029/30Kb lim: 116 exec/s: 7661 rss: 209Mb L: 48/116 MS: 2 InsertByte-EraseBytes-
#30662	REDUCE cov: 4517 ft: 11710 corp: 1029/30Kb lim: 116 exec/s: 7665 rss: 209Mb L: 3/116 MS: 1 EraseBytes-
#30670	REDUCE cov: 4517 ft: 11710 corp: 1029/30Kb lim: 116 exec/s: 7667 rss: 210Mb L: 58/116 MS: 3 ChangeByte-ShuffleBytes-CrossOver-
#30693	NEW    cov: 4517 ft: 11711 corp: 1030/30Kb lim: 116 exec/s: 7673 rss: 210Mb L: 69/116 MS: 3 ChangeBinInt-ChangeBit-InsertRepeatedBytes-
#30779	REDUCE cov: 4517 ft: 11711 corp: 1030/30Kb lim: 116 exec/s: 7694 rss: 210Mb L: 84/116 MS: 1 EraseBytes-
#30870	NEW    cov: 4517 ft: 11712 corp: 1031/30Kb lim: 116 exec/s: 7717 rss: 210Mb L: 13/116 MS: 1 EraseBytes-
#31058	NEW    cov: 4517 ft: 11714 corp: 1032/30Kb lim: 116 exec/s: 7764 rss: 211Mb L: 48/116 MS: 3 InsertRepeatedBytes-CrossOver-EraseBytes-
#31115	REDUCE cov: 4517 ft: 11714 corp: 1032/30Kb lim: 116 exec/s: 7778 rss: 212Mb L: 30/116 MS: 2 ChangeBit-EraseBytes-
#31203	NEW    cov: 4517 ft: 11715 corp: 1033/30Kb lim: 116 exec/s: 7800 rss: 212Mb L: 100/116 MS: 3 CMP-EraseBytes-InsertRepeatedBytes- DE: "\026\000\000\000"-
#31244	REDUCE cov: 4517 ft: 11715 corp: 1033/30Kb lim: 116 exec/s: 7811 rss: 212Mb L: 17/116 MS: 1 EraseBytes-
#31301	NEW    cov: 4517 ft: 11747 corp: 1034/30Kb lim: 116 exec/s: 7825 rss: 212Mb L: 34/116 MS: 2 CopyPart-CrossOver-
#31377	NEW    cov: 4517 ft: 11763 corp: 1035/31Kb lim: 116 exec/s: 7844 rss: 213Mb L: 65/116 MS: 1 CrossOver-
#31458	NEW    cov: 4517 ft: 11764 corp: 1036/31Kb lim: 116 exec/s: 7864 rss: 213Mb L: 36/116 MS: 1 PersAutoDict- DE: "\012\000\000\000\000\000\000\000"-
#31461	REDUCE cov: 4517 ft: 11764 corp: 1036/31Kb lim: 116 exec/s: 7865 rss: 213Mb L: 93/116 MS: 3 ChangeBinInt-ShuffleBytes-EraseBytes-
#31505	REDUCE cov: 4517 ft: 11767 corp: 1037/31Kb lim: 116 exec/s: 7876 rss: 214Mb L: 30/116 MS: 4 CrossOver-ChangeBit-CrossOver-CrossOver-
#31676	NEW    cov: 4517 ft: 11768 corp: 1038/31Kb lim: 116 exec/s: 7919 rss: 214Mb L: 18/116 MS: 1 EraseBytes-
#31717	REDUCE cov: 4517 ft: 11768 corp: 1038/31Kb lim: 116 exec/s: 7929 rss: 215Mb L: 15/116 MS: 1 EraseBytes-
#31718	REDUCE cov: 4517 ft: 11768 corp: 1038/31Kb lim: 116 exec/s: 7929 rss: 215Mb L: 4/116 MS: 1 EraseBytes-
#31723	REDUCE cov: 4517 ft: 11768 corp: 1038/31Kb lim: 116 exec/s: 7930 rss: 215Mb L: 66/116 MS: 5 InsertByte-ChangeBit-CMP-ChangeBit-CrossOver- DE: "U])))"-
#31759	NEW    cov: 4517 ft: 11769 corp: 1039/31Kb lim: 116 exec/s: 7939 rss: 215Mb L: 83/116 MS: 1 InsertRepeatedBytes-
#31940	REDUCE cov: 4517 ft: 11769 corp: 1039/31Kb lim: 116 exec/s: 7985 rss: 216Mb L: 34/116 MS: 1 EraseBytes-
#31973	REDUCE cov: 4517 ft: 11769 corp: 1039/31Kb lim: 116 exec/s: 7993 rss: 216Mb L: 52/116 MS: 3 InsertRepeatedBytes-ChangeByte-EraseBytes-
#32031	REDUCE cov: 4517 ft: 11769 corp: 1039/31Kb lim: 116 exec/s: 8007 rss: 216Mb L: 84/116 MS: 3 PersAutoDict-InsertRepeatedBytes-EraseBytes- DE: "#\000\000\000\000\000\000\000"-
#32083	NEW    cov: 4517 ft: 11776 corp: 1040/31Kb lim: 116 exec/s: 8020 rss: 216Mb L: 26/116 MS: 2 CopyPart-CopyPart-
#32145	NEW    cov: 4517 ft: 11779 corp: 1041/31Kb lim: 116 exec/s: 8036 rss: 217Mb L: 36/116 MS: 2 ChangeASCIIInt-CopyPart-
#32146	REDUCE cov: 4517 ft: 11783 corp: 1042/31Kb lim: 116 exec/s: 8036 rss: 217Mb L: 28/116 MS: 1 EraseBytes-
#32252	NEW    cov: 4517 ft: 11789 corp: 1043/31Kb lim: 116 exec/s: 8063 rss: 217Mb L: 37/116 MS: 1 ChangeByte-
#32275	REDUCE cov: 4517 ft: 11789 corp: 1043/31Kb lim: 116 exec/s: 8068 rss: 217Mb L: 42/116 MS: 3 InsertByte-CrossOver-EraseBytes-
#32476	NEW    cov: 4517 ft: 11797 corp: 1044/31Kb lim: 116 exec/s: 8119 rss: 218Mb L: 65/116 MS: 1 PersAutoDict- DE: "\367\377\377\377"-
#32548	REDUCE cov: 4517 ft: 11797 corp: 1044/31Kb lim: 116 exec/s: 8137 rss: 218Mb L: 22/116 MS: 2 ShuffleBytes-EraseBytes-
#32660	NEW    cov: 4517 ft: 11799 corp: 1045/31Kb lim: 116 exec/s: 8165 rss: 219Mb L: 14/116 MS: 2 ChangeBit-EraseBytes-
#32768	pulse  cov: 4517 ft: 11799 corp: 1045/31Kb lim: 116 exec/s: 8192 rss: 219Mb
#32858	REDUCE cov: 4517 ft: 11799 corp: 1045/31Kb lim: 116 exec/s: 8214 rss: 220Mb L: 11/116 MS: 3 ChangeByte-EraseBytes-CopyPart-
#33004	NEW    cov: 4517 ft: 11801 corp: 1046/31Kb lim: 116 exec/s: 8251 rss: 220Mb L: 17/116 MS: 1 CopyPart-
#33181	NEW    cov: 4517 ft: 11802 corp: 1047/31Kb lim: 116 exec/s: 8295 rss: 221Mb L: 13/116 MS: 2 CopyPart-ChangeBinInt-
#33267	REDUCE cov: 4517 ft: 11802 corp: 1047/31Kb lim: 116 exec/s: 8316 rss: 221Mb L: 30/116 MS: 1 EraseBytes-
#33275	REDUCE cov: 4517 ft: 11802 corp: 1047/31Kb lim: 116 exec/s: 8318 rss: 221Mb L: 27/116 MS: 3 ChangeBinInt-ShuffleBytes-EraseBytes-
#33321	NEW    cov: 4517 ft: 11803 corp: 1048/31Kb lim: 116 exec/s: 8330 rss: 222Mb L: 66/116 MS: 1 InsertByte-
#33398	REDUCE cov: 4517 ft: 11803 corp: 1048/31Kb lim: 116 exec/s: 8349 rss: 222Mb L: 33/116 MS: 2 ShuffleBytes-EraseBytes-
#33428	REDUCE cov: 4517 ft: 11803 corp: 1048/31Kb lim: 116 exec/s: 8357 rss: 222Mb L: 38/116 MS: 5 CopyPart-ChangeByte-InsertByte-ChangeBit-EraseBytes-
#33440	REDUCE cov: 4517 ft: 11803 corp: 1048/31Kb lim: 116 exec/s: 8360 rss: 222Mb L: 60/116 MS: 2 ChangeBit-EraseBytes-
#33541	REDUCE cov: 4517 ft: 11803 corp: 1048/31Kb lim: 116 exec/s: 8385 rss: 223Mb L: 22/116 MS: 1 EraseBytes-
#33647	NEW    cov: 4519 ft: 11805 corp: 1049/31Kb lim: 116 exec/s: 8411 rss: 223Mb L: 4/116 MS: 1 EraseBytes-
#33883	REDUCE cov: 4519 ft: 11805 corp: 1049/31Kb lim: 116 exec/s: 8470 rss: 224Mb L: 23/116 MS: 1 EraseBytes-
#33905	REDUCE cov: 4519 ft: 11805 corp: 1049/31Kb lim: 116 exec/s: 8476 rss: 224Mb L: 10/116 MS: 2 EraseBytes-CopyPart-
#33907	REDUCE cov: 4519 ft: 11805 corp: 1049/31Kb lim: 116 exec/s: 8476 rss: 224Mb L: 6/116 MS: 2 ChangeBit-EraseBytes-
#33943	NEW    cov: 4519 ft: 11806 corp: 1050/31Kb lim: 116 exec/s: 8485 rss: 224Mb L: 70/116 MS: 1 InsertRepeatedBytes-
#34084	REDUCE cov: 4519 ft: 11873 corp: 1051/31Kb lim: 116 exec/s: 8521 rss: 225Mb L: 60/116 MS: 1 CopyPart-
#34164	NEW    cov: 4519 ft: 11905 corp: 1052/31Kb lim: 116 exec/s: 8541 rss: 225Mb L: 85/116 MS: 5 ChangeByte-CrossOver-CMP-ChangeBinInt-InsertRepeatedBytes- DE: "true\""-
#34295	REDUCE cov: 4519 ft: 11905 corp: 1052/31Kb lim: 116 exec/s: 8573 rss: 226Mb L: 42/116 MS: 1 EraseBytes-
#34298	REDUCE cov: 4519 ft: 11905 corp: 1052/31Kb lim: 116 exec/s: 8574 rss: 226Mb L: 14/116 MS: 3 CMP-ChangeByte-EraseBytes- DE: "true"-
#34314	REDUCE cov: 4519 ft: 11905 corp: 1052/31Kb lim: 116 exec/s: 8578 rss: 226Mb L: 6/116 MS: 1 EraseBytes-
#34375	REDUCE cov: 4519 ft: 11921 corp: 1053/31Kb lim: 116 exec/s: 8593 rss: 226Mb L: 38/116 MS: 1 CrossOver-
#34379	NEW    cov: 4519 ft: 11922 corp: 1054/31Kb lim: 116 exec/s: 8594 rss: 226Mb L: 76/116 MS: 4 CopyPart-CopyPart-ShuffleBytes-InsertByte-
#34789	REDUCE cov: 4519 ft: 11923 corp: 1055/31Kb lim: 116 exec/s: 8697 rss: 231Mb L: 45/116 MS: 2 EraseBytes-ChangeByte-
#34820	REDUCE cov: 4519 ft: 11923 corp: 1055/31Kb lim: 116 exec/s: 8705 rss: 232Mb L: 14/116 MS: 1 EraseBytes-
#34856	REDUCE cov: 4519 ft: 11939 corp: 1056/31Kb lim: 116 exec/s: 8714 rss: 232Mb L: 9/116 MS: 1 ShuffleBytes-
#34877	NEW    cov: 4519 ft: 11941 corp: 1057/31Kb lim: 116 exec/s: 8719 rss: 232Mb L: 13/116 MS: 1 PersAutoDict- DE: "false\""-
#35044	REDUCE cov: 4526 ft: 11948 corp: 1058/31Kb lim: 116 exec/s: 8761 rss: 233Mb L: 60/116 MS: 2 PersAutoDict-CopyPart- DE: "Q\220@\225"-
#35071	NEW    cov: 4526 ft: 11949 corp: 1059/31Kb lim: 116 exec/s: 8767 rss: 233Mb L: 21/116 MS: 2 CopyPart-InsertByte-
#35102	REDUCE cov: 4526 ft: 11949 corp: 1059/31Kb lim: 116 exec/s: 8775 rss: 233Mb L: 28/116 MS: 1 EraseBytes-
#35138	NEW    cov: 4526 ft: 11959 corp: 1060/31Kb lim: 116 exec/s: 8784 rss: 233Mb L: 73/116 MS: 1 CopyPart-
#35167	NEW    cov: 4526 ft: 11972 corp: 1061/31Kb lim: 116 exec/s: 8791 rss: 234Mb L: 25/116 MS: 4 ChangeByte-ChangeBit-ChangeBit-ChangeByte-
#35233	REDUCE cov: 4526 ft: 11973 corp: 1062/31Kb lim: 116 exec/s: 8808 rss: 234Mb L: 27/116 MS: 1 ChangeBinInt-
#35425	REDUCE cov: 4526 ft: 11973 corp: 1062/31Kb lim: 116 exec/s: 8856 rss: 235Mb L: 45/116 MS: 2 InsertRepeatedBytes-CrossOver-
#35436	REDUCE cov: 4526 ft: 11973 corp: 1062/31Kb lim: 116 exec/s: 8859 rss: 235Mb L: 34/116 MS: 1 EraseBytes-
#35452	REDUCE cov: 4526 ft: 11973 corp: 1062/31Kb lim: 116 exec/s: 8863 rss: 235Mb L: 15/116 MS: 1 EraseBytes-
#35509	NEW    cov: 4526 ft: 11974 corp: 1063/31Kb lim: 116 exec/s: 8877 rss: 235Mb L: 38/116 MS: 2 ChangeBit-ChangeBit-
#35515	REDUCE cov: 4526 ft: 11974 corp: 1063/31Kb lim: 116 exec/s: 8878 rss: 235Mb L: 43/116 MS: 1 EraseBytes-
#35661	REDUCE cov: 4526 ft: 11974 corp: 1063/31Kb lim: 116 exec/s: 8915 rss: 236Mb L: 27/116 MS: 1 EraseBytes-
#35717	REDUCE cov: 4526 ft: 11974 corp: 1063/31Kb lim: 116 exec/s: 8929 rss: 236Mb L: 4/116 MS: 1 EraseBytes-
#36020	REDUCE cov: 4526 ft: 11974 corp: 1063/31Kb lim: 116 exec/s: 9005 rss: 237Mb L: 10/116 MS: 3 ChangeBit-ChangeBinInt-EraseBytes-
#36036	REDUCE cov: 4526 ft: 11974 corp: 1063/31Kb lim: 116 exec/s: 9009 rss: 238Mb L: 13/116 MS: 1 EraseBytes-
#36172	REDUCE cov: 4526 ft: 11974 corp: 1063/31Kb lim: 116 exec/s: 7234 rss: 238Mb L: 4/116 MS: 1 EraseBytes-
#36234	REDUCE cov: 4526 ft: 11974 corp: 1063/31Kb lim: 116 exec/s: 7246 rss: 238Mb L: 35/116 MS: 2 ShuffleBytes-EraseBytes-
#36247	REDUCE cov: 4526 ft: 11974 corp: 1063/31Kb lim: 116 exec/s: 7249 rss: 238Mb L: 52/116 MS: 3 ChangeBinInt-ChangeByte-EraseBytes-
#36250	NEW    cov: 4526 ft: 11975 corp: 1064/31Kb lim: 116 exec/s: 7250 rss: 239Mb L: 74/116 MS: 3 PersAutoDict-InsertRepeatedBytes-CrossOver- DE: "tr;e"-
#36301	NEW    cov: 4526 ft: 11976 corp: 1065/32Kb lim: 116 exec/s: 7260 rss: 239Mb L: 111/116 MS: 1 CMP- DE: "\016\000\000\000\000\000\000\000"-
#36342	NEW    cov: 4526 ft: 11978 corp: 1066/32Kb lim: 116 exec/s: 7268 rss: 239Mb L: 29/116 MS: 1 CopyPart-
#36349	NEW    cov: 4526 ft: 11981 corp: 1067/32Kb lim: 116 exec/s: 7269 rss: 239Mb L: 22/116 MS: 2 CrossOver-InsertByte-
#36413	REDUCE cov: 4526 ft: 11981 corp: 1067/32Kb lim: 116 exec/s: 7282 rss: 240Mb L: 60/116 MS: 4 ChangeByte-ChangeBit-ChangeBit-EraseBytes-
#36514	NEW    cov: 4526 ft: 11983 corp: 1068/32Kb lim: 116 exec/s: 7302 rss: 240Mb L: 84/116 MS: 1 InsertByte-
#36562	NEW    cov: 4526 ft: 11991 corp: 1069/32Kb lim: 116 exec/s: 7312 rss: 240Mb L: 116/116 MS: 3 CrossOver-ChangeBit-CopyPart-
#36673	NEW    cov: 4526 ft: 11992 corp: 1070/32Kb lim: 116 exec/s: 7334 rss: 241Mb L: 24/116 MS: 1 CopyPart-
#36709	NEW    cov: 4526 ft: 12039 corp: 1071/32Kb lim: 116 exec/s: 7341 rss: 241Mb L: 38/116 MS: 1 CrossOver-
#36725	NEW    cov: 4526 ft: 12085 corp: 1072/32Kb lim: 116 exec/s: 7345 rss: 242Mb L: 38/116 MS: 1 ChangeBinInt-
#36727	REDUCE cov: 4526 ft: 12085 corp: 1072/32Kb lim: 116 exec/s: 7345 rss: 242Mb L: 2/116 MS: 2 CopyPart-EraseBytes-
#36753	REDUCE cov: 4526 ft: 12085 corp: 1072/32Kb lim: 116 exec/s: 7350 rss: 242Mb L: 31/116 MS: 1 EraseBytes-
#36755	REDUCE cov: 4526 ft: 12085 corp: 1072/32Kb lim: 116 exec/s: 7351 rss: 242Mb L: 37/116 MS: 2 CopyPart-EraseBytes-
#37046	REDUCE cov: 4526 ft: 12085 corp: 1072/32Kb lim: 116 exec/s: 7409 rss: 243Mb L: 16/116 MS: 1 EraseBytes-
#37053	NEW    cov: 4526 ft: 12086 corp: 1073/32Kb lim: 116 exec/s: 7410 rss: 243Mb L: 104/116 MS: 2 InsertByte-CopyPart-
#37064	NEW    cov: 4534 ft: 12094 corp: 1074/32Kb lim: 116 exec/s: 7412 rss: 243Mb L: 21/116 MS: 1 PersAutoDict- DE: "\012\000\000\000\000\000\000\000"-
#37140	REDUCE cov: 4534 ft: 12094 corp: 1074/32Kb lim: 116 exec/s: 7428 rss: 244Mb L: 21/116 MS: 1 EraseBytes-
#37161	REDUCE cov: 4534 ft: 12094 corp: 1074/32Kb lim: 116 exec/s: 7432 rss: 244Mb L: 25/116 MS: 1 EraseBytes-
#37177	NEW    cov: 4534 ft: 12098 corp: 1075/32Kb lim: 116 exec/s: 7435 rss: 244Mb L: 52/116 MS: 1 InsertRepeatedBytes-
#37184	NEW    cov: 4534 ft: 12099 corp: 1076/32Kb lim: 116 exec/s: 7436 rss: 244Mb L: 19/116 MS: 2 ChangeASCIIInt-PersAutoDict- DE: "\012\000\000\000\000\000\000\000"-
#37289	NEW    cov: 4534 ft: 12103 corp: 1077/32Kb lim: 116 exec/s: 7457 rss: 245Mb L: 42/116 MS: 5 ChangeBinInt-InsertByte-ChangeBinInt-InsertByte-CrossOver-
#37310	REDUCE cov: 4534 ft: 12103 corp: 1077/32Kb lim: 116 exec/s: 7462 rss: 245Mb L: 86/116 MS: 1 EraseBytes-
#37316	REDUCE cov: 4534 ft: 12103 corp: 1077/32Kb lim: 116 exec/s: 7463 rss: 245Mb L: 28/116 MS: 1 EraseBytes-
#37444	REDUCE cov: 4534 ft: 12103 corp: 1077/32Kb lim: 116 exec/s: 7488 rss: 245Mb L: 14/116 MS: 3 PersAutoDict-ChangeBinInt-EraseBytes- DE: "\367\377\377\377"-
#37486	REDUCE cov: 4534 ft: 12103 corp: 1077/32Kb lim: 116 exec/s: 7497 rss: 246Mb L: 11/116 MS: 2 CopyPart-CrossOver-
#37537	REDUCE cov: 4534 ft: 12103 corp: 1077/32Kb lim: 116 exec/s: 7507 rss: 246Mb L: 18/116 MS: 1 EraseBytes-
#37611	NEW    cov: 4534 ft: 12104 corp: 1078/32Kb lim: 116 exec/s: 7522 rss: 246Mb L: 16/116 MS: 4 CrossOver-ChangeByte-ChangeBit-ChangeBit-
#37793	REDUCE cov: 4534 ft: 12104 corp: 1078/32Kb lim: 116 exec/s: 7558 rss: 247Mb L: 67/116 MS: 2 EraseBytes-InsertByte-
#37857	NEW    cov: 4534 ft: 12105 corp: 1079/32Kb lim: 116 exec/s: 7571 rss: 247Mb L: 15/116 MS: 4 CopyPart-ChangeBit-ChangeByte-CMP- DE: "fals -"-
#37944	REDUCE cov: 4534 ft: 12105 corp: 1079/32Kb lim: 116 exec/s: 7588 rss: 248Mb L: 28/116 MS: 2 CMP-EraseBytes- DE: "\377\377ls"-
#38052	NEW    cov: 4534 ft: 12106 corp: 1080/32Kb lim: 116 exec/s: 7610 rss: 248Mb L: 45/116 MS: 3 ChangeASCIIInt-ChangeASCIIInt-CopyPart-
#38090	NEW    cov: 4534 ft: 12107 corp: 1081/32Kb lim: 116 exec/s: 7618 rss: 248Mb L: 110/116 MS: 3 InsertByte-ChangeASCIIInt-InsertRepeatedBytes-
#38114	REDUCE cov: 4534 ft: 12107 corp: 1081/32Kb lim: 116 exec/s: 7622 rss: 248Mb L: 19/116 MS: 4 EraseBytes-ShuffleBytes-PersAutoDict-ChangeByte- DE: "\000\000\000\000"-
#38121	REDUCE cov: 4534 ft: 12107 corp: 1081/32Kb lim: 116 exec/s: 7624 rss: 248Mb L: 40/116 MS: 2 ChangeBinInt-EraseBytes-
#38127	NEW    cov: 4534 ft: 12108 corp: 1082/32Kb lim: 116 exec/s: 7625 rss: 249Mb L: 51/116 MS: 1 InsertByte-
#38130	REDUCE cov: 4534 ft: 12108 corp: 1082/32Kb lim: 116 exec/s: 7626 rss: 249Mb L: 33/116 MS: 3 ShuffleBytes-ChangeBinInt-EraseBytes-
#38136	REDUCE cov: 4534 ft: 12108 corp: 1082/32Kb lim: 116 exec/s: 7627 rss: 249Mb L: 5/116 MS: 1 EraseBytes-
#38181	NEW    cov: 4535 ft: 12110 corp: 1083/32Kb lim: 116 exec/s: 7636 rss: 249Mb L: 108/116 MS: 5 ChangeByte-ShuffleBytes-InsertRepeatedBytes-ChangeBit-CMP- DE: "\253\252\232\006\003\302\204\\"-
#38213	REDUCE cov: 4535 ft: 12110 corp: 1083/32Kb lim: 116 exec/s: 7642 rss: 249Mb L: 17/116 MS: 2 InsertByte-EraseBytes-
#38374	REDUCE cov: 4535 ft: 12110 corp: 1083/32Kb lim: 116 exec/s: 7674 rss: 250Mb L: 23/116 MS: 1 EraseBytes-
#38405	REDUCE cov: 4535 ft: 12110 corp: 1083/32Kb lim: 116 exec/s: 7681 rss: 250Mb L: 20/116 MS: 1 EraseBytes-
#38440	NEW    cov: 4535 ft: 12111 corp: 1084/32Kb lim: 116 exec/s: 7688 rss: 250Mb L: 39/116 MS: 5 PersAutoDict-ChangeASCIIInt-EraseBytes-ChangeBinInt-PersAutoDict- DE: "\015\000\000\000\000\000\000\000"-"U])))"-
#38498	REDUCE cov: 4535 ft: 12111 corp: 1084/32Kb lim: 116 exec/s: 7699 rss: 251Mb L: 42/116 MS: 3 ChangeBinInt-CMP-EraseBytes- DE: "\212\000\000\000"-
#38510	REDUCE cov: 4535 ft: 12111 corp: 1084/32Kb lim: 116 exec/s: 7702 rss: 251Mb L: 41/116 MS: 2 InsertByte-EraseBytes-
#38511	REDUCE cov: 4535 ft: 12112 corp: 1085/32Kb lim: 116 exec/s: 7702 rss: 251Mb L: 36/116 MS: 1 EraseBytes-
#38694	REDUCE cov: 4535 ft: 12112 corp: 1085/32Kb lim: 116 exec/s: 7738 rss: 251Mb L: 23/116 MS: 3 PersAutoDict-ChangeBinInt-EraseBytes- DE: "\377\377\377\377"-
#38747	REDUCE cov: 4535 ft: 12112 corp: 1085/32Kb lim: 116 exec/s: 7749 rss: 252Mb L: 25/116 MS: 3 CrossOver-InsertByte-EraseBytes-
#38854	REDUCE cov: 4535 ft: 12112 corp: 1085/32Kb lim: 116 exec/s: 7770 rss: 252Mb L: 40/116 MS: 2 ChangeBit-EraseBytes-
#38890	REDUCE cov: 4535 ft: 12112 corp: 1085/32Kb lim: 116 exec/s: 7778 rss: 252Mb L: 35/116 MS: 1 EraseBytes-
#38897	NEW    cov: 4535 ft: 12116 corp: 1086/32Kb lim: 116 exec/s: 7779 rss: 252Mb L: 42/116 MS: 2 ShuffleBytes-EraseBytes-
#38898	NEW    cov: 4535 ft: 12117 corp: 1087/32Kb lim: 116 exec/s: 7779 rss: 253Mb L: 35/116 MS: 1 EraseBytes-
#38922	REDUCE cov: 4535 ft: 12117 corp: 1087/32Kb lim: 116 exec/s: 7784 rss: 253Mb L: 10/116 MS: 4 ChangeBinInt-CrossOver-ShuffleBytes-EraseBytes-
#38988	REDUCE cov: 4535 ft: 12117 corp: 1087/32Kb lim: 116 exec/s: 7797 rss: 253Mb L: 13/116 MS: 1 EraseBytes-
#39022	REDUCE cov: 4535 ft: 12117 corp: 1087/32Kb lim: 116 exec/s: 7804 rss: 253Mb L: 32/116 MS: 4 CopyPart-ChangeBit-InsertByte-EraseBytes-
#39048	REDUCE cov: 4535 ft: 12117 corp: 1087/32Kb lim: 116 exec/s: 7809 rss: 254Mb L: 15/116 MS: 1 EraseBytes-
#39141	REDUCE cov: 4535 ft: 12117 corp: 1087/32Kb lim: 116 exec/s: 7828 rss: 254Mb L: 27/116 MS: 3 PersAutoDict-ChangeASCIIInt-EraseBytes- DE: "\367\377\377\377"-
#39187	REDUCE cov: 4535 ft: 12117 corp: 1087/32Kb lim: 116 exec/s: 7837 rss: 254Mb L: 8/116 MS: 1 EraseBytes-
#39210	NEW    cov: 4535 ft: 12118 corp: 1088/32Kb lim: 116 exec/s: 7842 rss: 254Mb L: 26/116 MS: 3 ChangeByte-InsertRepeatedBytes-EraseBytes-
#39233	REDUCE cov: 4535 ft: 12118 corp: 1088/32Kb lim: 116 exec/s: 7846 rss: 255Mb L: 31/116 MS: 3 CopyPart-CMP-EraseBytes- DE: "?\000\0016"-
#39365	NEW    cov: 4535 ft: 12119 corp: 1089/32Kb lim: 116 exec/s: 7873 rss: 255Mb L: 23/116 MS: 2 InsertByte-CopyPart-
#39373	REDUCE cov: 4535 ft: 12120 corp: 1090/32Kb lim: 116 exec/s: 7874 rss: 255Mb L: 105/116 MS: 3 ChangeASCIIInt-ChangeByte-CrossOver-
#39382	REDUCE cov: 4535 ft: 12120 corp: 1090/32Kb lim: 116 exec/s: 7876 rss: 256Mb L: 22/116 MS: 4 InsertByte-ChangeASCIIInt-ShuffleBytes-EraseBytes-
#39474	NEW    cov: 4535 ft: 12128 corp: 1091/32Kb lim: 116 exec/s: 7894 rss: 256Mb L: 26/116 MS: 2 CrossOver-ChangeByte-
#39643	REDUCE cov: 4535 ft: 12144 corp: 1092/32Kb lim: 116 exec/s: 7928 rss: 257Mb L: 46/116 MS: 4 CrossOver-ChangeBit-CrossOver-EraseBytes-
#40093	REDUCE cov: 4535 ft: 12144 corp: 1092/32Kb lim: 116 exec/s: 8018 rss: 258Mb L: 49/116 MS: 5 CMP-CMP-PersAutoDict-CrossOver-EraseBytes- DE: "\000\001"-"false\""-"\001\000"-
#40169	REDUCE cov: 4535 ft: 12144 corp: 1092/32Kb lim: 116 exec/s: 8033 rss: 259Mb L: 47/116 MS: 1 EraseBytes-
#40399	REDUCE cov: 4535 ft: 12144 corp: 1092/32Kb lim: 116 exec/s: 8079 rss: 260Mb L: 44/116 MS: 5 InsertByte-ShuffleBytes-ChangeBit-ChangeBit-EraseBytes-
#40411	REDUCE cov: 4535 ft: 12144 corp: 1092/32Kb lim: 116 exec/s: 8082 rss: 260Mb L: 17/116 MS: 2 ChangeBinInt-EraseBytes-
#40572	REDUCE cov: 4535 ft: 12144 corp: 1092/32Kb lim: 116 exec/s: 8114 rss: 261Mb L: 23/116 MS: 1 EraseBytes-
#40573	REDUCE cov: 4535 ft: 12146 corp: 1093/33Kb lim: 116 exec/s: 8114 rss: 261Mb L: 38/116 MS: 1 CrossOver-
#40661	REDUCE cov: 4535 ft: 12146 corp: 1093/32Kb lim: 116 exec/s: 8132 rss: 261Mb L: 29/116 MS: 3 CMP-CrossOver-CrossOver- DE: "\377\377\377+"-
#40677	REDUCE cov: 4535 ft: 12146 corp: 1093/32Kb lim: 116 exec/s: 8135 rss: 261Mb L: 15/116 MS: 1 EraseBytes-
#40690	REDUCE cov: 4535 ft: 12146 corp: 1093/32Kb lim: 116 exec/s: 8138 rss: 262Mb L: 9/116 MS: 3 ChangeBit-ChangeBit-EraseBytes-
#40711	NEW    cov: 4542 ft: 12153 corp: 1094/32Kb lim: 116 exec/s: 8142 rss: 262Mb L: 21/116 MS: 1 ChangeBinInt-
#40713	REDUCE cov: 4542 ft: 12153 corp: 1094/32Kb lim: 116 exec/s: 8142 rss: 262Mb L: 51/116 MS: 2 ShuffleBytes-EraseBytes-
#40724	REDUCE cov: 4542 ft: 12153 corp: 1094/32Kb lim: 116 exec/s: 8144 rss: 262Mb L: 20/116 MS: 1 EraseBytes-
#40940	NEW    cov: 4542 ft: 12154 corp: 1095/32Kb lim: 116 exec/s: 8188 rss: 263Mb L: 28/116 MS: 1 CMP- DE: "\377\377\377\377\377\377\377\377"-
#41046	NEW    cov: 4542 ft: 12155 corp: 1096/33Kb lim: 116 exec/s: 8209 rss: 263Mb L: 15/116 MS: 1 CrossOver-
#41152	REDUCE cov: 4542 ft: 12155 corp: 1096/32Kb lim: 116 exec/s: 8230 rss: 264Mb L: 36/116 MS: 1 EraseBytes-
#41203	NEW    cov: 4548 ft: 12164 corp: 1097/33Kb lim: 116 exec/s: 8240 rss: 264Mb L: 101/116 MS: 1 InsertByte-
#41264	REDUCE cov: 4548 ft: 12164 corp: 1097/33Kb lim: 116 exec/s: 8252 rss: 264Mb L: 20/116 MS: 1 EraseBytes-
#41335	REDUCE cov: 4548 ft: 12164 corp: 1097/33Kb lim: 116 exec/s: 8267 rss: 265Mb L: 6/116 MS: 1 EraseBytes-
#41427	NEW    cov: 4549 ft: 12165 corp: 1098/33Kb lim: 116 exec/s: 8285 rss: 265Mb L: 38/116 MS: 2 ChangeByte-CrossOver-
#41485	REDUCE cov: 4549 ft: 12165 corp: 1098/33Kb lim: 116 exec/s: 8297 rss: 265Mb L: 5/116 MS: 3 ChangeByte-ShuffleBytes-EraseBytes-
#41490	NEW    cov: 4549 ft: 12174 corp: 1099/33Kb lim: 116 exec/s: 8298 rss: 265Mb L: 54/116 MS: 5 InsertRepeatedBytes-ChangeByte-ShuffleBytes-ShuffleBytes-EraseBytes-
#41537	REDUCE cov: 4549 ft: 12174 corp: 1099/33Kb lim: 116 exec/s: 8307 rss: 266Mb L: 36/116 MS: 2 ChangeASCIIInt-CrossOver-
#41548	REDUCE cov: 4549 ft: 12174 corp: 1099/33Kb lim: 116 exec/s: 8309 rss: 266Mb L: 24/116 MS: 1 EraseBytes-
#41733	REDUCE cov: 4549 ft: 12174 corp: 1099/33Kb lim: 116 exec/s: 8346 rss: 266Mb L: 84/116 MS: 5 PersAutoDict-ChangeByte-ChangeBit-EraseBytes-EraseBytes- DE: "\015\000\000\000\000\000\000\000"-
#41811	REDUCE cov: 4549 ft: 12174 corp: 1099/33Kb lim: 116 exec/s: 8362 rss: 267Mb L: 2/116 MS: 3 EraseBytes-EraseBytes-CopyPart-
#41943	NEW    cov: 4549 ft: 12181 corp: 1100/33Kb lim: 116 exec/s: 8388 rss: 267Mb L: 80/116 MS: 2 InsertByte-ShuffleBytes-
#42030	NEW    cov: 4549 ft: 12183 corp: 1101/33Kb lim: 116 exec/s: 8406 rss: 268Mb L: 24/116 MS: 2 EraseBytes-PersAutoDict- DE: "\377\377\377\377\377\377\377\003"-
#42032	NEW    cov: 4549 ft: 12187 corp: 1102/33Kb lim: 116 exec/s: 8406 rss: 268Mb L: 26/116 MS: 2 CMP-CMP- DE: "Arue"-"\377\377\377\377\377\377\377\377"-
#42156	REDUCE cov: 4549 ft: 12188 corp: 1103/33Kb lim: 116 exec/s: 8431 rss: 268Mb L: 16/116 MS: 4 ShuffleBytes-ChangeByte-CrossOver-EraseBytes-
#42172	REDUCE cov: 4549 ft: 12188 corp: 1103/33Kb lim: 116 exec/s: 8434 rss: 269Mb L: 8/116 MS: 1 EraseBytes-
#42197	REDUCE cov: 4549 ft: 12188 corp: 1103/33Kb lim: 116 exec/s: 8439 rss: 269Mb L: 14/116 MS: 5 CrossOver-CopyPart-ChangeBinInt-ChangeASCIIInt-CrossOver-
#42240	REDUCE cov: 4549 ft: 12196 corp: 1104/33Kb lim: 116 exec/s: 8448 rss: 269Mb L: 16/116 MS: 3 InsertByte-ChangeBit-PersAutoDict- DE: "\015\000\000\000\000\000\000\000"-
#42285	REDUCE cov: 4549 ft: 12196 corp: 1104/33Kb lim: 116 exec/s: 8457 rss: 269Mb L: 32/116 MS: 5 ShuffleBytes-InsertByte-ChangeByte-EraseBytes-EraseBytes-
#42374	NEW    cov: 4549 ft: 12200 corp: 1105/33Kb lim: 116 exec/s: 8474 rss: 270Mb L: 39/116 MS: 4 ShuffleBytes-PersAutoDict-EraseBytes-CopyPart- DE: "fae"-
#42380	REDUCE cov: 4549 ft: 12200 corp: 1105/33Kb lim: 116 exec/s: 8476 rss: 270Mb L: 3/116 MS: 1 EraseBytes-
#42390	REDUCE cov: 4549 ft: 12200 corp: 1105/33Kb lim: 116 exec/s: 8478 rss: 270Mb L: 46/116 MS: 5 ChangeBinInt-ChangeByte-ChangeBit-CMP-EraseBytes- DE: "\003\000\000\000\000\000\000\000"-
#42416	REDUCE cov: 4549 ft: 12200 corp: 1105/33Kb lim: 116 exec/s: 8483 rss: 270Mb L: 25/116 MS: 1 EraseBytes-
#42468	REDUCE cov: 4549 ft: 12200 corp: 1105/33Kb lim: 116 exec/s: 8493 rss: 270Mb L: 46/116 MS: 2 PersAutoDict-EraseBytes- DE: "\016\000\000\000\000\000\000\000"-
#42529	REDUCE cov: 4549 ft: 12200 corp: 1105/33Kb lim: 116 exec/s: 8505 rss: 271Mb L: 97/116 MS: 1 EraseBytes-
#42636	REDUCE cov: 4549 ft: 12200 corp: 1105/33Kb lim: 116 exec/s: 8527 rss: 271Mb L: 41/116 MS: 2 ShuffleBytes-EraseBytes-
#42760	REDUCE cov: 4549 ft: 12200 corp: 1105/33Kb lim: 116 exec/s: 8552 rss: 271Mb L: 35/116 MS: 4 CMP-PersAutoDict-EraseBytes-EraseBytes- DE: "\377\377\377\377\377\377\377\000"-"\000\001"-
#42797	REDUCE cov: 4549 ft: 12200 corp: 1105/33Kb lim: 116 exec/s: 8559 rss: 272Mb L: 26/116 MS: 2 ChangeBinInt-EraseBytes-
#43084	NEW    cov: 4549 ft: 12201 corp: 1106/33Kb lim: 116 exec/s: 8616 rss: 273Mb L: 16/116 MS: 2 InsertByte-CrossOver-
#43175	NEW    cov: 4549 ft: 12202 corp: 1107/33Kb lim: 116 exec/s: 8635 rss: 273Mb L: 79/116 MS: 1 InsertRepeatedBytes-
#43269	REDUCE cov: 4549 ft: 12202 corp: 1107/33Kb lim: 116 exec/s: 8653 rss: 273Mb L: 42/116 MS: 4 ChangeByte-ChangeBinInt-PersAutoDict-EraseBytes- DE: "\257\000"-
#43295	REDUCE cov: 4549 ft: 12202 corp: 1107/33Kb lim: 116 exec/s: 8659 rss: 274Mb L: 51/116 MS: 1 EraseBytes-
#43306	REDUCE cov: 4549 ft: 12202 corp: 1107/33Kb lim: 116 exec/s: 8661 rss: 274Mb L: 11/116 MS: 1 EraseBytes-
#43317	REDUCE cov: 4549 ft: 12202 corp: 1107/33Kb lim: 116 exec/s: 8663 rss: 274Mb L: 14/116 MS: 1 EraseBytes-
#43403	REDUCE cov: 4549 ft: 12202 corp: 1107/33Kb lim: 116 exec/s: 8680 rss: 274Mb L: 17/116 MS: 1 EraseBytes-
#43469	REDUCE cov: 4549 ft: 12202 corp: 1107/33Kb lim: 116 exec/s: 8693 rss: 274Mb L: 58/116 MS: 1 EraseBytes-
#43592	REDUCE cov: 4549 ft: 12202 corp: 1107/33Kb lim: 116 exec/s: 8718 rss: 275Mb L: 24/116 MS: 3 EraseBytes-CMP-EraseBytes- DE: "fruu"-
#43593	REDUCE cov: 4549 ft: 12202 corp: 1107/33Kb lim: 116 exec/s: 8718 rss: 275Mb L: 21/116 MS: 1 EraseBytes-
#43649	NEW    cov: 4549 ft: 12210 corp: 1108/33Kb lim: 116 exec/s: 8729 rss: 275Mb L: 15/116 MS: 1 EraseBytes-
#43856	NEW    cov: 4549 ft: 12211 corp: 1109/33Kb lim: 116 exec/s: 8771 rss: 276Mb L: 114/116 MS: 2 CopyPart-CopyPart-
#43932	NEW    cov: 4549 ft: 12213 corp: 1110/33Kb lim: 116 exec/s: 8786 rss: 277Mb L: 99/116 MS: 1 ChangeBit-
#43943	REDUCE cov: 4549 ft: 12215 corp: 1111/33Kb lim: 116 exec/s: 8788 rss: 277Mb L: 14/116 MS: 1 InsertByte-
#44057	REDUCE cov: 4549 ft: 12215 corp: 1111/33Kb lim: 116 exec/s: 8811 rss: 277Mb L: 27/116 MS: 4 ChangeByte-PersAutoDict-ChangeASCIIInt-EraseBytes- DE: "\003\000\000\000\000\000\000\000"-
#44104	REDUCE cov: 4549 ft: 12215 corp: 1111/33Kb lim: 116 exec/s: 8820 rss: 277Mb L: 25/116 MS: 2 ChangeBit-EraseBytes-
#44344	REDUCE cov: 4549 ft: 12216 corp: 1112/33Kb lim: 116 exec/s: 8868 rss: 278Mb L: 40/116 MS: 5 CopyPart-ChangeBinInt-CMP-CopyPart-ChangeByte- DE: "true\""-
#44530	REDUCE cov: 4549 ft: 12216 corp: 1112/33Kb lim: 116 exec/s: 8906 rss: 279Mb L: 22/116 MS: 1 EraseBytes-
#44552	REDUCE cov: 4549 ft: 12216 corp: 1112/33Kb lim: 116 exec/s: 8910 rss: 279Mb L: 21/116 MS: 2 ShuffleBytes-EraseBytes-
#44629	REDUCE cov: 4549 ft: 12216 corp: 1112/33Kb lim: 116 exec/s: 8925 rss: 280Mb L: 17/116 MS: 2 ChangeBinInt-EraseBytes-
#44876	NEW    cov: 4549 ft: 12217 corp: 1113/33Kb lim: 116 exec/s: 8975 rss: 281Mb L: 38/116 MS: 2 PersAutoDict-CMP- DE: "U])))"-"\000\000\000\000\000\000\000\377"-
#44882	REDUCE cov: 4549 ft: 12217 corp: 1113/33Kb lim: 116 exec/s: 8976 rss: 281Mb L: 39/116 MS: 1 EraseBytes-
#44953	NEW    cov: 4549 ft: 12220 corp: 1114/33Kb lim: 116 exec/s: 8990 rss: 281Mb L: 88/116 MS: 1 ChangeBit-
#45140	REDUCE cov: 4549 ft: 12220 corp: 1114/33Kb lim: 116 exec/s: 9028 rss: 282Mb L: 28/116 MS: 2 PersAutoDict-EraseBytes- DE: "\011\000"-
#45287	NEW    cov: 4549 ft: 12221 corp: 1115/33Kb lim: 116 exec/s: 9057 rss: 282Mb L: 55/116 MS: 2 ChangeBit-PersAutoDict- DE: "U])))"-
#45309	REDUCE cov: 4549 ft: 12221 corp: 1115/33Kb lim: 116 exec/s: 9061 rss: 283Mb L: 8/116 MS: 2 InsertByte-EraseBytes-
#45402	REDUCE cov: 4549 ft: 12221 corp: 1115/33Kb lim: 116 exec/s: 9080 rss: 283Mb L: 77/116 MS: 3 ChangeBit-PersAutoDict-EraseBytes- DE: "\003\000\000\000\000\000\000\000"-
#45504	REDUCE cov: 4549 ft: 12221 corp: 1115/33Kb lim: 116 exec/s: 9100 rss: 283Mb L: 41/116 MS: 2 InsertByte-EraseBytes-
#45516	REDUCE cov: 4549 ft: 12221 corp: 1115/33Kb lim: 116 exec/s: 9103 rss: 283Mb L: 32/116 MS: 2 ChangeBinInt-EraseBytes-
#45533	REDUCE cov: 4549 ft: 12221 corp: 1115/33Kb lim: 116 exec/s: 9106 rss: 283Mb L: 50/116 MS: 2 PersAutoDict-EraseBytes- DE: "\001\000\000\020"-
#45689	REDUCE cov: 4549 ft: 12221 corp: 1115/33Kb lim: 116 exec/s: 9137 rss: 284Mb L: 40/116 MS: 1 EraseBytes-
#45855	REDUCE cov: 4549 ft: 12221 corp: 1115/33Kb lim: 116 exec/s: 9171 rss: 285Mb L: 4/116 MS: 1 EraseBytes-
#45881	REDUCE cov: 4549 ft: 12221 corp: 1115/33Kb lim: 116 exec/s: 9176 rss: 285Mb L: 17/116 MS: 1 EraseBytes-
#45884	NEW    cov: 4549 ft: 12223 corp: 1116/33Kb lim: 116 exec/s: 9176 rss: 285Mb L: 10/116 MS: 3 PersAutoDict-ShuffleBytes-EraseBytes- DE: "\377;"-
#46064	NEW    cov: 4549 ft: 12224 corp: 1117/33Kb lim: 116 exec/s: 9212 rss: 286Mb L: 22/116 MS: 5 EraseBytes-CrossOver-CopyPart-EraseBytes-EraseBytes-
#46225	REDUCE cov: 4549 ft: 12224 corp: 1117/33Kb lim: 116 exec/s: 9245 rss: 286Mb L: 68/116 MS: 1 EraseBytes-
#46346	REDUCE cov: 4549 ft: 12224 corp: 1117/33Kb lim: 116 exec/s: 9269 rss: 287Mb L: 6/116 MS: 1 EraseBytes-
#46372	REDUCE cov: 4549 ft: 12224 corp: 1117/33Kb lim: 116 exec/s: 9274 rss: 287Mb L: 2/116 MS: 1 EraseBytes-
#46493	REDUCE cov: 4549 ft: 12224 corp: 1117/33Kb lim: 116 exec/s: 9298 rss: 288Mb L: 12/116 MS: 1 EraseBytes-
#46659	REDUCE cov: 4549 ft: 12225 corp: 1118/33Kb lim: 116 exec/s: 9331 rss: 288Mb L: 4/116 MS: 1 ChangeBinInt-
#46715	NEW    cov: 4553 ft: 12229 corp: 1119/33Kb lim: 116 exec/s: 9343 rss: 288Mb L: 2/116 MS: 1 EraseBytes-
#46732	REDUCE cov: 4553 ft: 12229 corp: 1119/33Kb lim: 116 exec/s: 9346 rss: 289Mb L: 36/116 MS: 2 ShuffleBytes-EraseBytes-
#46733	NEW    cov: 4553 ft: 12230 corp: 1120/33Kb lim: 116 exec/s: 9346 rss: 289Mb L: 69/116 MS: 1 CrossOver-
#46793	NEW    cov: 4553 ft: 12246 corp: 1121/33Kb lim: 116 exec/s: 9358 rss: 289Mb L: 7/116 MS: 5 EraseBytes-EraseBytes-EraseBytes-ChangeBit-CrossOver-
#46829	REDUCE cov: 4553 ft: 12246 corp: 1121/33Kb lim: 116 exec/s: 9365 rss: 289Mb L: 15/116 MS: 1 EraseBytes-
#46895	NEW    cov: 4553 ft: 12252 corp: 1122/33Kb lim: 116 exec/s: 9379 rss: 290Mb L: 73/116 MS: 1 CMP- DE: "\000\000\000\000"-
#46923	NEW    cov: 4553 ft: 12253 corp: 1123/33Kb lim: 116 exec/s: 9384 rss: 290Mb L: 78/116 MS: 3 ChangeByte-ChangeBit-PersAutoDict- DE: "\367\377\377\377"-
#47064	REDUCE cov: 4553 ft: 12253 corp: 1123/33Kb lim: 116 exec/s: 9412 rss: 290Mb L: 39/116 MS: 1 EraseBytes-
#47280	REDUCE cov: 4553 ft: 12253 corp: 1123/33Kb lim: 116 exec/s: 9456 rss: 291Mb L: 4/116 MS: 1 EraseBytes-
#47301	REDUCE cov: 4553 ft: 12253 corp: 1123/33Kb lim: 116 exec/s: 9460 rss: 291Mb L: 23/116 MS: 1 EraseBytes-
#47343	REDUCE cov: 4553 ft: 12253 corp: 1123/33Kb lim: 116 exec/s: 9468 rss: 291Mb L: 14/116 MS: 2 InsertByte-EraseBytes-
#47361	REDUCE cov: 4553 ft: 12253 corp: 1123/33Kb lim: 116 exec/s: 9472 rss: 292Mb L: 11/116 MS: 3 ChangeASCIIInt-ChangeBit-EraseBytes-
#47378	NEW    cov: 4553 ft: 12285 corp: 1124/33Kb lim: 116 exec/s: 9475 rss: 292Mb L: 37/116 MS: 2 ChangeByte-ChangeByte-
#47493	REDUCE cov: 4553 ft: 12301 corp: 1125/33Kb lim: 116 exec/s: 9498 rss: 292Mb L: 29/116 MS: 5 ShuffleBytes-ChangeByte-InsertRepeatedBytes-InsertByte-EraseBytes-
#47578	REDUCE cov: 4553 ft: 12301 corp: 1125/33Kb lim: 116 exec/s: 9515 rss: 293Mb L: 44/116 MS: 5 InsertByte-ChangeByte-ChangeByte-CopyPart-EraseBytes-
#47649	REDUCE cov: 4553 ft: 12301 corp: 1125/33Kb lim: 116 exec/s: 9529 rss: 293Mb L: 34/116 MS: 1 CrossOver-
#47705	REDUCE cov: 4553 ft: 12301 corp: 1125/33Kb lim: 116 exec/s: 9541 rss: 293Mb L: 33/116 MS: 1 EraseBytes-
#47764	NEW    cov: 4553 ft: 12307 corp: 1126/33Kb lim: 116 exec/s: 9552 rss: 294Mb L: 36/116 MS: 4 InsertByte-PersAutoDict-ShuffleBytes-CrossOver- DE: "\002\000\000\000\000\000\000\000"-
#47850	NEW    cov: 4553 ft: 12311 corp: 1127/33Kb lim: 116 exec/s: 9570 rss: 294Mb L: 73/116 MS: 1 CopyPart-
#47876	NEW    cov: 4553 ft: 12313 corp: 1128/33Kb lim: 116 exec/s: 9575 rss: 295Mb L: 77/116 MS: 1 CopyPart-
#48029	REDUCE cov: 4553 ft: 12313 corp: 1128/33Kb lim: 116 exec/s: 9605 rss: 301Mb L: 30/116 MS: 4 ShuffleBytes-ChangeByte-InsertRepeatedBytes-EraseBytes-
#48050	NEW    cov: 4555 ft: 12315 corp: 1129/33Kb lim: 116 exec/s: 9610 rss: 301Mb L: 3/116 MS: 1 EraseBytes-
#48111	REDUCE cov: 4555 ft: 12315 corp: 1129/33Kb lim: 116 exec/s: 9622 rss: 301Mb L: 21/116 MS: 1 EraseBytes-
#48127	REDUCE cov: 4555 ft: 12315 corp: 1129/33Kb lim: 116 exec/s: 9625 rss: 301Mb L: 17/116 MS: 1 EraseBytes-
#48158	REDUCE cov: 4555 ft: 12315 corp: 1129/33Kb lim: 116 exec/s: 9631 rss: 301Mb L: 24/116 MS: 1 EraseBytes-
#48185	NEW    cov: 4559 ft: 12322 corp: 1130/33Kb lim: 116 exec/s: 9637 rss: 301Mb L: 23/116 MS: 2 CrossOver-EraseBytes-
#48186	NEW    cov: 4561 ft: 12324 corp: 1131/33Kb lim: 116 exec/s: 8031 rss: 301Mb L: 23/116 MS: 1 EraseBytes-
#48234	REDUCE cov: 4561 ft: 12324 corp: 1131/33Kb lim: 116 exec/s: 8039 rss: 301Mb L: 53/116 MS: 3 CrossOver-PersAutoDict-EraseBytes- DE: "\013\000\000\000\000\000\000\200"-
#48300	REDUCE cov: 4561 ft: 12324 corp: 1131/33Kb lim: 116 exec/s: 8050 rss: 301Mb L: 19/116 MS: 1 EraseBytes-
#48371	REDUCE cov: 4561 ft: 12324 corp: 1131/33Kb lim: 116 exec/s: 8061 rss: 301Mb L: 53/116 MS: 1 EraseBytes-
#48379	NEW    cov: 4561 ft: 12325 corp: 1132/34Kb lim: 116 exec/s: 8063 rss: 301Mb L: 42/116 MS: 3 CMP-CopyPart-EraseBytes- DE: "9\000\000\000"-
#48455	REDUCE cov: 4561 ft: 12325 corp: 1132/33Kb lim: 116 exec/s: 8075 rss: 301Mb L: 37/116 MS: 1 EraseBytes-
#48511	REDUCE cov: 4561 ft: 12325 corp: 1132/33Kb lim: 116 exec/s: 8085 rss: 301Mb L: 4/116 MS: 1 EraseBytes-
#48692	REDUCE cov: 4561 ft: 12325 corp: 1132/33Kb lim: 116 exec/s: 8115 rss: 301Mb L: 70/116 MS: 1 EraseBytes-
#48704	REDUCE cov: 4561 ft: 12325 corp: 1132/33Kb lim: 116 exec/s: 8117 rss: 301Mb L: 63/116 MS: 2 ChangeASCIIInt-EraseBytes-
#48986	REDUCE cov: 4561 ft: 12325 corp: 1132/33Kb lim: 116 exec/s: 8164 rss: 301Mb L: 33/116 MS: 2 InsertByte-EraseBytes-
	NEW_FUNC[1/1]: 0x55d0fc7c90d0 in <serde_json::de::Deserializer<serde_json::read::StrRead>>::peek_error /home/meme/.cargo/registry/src/index.crates.io-1949cf8c6b5b557f/serde_json-1.0.151/src/de.rs:248
#49018	NEW    cov: 4568 ft: 12334 corp: 1133/34Kb lim: 116 exec/s: 8169 rss: 301Mb L: 50/116 MS: 2 InsertByte-EraseBytes-
#49044	REDUCE cov: 4568 ft: 12334 corp: 1133/34Kb lim: 116 exec/s: 8174 rss: 301Mb L: 96/116 MS: 1 EraseBytes-
#49117	REDUCE cov: 4568 ft: 12334 corp: 1133/34Kb lim: 116 exec/s: 8186 rss: 301Mb L: 18/116 MS: 3 ShuffleBytes-ChangeByte-EraseBytes-
#49189	REDUCE cov: 4568 ft: 12334 corp: 1133/34Kb lim: 116 exec/s: 8198 rss: 301Mb L: 12/116 MS: 2 ShuffleBytes-EraseBytes-
#49321	REDUCE cov: 4568 ft: 12334 corp: 1133/34Kb lim: 116 exec/s: 8220 rss: 301Mb L: 16/116 MS: 2 CrossOver-EraseBytes-
#49408	REDUCE cov: 4568 ft: 12334 corp: 1133/34Kb lim: 116 exec/s: 8234 rss: 301Mb L: 100/116 MS: 2 PersAutoDict-EraseBytes- DE: "\377\377\377\377"-
#49449	NEW    cov: 4568 ft: 12335 corp: 1134/34Kb lim: 116 exec/s: 8241 rss: 301Mb L: 31/116 MS: 1 CrossOver-
#49580	REDUCE cov: 4568 ft: 12335 corp: 1134/34Kb lim: 116 exec/s: 8263 rss: 301Mb L: 27/116 MS: 1 EraseBytes-
#49706	REDUCE cov: 4568 ft: 12335 corp: 1134/34Kb lim: 116 exec/s: 8284 rss: 301Mb L: 35/116 MS: 1 EraseBytes-
#49844	NEW    cov: 4568 ft: 12344 corp: 1135/34Kb lim: 116 exec/s: 8307 rss: 301Mb L: 23/116 MS: 3 EraseBytes-ShuffleBytes-CopyPart-
#49875	NEW    cov: 4569 ft: 12346 corp: 1136/34Kb lim: 116 exec/s: 8312 rss: 301Mb L: 69/116 MS: 1 InsertByte-
#49899	NEW    cov: 4569 ft: 12350 corp: 1137/34Kb lim: 116 exec/s: 8316 rss: 301Mb L: 26/116 MS: 4 ShuffleBytes-ChangeBinInt-ChangeASCIIInt-CrossOver-
#50090	REDUCE cov: 4569 ft: 12350 corp: 1137/34Kb lim: 116 exec/s: 8348 rss: 301Mb L: 47/116 MS: 1 EraseBytes-
#50190	REDUCE cov: 4569 ft: 12350 corp: 1137/34Kb lim: 116 exec/s: 8365 rss: 301Mb L: 56/116 MS: 5 CMP-ChangeByte-CopyPart-CrossOver-EraseBytes- DE: "\004\000\000\000\000\000\000\000"-
#50366	NEW    cov: 4569 ft: 12353 corp: 1138/34Kb lim: 116 exec/s: 8394 rss: 301Mb L: 46/116 MS: 1 ChangeBinInt-
#50392	NEW    cov: 4569 ft: 12358 corp: 1139/34Kb lim: 116 exec/s: 8398 rss: 301Mb L: 28/116 MS: 1 PersAutoDict- DE: "true\""-
#50405	REDUCE cov: 4569 ft: 12374 corp: 1140/34Kb lim: 116 exec/s: 8400 rss: 301Mb L: 97/116 MS: 3 ChangeASCIIInt-CopyPart-InsertByte-
#50491	REDUCE cov: 4569 ft: 12374 corp: 1140/34Kb lim: 116 exec/s: 8415 rss: 301Mb L: 12/116 MS: 1 EraseBytes-
#50682	REDUCE cov: 4569 ft: 12374 corp: 1140/34Kb lim: 116 exec/s: 8447 rss: 301Mb L: 62/116 MS: 1 EraseBytes-
#50712	REDUCE cov: 4569 ft: 12374 corp: 1140/34Kb lim: 116 exec/s: 8452 rss: 301Mb L: 11/116 MS: 5 ChangeBit-ChangeByte-ChangeByte-ChangeASCIIInt-EraseBytes-
#50903	NEW    cov: 4587 ft: 12406 corp: 1141/34Kb lim: 116 exec/s: 8483 rss: 301Mb L: 101/116 MS: 1 InsertByte-
#50954	REDUCE cov: 4587 ft: 12406 corp: 1141/34Kb lim: 116 exec/s: 8492 rss: 301Mb L: 49/116 MS: 1 EraseBytes-
#50990	REDUCE cov: 4587 ft: 12406 corp: 1141/34Kb lim: 116 exec/s: 8498 rss: 301Mb L: 76/116 MS: 1 EraseBytes-
#51011	REDUCE cov: 4587 ft: 12406 corp: 1141/34Kb lim: 116 exec/s: 8501 rss: 301Mb L: 22/116 MS: 1 EraseBytes-
#51047	REDUCE cov: 4587 ft: 12406 corp: 1141/34Kb lim: 116 exec/s: 8507 rss: 301Mb L: 21/116 MS: 1 EraseBytes-
#51103	REDUCE cov: 4587 ft: 12406 corp: 1141/34Kb lim: 116 exec/s: 8517 rss: 301Mb L: 68/116 MS: 1 EraseBytes-
#51260	NEW    cov: 4587 ft: 12408 corp: 1142/34Kb lim: 116 exec/s: 8543 rss: 301Mb L: 70/116 MS: 2 ChangeASCIIInt-CopyPart-
#51284	REDUCE cov: 4587 ft: 12408 corp: 1142/34Kb lim: 116 exec/s: 8547 rss: 301Mb L: 3/116 MS: 4 ChangeByte-CrossOver-CMP-EraseBytes- DE: " a"-
#51322	NEW    cov: 4590 ft: 12411 corp: 1143/34Kb lim: 116 exec/s: 8553 rss: 301Mb L: 5/116 MS: 3 PersAutoDict-ChangeByte-EraseBytes- DE: " a"-
#51383	REDUCE cov: 4590 ft: 12411 corp: 1143/34Kb lim: 116 exec/s: 8563 rss: 301Mb L: 16/116 MS: 1 EraseBytes-
#51386	REDUCE cov: 4590 ft: 12411 corp: 1143/34Kb lim: 116 exec/s: 8564 rss: 301Mb L: 56/116 MS: 3 ShuffleBytes-PersAutoDict-EraseBytes- DE: "Arue"-
#51407	REDUCE cov: 4590 ft: 12411 corp: 1143/34Kb lim: 116 exec/s: 8567 rss: 301Mb L: 24/116 MS: 1 EraseBytes-
#51498	REDUCE cov: 4590 ft: 12411 corp: 1143/34Kb lim: 116 exec/s: 8583 rss: 301Mb L: 38/116 MS: 1 EraseBytes-
#51519	REDUCE cov: 4590 ft: 12411 corp: 1143/34Kb lim: 116 exec/s: 8586 rss: 301Mb L: 19/116 MS: 1 EraseBytes-
#51635	REDUCE cov: 4590 ft: 12411 corp: 1143/34Kb lim: 116 exec/s: 8605 rss: 301Mb L: 27/116 MS: 1 EraseBytes-
#51651	NEW    cov: 4590 ft: 12412 corp: 1144/34Kb lim: 116 exec/s: 8608 rss: 301Mb L: 36/116 MS: 1 InsertByte-
#51688	REDUCE cov: 4590 ft: 12412 corp: 1144/34Kb lim: 116 exec/s: 8614 rss: 301Mb L: 21/116 MS: 2 ShuffleBytes-EraseBytes-
#51844	NEW    cov: 4590 ft: 12416 corp: 1145/34Kb lim: 116 exec/s: 8640 rss: 301Mb L: 116/116 MS: 1 InsertRepeatedBytes-
#51866	NEW    cov: 4590 ft: 12422 corp: 1146/34Kb lim: 116 exec/s: 8644 rss: 301Mb L: 92/116 MS: 2 CMP-InsertRepeatedBytes- DE: "\026\000"-
#52147	REDUCE cov: 4590 ft: 12422 corp: 1146/34Kb lim: 116 exec/s: 8691 rss: 301Mb L: 36/116 MS: 1 EraseBytes-
#52319	REDUCE cov: 4590 ft: 12422 corp: 1146/34Kb lim: 116 exec/s: 8719 rss: 301Mb L: 54/116 MS: 2 CopyPart-EraseBytes-
#52370	REDUCE cov: 4590 ft: 12422 corp: 1146/34Kb lim: 116 exec/s: 8728 rss: 301Mb L: 20/116 MS: 1 EraseBytes-
#52436	REDUCE cov: 4590 ft: 12422 corp: 1146/34Kb lim: 116 exec/s: 8739 rss: 301Mb L: 18/116 MS: 1 EraseBytes-
#52439	NEW    cov: 4592 ft: 12424 corp: 1147/34Kb lim: 116 exec/s: 8739 rss: 301Mb L: 7/116 MS: 3 CrossOver-ShuffleBytes-EraseBytes-
#52471	REDUCE cov: 4592 ft: 12424 corp: 1147/34Kb lim: 116 exec/s: 8745 rss: 301Mb L: 21/116 MS: 2 ShuffleBytes-EraseBytes-
#52607	NEW    cov: 4592 ft: 12429 corp: 1148/34Kb lim: 116 exec/s: 8767 rss: 301Mb L: 34/116 MS: 1 CopyPart-
#52651	REDUCE cov: 4592 ft: 12429 corp: 1148/34Kb lim: 116 exec/s: 8775 rss: 301Mb L: 11/116 MS: 4 InsertByte-InsertByte-EraseBytes-CopyPart-
#52682	REDUCE cov: 4592 ft: 12429 corp: 1148/34Kb lim: 116 exec/s: 8780 rss: 301Mb L: 3/116 MS: 1 EraseBytes-
#52783	REDUCE cov: 4592 ft: 12429 corp: 1148/34Kb lim: 116 exec/s: 8797 rss: 301Mb L: 14/116 MS: 1 EraseBytes-
#52801	NEW    cov: 4592 ft: 12430 corp: 1149/34Kb lim: 116 exec/s: 8800 rss: 301Mb L: 29/116 MS: 3 EraseBytes-PersAutoDict-CrossOver- DE: "\000\000\000\000\000\000\000\000"-
#53132	NEW    cov: 4592 ft: 12433 corp: 1150/34Kb lim: 116 exec/s: 8855 rss: 301Mb L: 101/116 MS: 1 CopyPart-
#53200	REDUCE cov: 4592 ft: 12433 corp: 1150/34Kb lim: 116 exec/s: 8866 rss: 301Mb L: 10/116 MS: 3 ShuffleBytes-ChangeBinInt-EraseBytes-
#53346	REDUCE cov: 4592 ft: 12433 corp: 1150/34Kb lim: 116 exec/s: 8891 rss: 301Mb L: 54/116 MS: 1 EraseBytes-
#53357	REDUCE cov: 4592 ft: 12433 corp: 1150/34Kb lim: 116 exec/s: 8892 rss: 301Mb L: 34/116 MS: 1 EraseBytes-
#53403	NEW    cov: 4592 ft: 12438 corp: 1151/34Kb lim: 116 exec/s: 8900 rss: 301Mb L: 17/116 MS: 1 ChangeByte-
#53496	NEW    cov: 4592 ft: 12446 corp: 1152/34Kb lim: 116 exec/s: 8916 rss: 301Mb L: 73/116 MS: 3 CMP-ChangeBinInt-ChangeBit- DE: "\000\000\000\000\000\000\000\037"-
#53632	NEW    cov: 4592 ft: 12447 corp: 1153/34Kb lim: 116 exec/s: 8938 rss: 301Mb L: 54/116 MS: 1 PersAutoDict- DE: "\377\377\377+"-
#53634	REDUCE cov: 4592 ft: 12447 corp: 1153/34Kb lim: 116 exec/s: 8939 rss: 301Mb L: 9/116 MS: 2 ShuffleBytes-EraseBytes-
#53672	NEW    cov: 4592 ft: 12451 corp: 1154/34Kb lim: 116 exec/s: 8945 rss: 301Mb L: 54/116 MS: 3 ShuffleBytes-CopyPart-CrossOver-
#53688	REDUCE cov: 4592 ft: 12451 corp: 1154/34Kb lim: 116 exec/s: 8948 rss: 301Mb L: 45/116 MS: 1 EraseBytes-
#53716	NEW    cov: 4592 ft: 12452 corp: 1155/34Kb lim: 116 exec/s: 8952 rss: 301Mb L: 24/116 MS: 3 ChangeASCIIInt-ChangeBit-ShuffleBytes-
#53732	REDUCE cov: 4592 ft: 12452 corp: 1155/34Kb lim: 116 exec/s: 8955 rss: 301Mb L: 17/116 MS: 1 EraseBytes-
#53818	REDUCE cov: 4592 ft: 12452 corp: 1155/34Kb lim: 116 exec/s: 8969 rss: 301Mb L: 38/116 MS: 1 EraseBytes-
#53925	NEW    cov: 4592 ft: 12468 corp: 1156/34Kb lim: 116 exec/s: 8987 rss: 301Mb L: 25/116 MS: 2 ShuffleBytes-EraseBytes-
#54136	REDUCE cov: 4592 ft: 12468 corp: 1156/34Kb lim: 116 exec/s: 9022 rss: 301Mb L: 2/116 MS: 1 EraseBytes-
#54332	REDUCE cov: 4592 ft: 12468 corp: 1156/34Kb lim: 116 exec/s: 9055 rss: 301Mb L: 23/116 MS: 1 EraseBytes-
#54609	REDUCE cov: 4592 ft: 12468 corp: 1156/34Kb lim: 116 exec/s: 9101 rss: 301Mb L: 104/116 MS: 2 PersAutoDict-EraseBytes- DE: "\000\000\000\000"-
#54732	NEW    cov: 4594 ft: 12470 corp: 1157/34Kb lim: 116 exec/s: 9122 rss: 301Mb L: 27/116 MS: 3 ChangeBinInt-ChangeASCIIInt-EraseBytes-
#54815	REDUCE cov: 4594 ft: 12470 corp: 1157/34Kb lim: 116 exec/s: 9135 rss: 301Mb L: 8/116 MS: 3 ChangeBinInt-ChangeBit-EraseBytes-
#55071	REDUCE cov: 4594 ft: 12470 corp: 1157/34Kb lim: 116 exec/s: 9178 rss: 301Mb L: 63/116 MS: 1 EraseBytes-
#55137	REDUCE cov: 4594 ft: 12470 corp: 1157/34Kb lim: 116 exec/s: 9189 rss: 301Mb L: 40/116 MS: 1 EraseBytes-
#55153	REDUCE cov: 4594 ft: 12470 corp: 1157/34Kb lim: 116 exec/s: 9192 rss: 301Mb L: 21/116 MS: 1 EraseBytes-
#55154	REDUCE cov: 4594 ft: 12470 corp: 1157/34Kb lim: 116 exec/s: 9192 rss: 301Mb L: 35/116 MS: 1 EraseBytes-
#55481	REDUCE cov: 4594 ft: 12470 corp: 1157/34Kb lim: 116 exec/s: 9246 rss: 301Mb L: 36/116 MS: 2 CopyPart-EraseBytes-
#55662	NEW    cov: 4615 ft: 12546 corp: 1158/34Kb lim: 116 exec/s: 9277 rss: 301Mb L: 79/116 MS: 1 InsertRepeatedBytes-
#55800	REDUCE cov: 4615 ft: 12546 corp: 1158/34Kb lim: 116 exec/s: 9300 rss: 301Mb L: 21/116 MS: 3 CopyPart-ChangeBinInt-EraseBytes-
#55808	REDUCE cov: 4615 ft: 12546 corp: 1158/34Kb lim: 116 exec/s: 9301 rss: 301Mb L: 36/116 MS: 3 PersAutoDict-EraseBytes-PersAutoDict- DE: "\377\377\377\377\377\377\377\377"-"U]i\000t"-
#55885	REDUCE cov: 4617 ft: 12554 corp: 1159/34Kb lim: 116 exec/s: 9314 rss: 301Mb L: 44/116 MS: 2 ChangeBit-InsertRepeatedBytes-
#55961	REDUCE cov: 4617 ft: 12554 corp: 1159/34Kb lim: 116 exec/s: 9326 rss: 301Mb L: 55/116 MS: 1 EraseBytes-
#56048	REDUCE cov: 4617 ft: 12554 corp: 1159/34Kb lim: 116 exec/s: 9341 rss: 301Mb L: 59/116 MS: 2 ChangeASCIIInt-CrossOver-
#56146	REDUCE cov: 4617 ft: 12570 corp: 1160/34Kb lim: 116 exec/s: 9357 rss: 301Mb L: 41/116 MS: 3 ShuffleBytes-CopyPart-EraseBytes-
#56152	REDUCE cov: 4617 ft: 12570 corp: 1160/34Kb lim: 116 exec/s: 9358 rss: 301Mb L: 27/116 MS: 1 EraseBytes-
#56285	REDUCE cov: 4617 ft: 12570 corp: 1160/34Kb lim: 116 exec/s: 9380 rss: 301Mb L: 29/116 MS: 3 ChangeBit-ChangeASCIIInt-EraseBytes-
#56352	REDUCE cov: 4617 ft: 12570 corp: 1160/34Kb lim: 116 exec/s: 9392 rss: 301Mb L: 20/116 MS: 2 InsertByte-EraseBytes-
#56409	REDUCE cov: 4617 ft: 12574 corp: 1161/34Kb lim: 116 exec/s: 9401 rss: 301Mb L: 25/116 MS: 2 ShuffleBytes-PersAutoDict- DE: "\026\000\000\000"-
#56450	REDUCE cov: 4617 ft: 12574 corp: 1161/34Kb lim: 116 exec/s: 9408 rss: 301Mb L: 12/116 MS: 1 EraseBytes-
#56476	REDUCE cov: 4617 ft: 12574 corp: 1161/34Kb lim: 116 exec/s: 9412 rss: 301Mb L: 41/116 MS: 1 EraseBytes-
#56553	REDUCE cov: 4617 ft: 12574 corp: 1161/34Kb lim: 116 exec/s: 9425 rss: 301Mb L: 27/116 MS: 2 ShuffleBytes-EraseBytes-
#56564	NEW    cov: 4621 ft: 12578 corp: 1162/34Kb lim: 116 exec/s: 9427 rss: 301Mb L: 11/116 MS: 1 CrossOver-
#56693	REDUCE cov: 4621 ft: 12578 corp: 1162/34Kb lim: 116 exec/s: 9448 rss: 301Mb L: 19/116 MS: 4 ChangeASCIIInt-InsertByte-ChangeBit-EraseBytes-
#56714	REDUCE cov: 4621 ft: 12578 corp: 1162/34Kb lim: 116 exec/s: 9452 rss: 301Mb L: 30/116 MS: 1 EraseBytes-
#56806	REDUCE cov: 4621 ft: 12578 corp: 1162/34Kb lim: 116 exec/s: 9467 rss: 301Mb L: 30/116 MS: 2 ChangeBit-EraseBytes-
#56953	NEW    cov: 4621 ft: 12583 corp: 1163/34Kb lim: 116 exec/s: 9492 rss: 301Mb L: 21/116 MS: 2 ShuffleBytes-EraseBytes-
#56959	NEW    cov: 4621 ft: 12587 corp: 1164/34Kb lim: 116 exec/s: 9493 rss: 301Mb L: 24/116 MS: 1 InsertByte-
#57176	REDUCE cov: 4621 ft: 12587 corp: 1164/34Kb lim: 116 exec/s: 9529 rss: 301Mb L: 25/116 MS: 2 ShuffleBytes-CrossOver-
#57218	REDUCE cov: 4621 ft: 12587 corp: 1164/34Kb lim: 116 exec/s: 9536 rss: 301Mb L: 29/116 MS: 2 InsertByte-EraseBytes-
#57310	REDUCE cov: 4621 ft: 12594 corp: 1165/34Kb lim: 116 exec/s: 9551 rss: 301Mb L: 42/116 MS: 2 CrossOver-CrossOver-
#57442	REDUCE cov: 4621 ft: 12606 corp: 1166/34Kb lim: 116 exec/s: 9573 rss: 301Mb L: 13/116 MS: 2 ChangeASCIIInt-EraseBytes-
#57633	REDUCE cov: 4621 ft: 12606 corp: 1166/34Kb lim: 116 exec/s: 9605 rss: 301Mb L: 53/116 MS: 1 EraseBytes-
#57704	REDUCE cov: 4621 ft: 12606 corp: 1166/34Kb lim: 116 exec/s: 9617 rss: 301Mb L: 12/116 MS: 1 EraseBytes-
#57879	REDUCE cov: 4621 ft: 12606 corp: 1166/34Kb lim: 116 exec/s: 9646 rss: 301Mb L: 18/116 MS: 5 ChangeBinInt-ChangeASCIIInt-ChangeBinInt-EraseBytes-InsertByte-
#57952	REDUCE cov: 4621 ft: 12606 corp: 1166/34Kb lim: 116 exec/s: 9658 rss: 301Mb L: 48/116 MS: 3 InsertRepeatedBytes-ChangeBinInt-EraseBytes-
#58309	REDUCE cov: 4621 ft: 12606 corp: 1166/34Kb lim: 116 exec/s: 9718 rss: 301Mb L: 44/116 MS: 2 CopyPart-EraseBytes-
#58317	REDUCE cov: 4621 ft: 12606 corp: 1166/34Kb lim: 116 exec/s: 9719 rss: 301Mb L: 48/116 MS: 3 CrossOver-EraseBytes-EraseBytes-
#58388	REDUCE cov: 4621 ft: 12606 corp: 1166/34Kb lim: 116 exec/s: 9731 rss: 301Mb L: 55/116 MS: 1 EraseBytes-
#58431	NEW    cov: 4621 ft: 12607 corp: 1167/34Kb lim: 116 exec/s: 9738 rss: 301Mb L: 37/116 MS: 3 PersAutoDict-ChangeBit-EraseBytes- DE: "\377;"-
#58480	REDUCE cov: 4621 ft: 12607 corp: 1167/34Kb lim: 116 exec/s: 9746 rss: 301Mb L: 51/116 MS: 4 CrossOver-CopyPart-PersAutoDict-EraseBytes- DE: "\026\000\000\000"-
#58586	REDUCE cov: 4621 ft: 12607 corp: 1167/34Kb lim: 116 exec/s: 9764 rss: 301Mb L: 14/116 MS: 1 EraseBytes-
#59267	REDUCE cov: 4621 ft: 12609 corp: 1168/35Kb lim: 122 exec/s: 9877 rss: 301Mb L: 104/116 MS: 1 ChangeByte-
#59353	REDUCE cov: 4621 ft: 12611 corp: 1169/35Kb lim: 122 exec/s: 9892 rss: 301Mb L: 44/116 MS: 1 ChangeBit-
#59542	REDUCE cov: 4621 ft: 12611 corp: 1169/35Kb lim: 122 exec/s: 9923 rss: 301Mb L: 32/116 MS: 4 CopyPart-ShuffleBytes-EraseBytes-InsertByte-
#59558	REDUCE cov: 4621 ft: 12619 corp: 1170/35Kb lim: 122 exec/s: 9926 rss: 301Mb L: 46/116 MS: 1 ChangeBinInt-
#59829	NEW    cov: 4621 ft: 12663 corp: 1171/35Kb lim: 122 exec/s: 9971 rss: 301Mb L: 46/116 MS: 1 CMP- DE: "\002\000\000\000\000\000\000\000"-
#59847	REDUCE cov: 4621 ft: 12663 corp: 1171/35Kb lim: 122 exec/s: 9974 rss: 301Mb L: 26/116 MS: 3 ShuffleBytes-ShuffleBytes-EraseBytes-
#59903	NEW    cov: 4622 ft: 12664 corp: 1172/35Kb lim: 122 exec/s: 9983 rss: 301Mb L: 85/116 MS: 1 InsertRepeatedBytes-
#60047	REDUCE cov: 4622 ft: 12666 corp: 1173/35Kb lim: 122 exec/s: 10007 rss: 301Mb L: 69/116 MS: 4 InsertByte-ChangeByte-ChangeByte-CopyPart-
#60128	REDUCE cov: 4622 ft: 12666 corp: 1173/35Kb lim: 122 exec/s: 10021 rss: 301Mb L: 20/116 MS: 1 EraseBytes-
#60183	NEW    cov: 4622 ft: 12670 corp: 1174/35Kb lim: 122 exec/s: 10030 rss: 301Mb L: 24/116 MS: 5 InsertByte-CMP-ShuffleBytes-ShuffleBytes-EraseBytes- DE: "\000\000\000\373"-
#60389	REDUCE cov: 4622 ft: 12670 corp: 1174/35Kb lim: 122 exec/s: 10064 rss: 301Mb L: 16/116 MS: 1 EraseBytes-
#60410	NEW    cov: 4622 ft: 12671 corp: 1175/35Kb lim: 122 exec/s: 10068 rss: 301Mb L: 23/116 MS: 1 CopyPart-
#60415	REDUCE cov: 4622 ft: 12671 corp: 1175/35Kb lim: 122 exec/s: 10069 rss: 301Mb L: 37/116 MS: 5 ShuffleBytes-ShuffleBytes-ChangeByte-CrossOver-EraseBytes-
#60491	REDUCE cov: 4622 ft: 12671 corp: 1175/35Kb lim: 122 exec/s: 10081 rss: 301Mb L: 15/116 MS: 1 EraseBytes-
#60582	REDUCE cov: 4622 ft: 12671 corp: 1175/35Kb lim: 122 exec/s: 10097 rss: 301Mb L: 73/116 MS: 1 EraseBytes-
#60593	NEW    cov: 4622 ft: 12672 corp: 1176/35Kb lim: 122 exec/s: 10098 rss: 301Mb L: 8/116 MS: 1 EraseBytes-
#60669	REDUCE cov: 4622 ft: 12672 corp: 1176/35Kb lim: 122 exec/s: 10111 rss: 301Mb L: 70/116 MS: 1 EraseBytes-
#60706	NEW    cov: 4622 ft: 12673 corp: 1177/35Kb lim: 122 exec/s: 10117 rss: 301Mb L: 79/116 MS: 2 ChangeBit-CMP- DE: "\036\000\000\000\000\000\000\000"-
#60732	REDUCE cov: 4622 ft: 12673 corp: 1177/35Kb lim: 122 exec/s: 10122 rss: 301Mb L: 10/116 MS: 1 EraseBytes-
#60738	REDUCE cov: 4622 ft: 12673 corp: 1177/35Kb lim: 122 exec/s: 10123 rss: 301Mb L: 43/116 MS: 1 CrossOver-
#60776	NEW    cov: 4622 ft: 12674 corp: 1178/35Kb lim: 122 exec/s: 10129 rss: 301Mb L: 26/116 MS: 3 ChangeBinInt-ShuffleBytes-CrossOver-
#60832	REDUCE cov: 4622 ft: 12674 corp: 1178/35Kb lim: 122 exec/s: 10138 rss: 301Mb L: 23/116 MS: 1 EraseBytes-
#60899	REDUCE cov: 4622 ft: 12684 corp: 1179/35Kb lim: 122 exec/s: 10149 rss: 301Mb L: 58/116 MS: 2 ChangeBit-InsertRepeatedBytes-
#60941	REDUCE cov: 4622 ft: 12684 corp: 1179/35Kb lim: 122 exec/s: 10156 rss: 301Mb L: 17/116 MS: 2 ChangeBinInt-EraseBytes-
#61066	REDUCE cov: 4622 ft: 12684 corp: 1179/35Kb lim: 122 exec/s: 10177 rss: 301Mb L: 31/116 MS: 5 ShuffleBytes-ChangeByte-ChangeASCIIInt-ChangeByte-EraseBytes-
#61251	REDUCE cov: 4622 ft: 12684 corp: 1179/35Kb lim: 122 exec/s: 10208 rss: 301Mb L: 8/116 MS: 5 ChangeASCIIInt-ChangeBinInt-ChangeBinInt-ChangeASCIIInt-EraseBytes-
#61292	NEW    cov: 4622 ft: 12705 corp: 1180/35Kb lim: 122 exec/s: 10215 rss: 301Mb L: 82/116 MS: 1 InsertRepeatedBytes-
#61418	REDUCE cov: 4622 ft: 12705 corp: 1180/35Kb lim: 122 exec/s: 10236 rss: 301Mb L: 67/116 MS: 1 EraseBytes-
#61474	REDUCE cov: 4622 ft: 12705 corp: 1180/35Kb lim: 122 exec/s: 10245 rss: 301Mb L: 12/116 MS: 1 EraseBytes-
#61565	REDUCE cov: 4622 ft: 12705 corp: 1180/35Kb lim: 122 exec/s: 10260 rss: 301Mb L: 19/116 MS: 1 EraseBytes-
#61758	REDUCE cov: 4622 ft: 12705 corp: 1180/35Kb lim: 122 exec/s: 10293 rss: 301Mb L: 52/116 MS: 3 CrossOver-ChangeASCIIInt-EraseBytes-
#62010	NEW    cov: 4622 ft: 12708 corp: 1181/35Kb lim: 122 exec/s: 10335 rss: 301Mb L: 15/116 MS: 2 CMP-PersAutoDict- DE: "t'ue"-" a"-
#62027	REDUCE cov: 4622 ft: 12709 corp: 1182/35Kb lim: 122 exec/s: 10337 rss: 301Mb L: 76/116 MS: 2 ShuffleBytes-InsertRepeatedBytes-
#62048	NEW    cov: 4622 ft: 12713 corp: 1183/35Kb lim: 122 exec/s: 10341 rss: 301Mb L: 43/116 MS: 1 EraseBytes-
#62100	REDUCE cov: 4622 ft: 12713 corp: 1183/35Kb lim: 122 exec/s: 10350 rss: 301Mb L: 48/116 MS: 2 ShuffleBytes-EraseBytes-
#62151	NEW    cov: 4622 ft: 12715 corp: 1184/35Kb lim: 122 exec/s: 10358 rss: 301Mb L: 98/116 MS: 1 InsertRepeatedBytes-
#62253	REDUCE cov: 4622 ft: 12715 corp: 1184/35Kb lim: 122 exec/s: 10375 rss: 301Mb L: 36/116 MS: 2 ChangeBinInt-EraseBytes-
#62274	NEW    cov: 4622 ft: 12718 corp: 1185/35Kb lim: 122 exec/s: 10379 rss: 301Mb L: 15/116 MS: 1 CMP- DE: "false\""-
#62313	NEW    cov: 4622 ft: 12724 corp: 1186/35Kb lim: 122 exec/s: 10385 rss: 301Mb L: 14/116 MS: 4 InsertByte-CopyPart-ChangeBit-ChangeBinInt-
#62493	REDUCE cov: 4622 ft: 12724 corp: 1186/35Kb lim: 122 exec/s: 10415 rss: 301Mb L: 35/116 MS: 5 ChangeBinInt-ShuffleBytes-PersAutoDict-ChangeASCIIInt-EraseBytes- DE: "fae"-
#62570	REDUCE cov: 4622 ft: 12724 corp: 1186/35Kb lim: 122 exec/s: 10428 rss: 301Mb L: 19/116 MS: 2 ChangeBit-EraseBytes-
#62746	REDUCE cov: 4622 ft: 12724 corp: 1186/35Kb lim: 122 exec/s: 8963 rss: 301Mb L: 38/116 MS: 1 EraseBytes-
#62792	NEW    cov: 4622 ft: 12727 corp: 1187/35Kb lim: 122 exec/s: 8970 rss: 301Mb L: 15/116 MS: 1 EraseBytes-
#62900	REDUCE cov: 4625 ft: 12733 corp: 1188/35Kb lim: 122 exec/s: 8985 rss: 301Mb L: 9/116 MS: 3 ChangeBinInt-ChangeASCIIInt-EraseBytes-
#62921	REDUCE cov: 4625 ft: 12733 corp: 1188/35Kb lim: 122 exec/s: 8988 rss: 301Mb L: 39/116 MS: 1 EraseBytes-
#63032	NEW    cov: 4625 ft: 12736 corp: 1189/35Kb lim: 122 exec/s: 9004 rss: 301Mb L: 79/116 MS: 1 ChangeByte-
#63043	REDUCE cov: 4625 ft: 12736 corp: 1189/35Kb lim: 122 exec/s: 9006 rss: 301Mb L: 14/116 MS: 1 EraseBytes-
#63080	REDUCE cov: 4625 ft: 12736 corp: 1189/35Kb lim: 122 exec/s: 9011 rss: 301Mb L: 9/116 MS: 2 CopyPart-EraseBytes-
#63091	REDUCE cov: 4625 ft: 12736 corp: 1189/35Kb lim: 122 exec/s: 9013 rss: 301Mb L: 66/116 MS: 1 EraseBytes-
#63102	NEW    cov: 4625 ft: 12744 corp: 1190/35Kb lim: 122 exec/s: 9014 rss: 301Mb L: 58/116 MS: 1 PersAutoDict- DE: "\377\377\377\377\377\377\377\000"-
#63103	NEW    cov: 4625 ft: 12746 corp: 1191/35Kb lim: 122 exec/s: 9014 rss: 301Mb L: 66/116 MS: 1 CrossOver-
#63105	REDUCE cov: 4625 ft: 12746 corp: 1191/35Kb lim: 122 exec/s: 9015 rss: 301Mb L: 30/116 MS: 2 ShuffleBytes-EraseBytes-
#63146	REDUCE cov: 4625 ft: 12746 corp: 1191/35Kb lim: 122 exec/s: 9020 rss: 301Mb L: 17/116 MS: 1 EraseBytes-
#63217	REDUCE cov: 4625 ft: 12746 corp: 1191/35Kb lim: 122 exec/s: 9031 rss: 301Mb L: 20/116 MS: 1 EraseBytes-
#63224	REDUCE cov: 4625 ft: 12746 corp: 1191/35Kb lim: 122 exec/s: 9032 rss: 301Mb L: 24/116 MS: 2 PersAutoDict-EraseBytes- DE: "\002\000\000\000\000\000\000\000"-
#63399	REDUCE cov: 4625 ft: 12746 corp: 1191/35Kb lim: 122 exec/s: 9057 rss: 301Mb L: 33/116 MS: 5 ChangeByte-InsertRepeatedBytes-InsertByte-EraseBytes-EraseBytes-
#63402	REDUCE cov: 4625 ft: 12746 corp: 1191/35Kb lim: 122 exec/s: 9057 rss: 301Mb L: 12/116 MS: 3 ShuffleBytes-ChangeBit-EraseBytes-
#63550	NEW    cov: 4625 ft: 12747 corp: 1192/35Kb lim: 122 exec/s: 9078 rss: 301Mb L: 92/116 MS: 3 ChangeBinInt-PersAutoDict-CrossOver- DE: "tr;e"-
#63551	REDUCE cov: 4625 ft: 12747 corp: 1192/35Kb lim: 122 exec/s: 9078 rss: 301Mb L: 25/116 MS: 1 EraseBytes-
#63587	NEW    cov: 4657 ft: 12779 corp: 1193/36Kb lim: 122 exec/s: 9083 rss: 301Mb L: 43/116 MS: 1 PersAutoDict- DE: "\015\000\000\000\000\000\000\000"-
#63598	REDUCE cov: 4657 ft: 12779 corp: 1193/36Kb lim: 122 exec/s: 9085 rss: 301Mb L: 65/116 MS: 1 EraseBytes-
#63620	REDUCE cov: 4657 ft: 12781 corp: 1194/36Kb lim: 122 exec/s: 9088 rss: 301Mb L: 21/116 MS: 2 PersAutoDict-PersAutoDict- DE: "t'ue"-"true\""-
#63772	REDUCE cov: 4657 ft: 12781 corp: 1194/36Kb lim: 122 exec/s: 9110 rss: 301Mb L: 61/116 MS: 2 EraseBytes-InsertByte-
#63810	REDUCE cov: 4657 ft: 12781 corp: 1194/35Kb lim: 122 exec/s: 9115 rss: 301Mb L: 35/116 MS: 3 InsertByte-CopyPart-EraseBytes-
#63823	REDUCE cov: 4657 ft: 12781 corp: 1194/35Kb lim: 122 exec/s: 9117 rss: 301Mb L: 30/116 MS: 3 CMP-PersAutoDict-EraseBytes- DE: "frue"-"t'ue"-
#63944	REDUCE cov: 4657 ft: 12781 corp: 1194/35Kb lim: 122 exec/s: 9134 rss: 301Mb L: 33/116 MS: 1 EraseBytes-
#64005	REDUCE cov: 4657 ft: 12781 corp: 1194/35Kb lim: 122 exec/s: 9143 rss: 301Mb L: 41/116 MS: 1 EraseBytes-
#64050	NEW    cov: 4657 ft: 12782 corp: 1195/36Kb lim: 122 exec/s: 9150 rss: 301Mb L: 52/116 MS: 5 ShuffleBytes-CopyPart-ChangeBinInt-ShuffleBytes-CrossOver-
#64118	REDUCE cov: 4657 ft: 12783 corp: 1196/36Kb lim: 122 exec/s: 9159 rss: 301Mb L: 17/116 MS: 3 PersAutoDict-ChangeBit-CrossOver- DE: "\367\377\377\377"-
#64209	REDUCE cov: 4657 ft: 12783 corp: 1196/36Kb lim: 122 exec/s: 9172 rss: 301Mb L: 19/116 MS: 1 EraseBytes-
#64348	REDUCE cov: 4657 ft: 12783 corp: 1196/36Kb lim: 122 exec/s: 9192 rss: 301Mb L: 29/116 MS: 4 EraseBytes-CrossOver-CopyPart-ChangeBinInt-
#64409	REDUCE cov: 4657 ft: 12783 corp: 1196/35Kb lim: 122 exec/s: 9201 rss: 301Mb L: 35/116 MS: 1 EraseBytes-
#64473	NEW    cov: 4658 ft: 12785 corp: 1197/36Kb lim: 122 exec/s: 9210 rss: 301Mb L: 122/122 MS: 4 PersAutoDict-InsertRepeatedBytes-CopyPart-CopyPart- DE: "#\000\000\000\000\000\000\000"-
#64495	REDUCE cov: 4658 ft: 12786 corp: 1198/36Kb lim: 122 exec/s: 9213 rss: 301Mb L: 29/122 MS: 2 CrossOver-PersAutoDict- DE: " a"-
#64571	REDUCE cov: 4658 ft: 12802 corp: 1199/36Kb lim: 122 exec/s: 9224 rss: 301Mb L: 23/122 MS: 1 EraseBytes-
#64683	REDUCE cov: 4658 ft: 12802 corp: 1199/36Kb lim: 122 exec/s: 9240 rss: 301Mb L: 7/122 MS: 2 ShuffleBytes-EraseBytes-
#64686	REDUCE cov: 4658 ft: 12802 corp: 1199/36Kb lim: 122 exec/s: 9240 rss: 301Mb L: 35/122 MS: 3 PersAutoDict-ChangeBit-CrossOver- DE: "1\000\000\000\000\000\000\000"-
#64762	REDUCE cov: 4658 ft: 12802 corp: 1199/36Kb lim: 122 exec/s: 9251 rss: 301Mb L: 38/122 MS: 1 EraseBytes-
#64799	NEW    cov: 4658 ft: 12803 corp: 1200/36Kb lim: 122 exec/s: 9257 rss: 301Mb L: 15/122 MS: 2 ChangeASCIIInt-EraseBytes-
#65005	REDUCE cov: 4658 ft: 12803 corp: 1200/36Kb lim: 122 exec/s: 9286 rss: 301Mb L: 73/122 MS: 1 EraseBytes-
#65026	REDUCE cov: 4658 ft: 12803 corp: 1200/36Kb lim: 122 exec/s: 9289 rss: 301Mb L: 35/122 MS: 1 EraseBytes-
#65116	REDUCE cov: 4658 ft: 12803 corp: 1200/36Kb lim: 122 exec/s: 9302 rss: 301Mb L: 8/122 MS: 5 PersAutoDict-ChangeByte-EraseBytes-EraseBytes-ChangeBit- DE: "\004\000\000\000\000\000\000\000"-
#65211	REDUCE cov: 4658 ft: 12803 corp: 1200/36Kb lim: 122 exec/s: 9315 rss: 301Mb L: 102/122 MS: 5 InsertRepeatedBytes-EraseBytes-PersAutoDict-CrossOver-EraseBytes- DE: "true\""-
#65329	REDUCE cov: 4658 ft: 12803 corp: 1200/36Kb lim: 122 exec/s: 9332 rss: 301Mb L: 2/122 MS: 3 ChangeASCIIInt-EraseBytes-EraseBytes-
#65475	REDUCE cov: 4658 ft: 12803 corp: 1200/36Kb lim: 122 exec/s: 9353 rss: 301Mb L: 20/122 MS: 1 EraseBytes-
#65517	REDUCE cov: 4658 ft: 12803 corp: 1200/36Kb lim: 122 exec/s: 9359 rss: 301Mb L: 67/122 MS: 2 ChangeByte-EraseBytes-
#65536	pulse  cov: 4658 ft: 12803 corp: 1200/36Kb lim: 122 exec/s: 9362 rss: 301Mb
#65733	REDUCE cov: 4658 ft: 12803 corp: 1200/36Kb lim: 122 exec/s: 9390 rss: 301Mb L: 20/122 MS: 1 EraseBytes-
#65829	REDUCE cov: 4658 ft: 12803 corp: 1200/36Kb lim: 122 exec/s: 9404 rss: 301Mb L: 12/122 MS: 1 EraseBytes-
#66106	REDUCE cov: 4658 ft: 12803 corp: 1200/36Kb lim: 122 exec/s: 9443 rss: 301Mb L: 13/122 MS: 2 ShuffleBytes-EraseBytes-
#66121	REDUCE cov: 4658 ft: 12803 corp: 1200/36Kb lim: 122 exec/s: 9445 rss: 301Mb L: 29/122 MS: 5 CopyPart-EraseBytes-CrossOver-ShuffleBytes-EraseBytes-
#66252	NEW    cov: 4658 ft: 12804 corp: 1201/36Kb lim: 122 exec/s: 9464 rss: 301Mb L: 33/122 MS: 1 CrossOver-
#66308	NEW    cov: 4658 ft: 12805 corp: 1202/36Kb lim: 122 exec/s: 9472 rss: 301Mb L: 70/122 MS: 1 CrossOver-
#66315	NEW    cov: 4658 ft: 12807 corp: 1203/36Kb lim: 122 exec/s: 9473 rss: 301Mb L: 8/122 MS: 2 PersAutoDict-EraseBytes- DE: "trul\000"-
#66456	NEW    cov: 4658 ft: 12808 corp: 1204/36Kb lim: 122 exec/s: 9493 rss: 301Mb L: 21/122 MS: 1 PersAutoDict- DE: "fals -"-
#66502	REDUCE cov: 4659 ft: 12843 corp: 1205/36Kb lim: 122 exec/s: 9500 rss: 301Mb L: 71/122 MS: 1 EraseBytes-
#66603	REDUCE cov: 4659 ft: 12843 corp: 1205/36Kb lim: 122 exec/s: 9514 rss: 301Mb L: 39/122 MS: 1 EraseBytes-
#66615	REDUCE cov: 4659 ft: 12847 corp: 1206/36Kb lim: 122 exec/s: 9516 rss: 301Mb L: 27/122 MS: 2 ChangeByte-ChangeBit-
#66692	NEW    cov: 4659 ft: 12848 corp: 1207/36Kb lim: 122 exec/s: 9527 rss: 301Mb L: 95/122 MS: 2 CopyPart-ChangeBit-
#66733	REDUCE cov: 4659 ft: 12848 corp: 1207/36Kb lim: 122 exec/s: 9533 rss: 301Mb L: 19/122 MS: 1 EraseBytes-
#66799	REDUCE cov: 4659 ft: 12848 corp: 1207/36Kb lim: 122 exec/s: 9542 rss: 301Mb L: 15/122 MS: 1 EraseBytes-
#66805	REDUCE cov: 4659 ft: 12848 corp: 1207/36Kb lim: 122 exec/s: 9543 rss: 301Mb L: 22/122 MS: 1 EraseBytes-
#66858	REDUCE cov: 4659 ft: 12848 corp: 1207/36Kb lim: 122 exec/s: 9551 rss: 301Mb L: 22/122 MS: 3 CopyPart-CopyPart-EraseBytes-
#66887	REDUCE cov: 4659 ft: 12848 corp: 1207/36Kb lim: 122 exec/s: 9555 rss: 301Mb L: 65/122 MS: 4 ChangeBinInt-EraseBytes-ShuffleBytes-ChangeByte-
#66916	REDUCE cov: 4659 ft: 12848 corp: 1207/36Kb lim: 122 exec/s: 9559 rss: 301Mb L: 60/122 MS: 4 ChangeBinInt-ShuffleBytes-ChangeBinInt-EraseBytes-
#66917	REDUCE cov: 4659 ft: 12848 corp: 1207/36Kb lim: 122 exec/s: 9559 rss: 301Mb L: 23/122 MS: 1 EraseBytes-
#66978	REDUCE cov: 4659 ft: 12848 corp: 1207/36Kb lim: 122 exec/s: 9568 rss: 301Mb L: 12/122 MS: 1 EraseBytes-
#66981	NEW    cov: 4659 ft: 12851 corp: 1208/36Kb lim: 122 exec/s: 9568 rss: 301Mb L: 104/122 MS: 3 PersAutoDict-ShuffleBytes-InsertRepeatedBytes- DE: "\012\000\000\000\000\000\000\000"-
#67228	NEW    cov: 4659 ft: 12852 corp: 1209/36Kb lim: 122 exec/s: 9604 rss: 301Mb L: 116/122 MS: 2 ChangeBinInt-InsertRepeatedBytes-
#67311	REDUCE cov: 4659 ft: 12852 corp: 1209/36Kb lim: 122 exec/s: 9615 rss: 301Mb L: 7/122 MS: 3 ChangeBinInt-ChangeBinInt-EraseBytes-
#67348	REDUCE cov: 4659 ft: 12852 corp: 1209/36Kb lim: 122 exec/s: 9621 rss: 301Mb L: 38/122 MS: 2 CMP-EraseBytes- DE: "\000\000\000\000"-
#67379	REDUCE cov: 4659 ft: 12852 corp: 1209/36Kb lim: 122 exec/s: 9625 rss: 301Mb L: 93/122 MS: 1 EraseBytes-
#67412	NEW    cov: 4660 ft: 12853 corp: 1210/36Kb lim: 122 exec/s: 9630 rss: 301Mb L: 71/122 MS: 3 CMP-PersAutoDict-InsertRepeatedBytes- DE: "\001\000\000\000\000\000\000*"-"t'ue"-
#67418	NEW    cov: 4662 ft: 12857 corp: 1211/36Kb lim: 122 exec/s: 9631 rss: 301Mb L: 18/122 MS: 1 ChangeBinInt-
#67435	NEW    cov: 4662 ft: 12858 corp: 1212/36Kb lim: 122 exec/s: 9633 rss: 301Mb L: 23/122 MS: 2 ChangeBinInt-EraseBytes-
#67536	REDUCE cov: 4662 ft: 12858 corp: 1212/36Kb lim: 122 exec/s: 9648 rss: 301Mb L: 14/122 MS: 1 EraseBytes-
#67542	REDUCE cov: 4662 ft: 12858 corp: 1212/36Kb lim: 122 exec/s: 9648 rss: 301Mb L: 30/122 MS: 1 EraseBytes-
#67763	REDUCE cov: 4662 ft: 12858 corp: 1212/36Kb lim: 122 exec/s: 9680 rss: 301Mb L: 12/122 MS: 1 EraseBytes-
#67859	REDUCE cov: 4662 ft: 12858 corp: 1212/36Kb lim: 122 exec/s: 9694 rss: 301Mb L: 62/122 MS: 1 EraseBytes-
#67886	REDUCE cov: 4662 ft: 12858 corp: 1212/36Kb lim: 122 exec/s: 9698 rss: 301Mb L: 16/122 MS: 2 ChangeBit-EraseBytes-
#67949	NEW    cov: 4662 ft: 12860 corp: 1213/36Kb lim: 122 exec/s: 9707 rss: 301Mb L: 37/122 MS: 3 ShuffleBytes-ChangeBit-InsertRepeatedBytes-
#67970	REDUCE cov: 4662 ft: 12860 corp: 1213/36Kb lim: 122 exec/s: 9710 rss: 301Mb L: 25/122 MS: 1 EraseBytes-
#68004	NEW    cov: 4662 ft: 12861 corp: 1214/36Kb lim: 122 exec/s: 9714 rss: 301Mb L: 110/122 MS: 4 InsertByte-ChangeASCIIInt-ChangeASCIIInt-CMP- DE: "\377\377\000s"-
#68045	REDUCE cov: 4662 ft: 12861 corp: 1214/36Kb lim: 122 exec/s: 9720 rss: 301Mb L: 48/122 MS: 1 EraseBytes-
#68052	REDUCE cov: 4662 ft: 12861 corp: 1214/36Kb lim: 122 exec/s: 9721 rss: 301Mb L: 35/122 MS: 2 ChangeBit-EraseBytes-
#68499	REDUCE cov: 4662 ft: 12861 corp: 1214/36Kb lim: 122 exec/s: 9785 rss: 301Mb L: 77/122 MS: 2 ChangeASCIIInt-EraseBytes-
#68599	REDUCE cov: 4662 ft: 12861 corp: 1214/36Kb lim: 122 exec/s: 9799 rss: 301Mb L: 80/122 MS: 5 CrossOver-ShuffleBytes-CopyPart-ChangeASCIIInt-EraseBytes-
#68635	NEW    cov: 4662 ft: 12862 corp: 1215/36Kb lim: 122 exec/s: 9805 rss: 301Mb L: 38/122 MS: 1 ChangeBinInt-
#68711	NEW    cov: 4662 ft: 12863 corp: 1216/36Kb lim: 122 exec/s: 9815 rss: 301Mb L: 92/122 MS: 1 ChangeByte-
#68732	REDUCE cov: 4662 ft: 12863 corp: 1216/36Kb lim: 122 exec/s: 9818 rss: 301Mb L: 37/122 MS: 1 EraseBytes-
#68750	REDUCE cov: 4662 ft: 12863 corp: 1216/36Kb lim: 122 exec/s: 9821 rss: 301Mb L: 5/122 MS: 3 CopyPart-ChangeByte-EraseBytes-
#68754	REDUCE cov: 4662 ft: 12863 corp: 1216/36Kb lim: 122 exec/s: 9822 rss: 301Mb L: 57/122 MS: 4 CrossOver-InsertByte-ShuffleBytes-EraseBytes-
#68952	REDUCE cov: 4662 ft: 12863 corp: 1216/36Kb lim: 122 exec/s: 9850 rss: 301Mb L: 54/122 MS: 3 InsertRepeatedBytes-InsertByte-EraseBytes-
#68998	NEW    cov: 4662 ft: 12865 corp: 1217/36Kb lim: 122 exec/s: 9856 rss: 301Mb L: 19/122 MS: 1 EraseBytes-
#69052	NEW    cov: 4662 ft: 12881 corp: 1218/36Kb lim: 122 exec/s: 9864 rss: 301Mb L: 52/122 MS: 4 CrossOver-CrossOver-CrossOver-CopyPart-
#69096	REDUCE cov: 4662 ft: 12881 corp: 1218/36Kb lim: 122 exec/s: 9870 rss: 301Mb L: 15/122 MS: 4 CMP-CopyPart-ShuffleBytes-EraseBytes- DE: "\000\000\001W"-
#69117	NEW    cov: 4662 ft: 12883 corp: 1219/36Kb lim: 122 exec/s: 9873 rss: 301Mb L: 18/122 MS: 1 ChangeBit-
#69173	REDUCE cov: 4662 ft: 12883 corp: 1219/36Kb lim: 122 exec/s: 9881 rss: 301Mb L: 20/122 MS: 1 EraseBytes-
#69412	NEW    cov: 4673 ft: 12924 corp: 1220/36Kb lim: 122 exec/s: 9916 rss: 301Mb L: 21/122 MS: 4 PersAutoDict-ChangeBit-CopyPart-EraseBytes- DE: "t\\u40"-
#69434	REDUCE cov: 4673 ft: 12924 corp: 1220/36Kb lim: 122 exec/s: 9919 rss: 301Mb L: 42/122 MS: 2 ShuffleBytes-EraseBytes-
#69445	REDUCE cov: 4673 ft: 12924 corp: 1220/36Kb lim: 122 exec/s: 9920 rss: 301Mb L: 11/122 MS: 1 EraseBytes-
#69506	REDUCE cov: 4673 ft: 12924 corp: 1220/36Kb lim: 122 exec/s: 9929 rss: 301Mb L: 13/122 MS: 1 EraseBytes-
#69633	REDUCE cov: 4673 ft: 12924 corp: 1220/36Kb lim: 122 exec/s: 9947 rss: 301Mb L: 64/122 MS: 2 ChangeBinInt-EraseBytes-
#69795	REDUCE cov: 4673 ft: 12924 corp: 1220/36Kb lim: 122 exec/s: 9970 rss: 301Mb L: 66/122 MS: 2 CrossOver-EraseBytes-
#69811	REDUCE cov: 4673 ft: 12924 corp: 1220/36Kb lim: 122 exec/s: 9973 rss: 301Mb L: 80/122 MS: 1 EraseBytes-
#69978	NEW    cov: 4673 ft: 12926 corp: 1221/36Kb lim: 122 exec/s: 9996 rss: 301Mb L: 23/122 MS: 2 ShuffleBytes-CMP- DE: "N\322\000\000"-
#70018	REDUCE cov: 4673 ft: 12926 corp: 1221/36Kb lim: 122 exec/s: 10002 rss: 301Mb L: 38/122 MS: 5 ChangeBinInt-CopyPart-ChangeByte-ChangeBit-CrossOver-
#70060	NEW    cov: 4673 ft: 12928 corp: 1222/36Kb lim: 122 exec/s: 10008 rss: 301Mb L: 39/122 MS: 2 InsertByte-ChangeBinInt-
#70201	REDUCE cov: 4673 ft: 12928 corp: 1222/36Kb lim: 122 exec/s: 10028 rss: 301Mb L: 13/122 MS: 1 EraseBytes-
#70202	REDUCE cov: 4673 ft: 12928 corp: 1222/36Kb lim: 122 exec/s: 10028 rss: 301Mb L: 10/122 MS: 1 EraseBytes-
#70248	REDUCE cov: 4673 ft: 12928 corp: 1222/36Kb lim: 122 exec/s: 10035 rss: 301Mb L: 20/122 MS: 1 EraseBytes-
#70405	REDUCE cov: 4673 ft: 12928 corp: 1222/36Kb lim: 122 exec/s: 10057 rss: 301Mb L: 23/122 MS: 2 ChangeASCIIInt-EraseBytes-
#70447	NEW    cov: 4673 ft: 12931 corp: 1223/36Kb lim: 122 exec/s: 10063 rss: 301Mb L: 74/122 MS: 2 ChangeASCIIInt-PersAutoDict- DE: "\000\000\000\000"-
#70488	NEW    cov: 4673 ft: 12960 corp: 1224/36Kb lim: 122 exec/s: 10069 rss: 301Mb L: 48/122 MS: 1 EraseBytes-
#70496	REDUCE cov: 4673 ft: 12960 corp: 1224/36Kb lim: 122 exec/s: 10070 rss: 301Mb L: 29/122 MS: 3 ChangeByte-InsertByte-EraseBytes-
#70567	NEW    cov: 4673 ft: 12964 corp: 1225/36Kb lim: 122 exec/s: 10081 rss: 301Mb L: 105/122 MS: 1 PersAutoDict- DE: "9\000\000\000"-
#70634	NEW    cov: 4673 ft: 12965 corp: 1226/37Kb lim: 122 exec/s: 10090 rss: 301Mb L: 79/122 MS: 2 ChangeBinInt-CMP- DE: "tru"-
#70683	NEW    cov: 4673 ft: 12967 corp: 1227/37Kb lim: 122 exec/s: 10097 rss: 301Mb L: 63/122 MS: 4 ChangeBinInt-CrossOver-EraseBytes-InsertRepeatedBytes-
#70729	REDUCE cov: 4673 ft: 12967 corp: 1227/37Kb lim: 122 exec/s: 10104 rss: 301Mb L: 19/122 MS: 1 EraseBytes-
#70750	REDUCE cov: 4673 ft: 12967 corp: 1227/37Kb lim: 122 exec/s: 10107 rss: 301Mb L: 13/122 MS: 1 EraseBytes-
#70912	REDUCE cov: 4673 ft: 12967 corp: 1227/37Kb lim: 122 exec/s: 10130 rss: 301Mb L: 12/122 MS: 2 ChangeBinInt-EraseBytes-
#70933	REDUCE cov: 4673 ft: 12967 corp: 1227/37Kb lim: 122 exec/s: 10133 rss: 301Mb L: 21/122 MS: 1 EraseBytes-
#71048	REDUCE cov: 4673 ft: 12967 corp: 1227/37Kb lim: 122 exec/s: 10149 rss: 301Mb L: 20/122 MS: 5 ChangeByte-CopyPart-CopyPart-CrossOver-EraseBytes-
#71056	REDUCE cov: 4673 ft: 12967 corp: 1227/37Kb lim: 122 exec/s: 10150 rss: 301Mb L: 27/122 MS: 3 EraseBytes-ChangeBit-PersAutoDict- DE: "\377;"-
#71072	NEW    cov: 4673 ft: 12968 corp: 1228/37Kb lim: 122 exec/s: 10153 rss: 301Mb L: 49/122 MS: 1 CopyPart-
#71153	REDUCE cov: 4673 ft: 12968 corp: 1228/37Kb lim: 122 exec/s: 10164 rss: 301Mb L: 34/122 MS: 1 EraseBytes-
#71288	REDUCE cov: 4673 ft: 12976 corp: 1229/37Kb lim: 122 exec/s: 10184 rss: 301Mb L: 50/122 MS: 5 CrossOver-EraseBytes-ShuffleBytes-ChangeByte-PersAutoDict- DE: "t\\u40"-
#71329	REDUCE cov: 4673 ft: 12978 corp: 1230/37Kb lim: 122 exec/s: 10189 rss: 301Mb L: 12/122 MS: 1 EraseBytes-
#71517	REDUCE cov: 4673 ft: 12978 corp: 1230/37Kb lim: 122 exec/s: 10216 rss: 301Mb L: 6/122 MS: 3 ShuffleBytes-CopyPart-EraseBytes-
#71573	REDUCE cov: 4673 ft: 12978 corp: 1230/37Kb lim: 122 exec/s: 10224 rss: 301Mb L: 21/122 MS: 1 EraseBytes-
#71632	NEW    cov: 4673 ft: 12980 corp: 1231/37Kb lim: 122 exec/s: 10233 rss: 301Mb L: 88/122 MS: 4 InsertByte-ShuffleBytes-PersAutoDict-ShuffleBytes- DE: "\000\000\000\000"-
#71640	REDUCE cov: 4673 ft: 12980 corp: 1231/37Kb lim: 122 exec/s: 10234 rss: 301Mb L: 26/122 MS: 3 ChangeBinInt-CrossOver-EraseBytes-
#71666	REDUCE cov: 4673 ft: 12980 corp: 1231/37Kb lim: 122 exec/s: 10238 rss: 301Mb L: 3/122 MS: 1 EraseBytes-
#71677	REDUCE cov: 4673 ft: 12980 corp: 1231/37Kb lim: 122 exec/s: 10239 rss: 301Mb L: 46/122 MS: 1 EraseBytes-
#71724	REDUCE cov: 4673 ft: 13004 corp: 1232/37Kb lim: 122 exec/s: 10246 rss: 301Mb L: 9/122 MS: 2 ShuffleBytes-CopyPart-
#71760	NEW    cov: 4673 ft: 13005 corp: 1233/37Kb lim: 122 exec/s: 10251 rss: 301Mb L: 38/122 MS: 1 ChangeBinInt-
#71794	NEW    cov: 4673 ft: 13007 corp: 1234/37Kb lim: 122 exec/s: 10256 rss: 301Mb L: 94/122 MS: 4 CMP-ChangeASCIIInt-ChangeASCIIInt-CopyPart- DE: "\377\377l\257s$"-
#71849	REDUCE cov: 4673 ft: 13007 corp: 1234/37Kb lim: 122 exec/s: 10264 rss: 301Mb L: 15/122 MS: 5 ChangeBit-CrossOver-ChangeBinInt-ChangeByte-EraseBytes-
#71855	NEW    cov: 4673 ft: 13009 corp: 1235/37Kb lim: 122 exec/s: 10265 rss: 301Mb L: 100/122 MS: 1 InsertRepeatedBytes-
#71891	NEW    cov: 4673 ft: 13011 corp: 1236/37Kb lim: 122 exec/s: 10270 rss: 301Mb L: 36/122 MS: 1 EraseBytes-
#72167	REDUCE cov: 4673 ft: 13011 corp: 1236/37Kb lim: 122 exec/s: 10309 rss: 301Mb L: 55/122 MS: 1 EraseBytes-
#72183	REDUCE cov: 4673 ft: 13013 corp: 1237/37Kb lim: 122 exec/s: 10311 rss: 301Mb L: 11/122 MS: 1 EraseBytes-
#72189	NEW    cov: 4673 ft: 13015 corp: 1238/37Kb lim: 122 exec/s: 10312 rss: 301Mb L: 14/122 MS: 1 CopyPart-
#72207	REDUCE cov: 4673 ft: 13015 corp: 1238/37Kb lim: 122 exec/s: 10315 rss: 301Mb L: 14/122 MS: 3 ShuffleBytes-CrossOver-EraseBytes-
#72274	REDUCE cov: 4673 ft: 13015 corp: 1238/37Kb lim: 122 exec/s: 10324 rss: 301Mb L: 71/122 MS: 2 ChangeBit-EraseBytes-
#72337	REDUCE cov: 4673 ft: 13015 corp: 1238/37Kb lim: 122 exec/s: 10333 rss: 301Mb L: 39/122 MS: 3 ChangeByte-ShuffleBytes-EraseBytes-
#72348	NEW    cov: 4673 ft: 13016 corp: 1239/37Kb lim: 122 exec/s: 10335 rss: 301Mb L: 12/122 MS: 1 ChangeBinInt-
#72685	NEW    cov: 4673 ft: 13017 corp: 1240/37Kb lim: 122 exec/s: 10383 rss: 301Mb L: 55/122 MS: 2 CopyPart-CopyPart-
#72776	REDUCE cov: 4673 ft: 13017 corp: 1240/37Kb lim: 122 exec/s: 10396 rss: 301Mb L: 12/122 MS: 1 EraseBytes-
#72797	REDUCE cov: 4673 ft: 13019 corp: 1241/37Kb lim: 122 exec/s: 10399 rss: 301Mb L: 35/122 MS: 1 InsertByte-
#72875	REDUCE cov: 4673 ft: 13019 corp: 1241/37Kb lim: 122 exec/s: 10410 rss: 301Mb L: 36/122 MS: 3 InsertByte-ChangeASCIIInt-EraseBytes-
#72892	NEW    cov: 4673 ft: 13051 corp: 1242/37Kb lim: 122 exec/s: 10413 rss: 301Mb L: 29/122 MS: 2 InsertByte-EraseBytes-
#72896	REDUCE cov: 4673 ft: 13051 corp: 1242/37Kb lim: 122 exec/s: 10413 rss: 301Mb L: 73/122 MS: 4 CopyPart-ChangeASCIIInt-PersAutoDict-EraseBytes- DE: "\001\000\000\020"-
#72952	NEW    cov: 4673 ft: 13052 corp: 1243/37Kb lim: 122 exec/s: 10421 rss: 301Mb L: 24/122 MS: 1 EraseBytes-
#72983	NEW    cov: 4673 ft: 13054 corp: 1244/37Kb lim: 122 exec/s: 10426 rss: 301Mb L: 9/122 MS: 1 EraseBytes-
#73259	REDUCE cov: 4673 ft: 13056 corp: 1245/37Kb lim: 122 exec/s: 10465 rss: 301Mb L: 43/122 MS: 1 ChangeBit-
#73376	NEW    cov: 4673 ft: 13057 corp: 1246/37Kb lim: 122 exec/s: 10482 rss: 301Mb L: 76/122 MS: 2 ChangeBinInt-InsertRepeatedBytes-
#73555	REDUCE cov: 4673 ft: 13057 corp: 1246/37Kb lim: 122 exec/s: 10507 rss: 301Mb L: 19/122 MS: 4 InsertByte-ChangeBit-ChangeBinInt-EraseBytes-
#73571	REDUCE cov: 4673 ft: 13058 corp: 1247/37Kb lim: 122 exec/s: 10510 rss: 301Mb L: 25/122 MS: 1 InsertByte-
#73677	REDUCE cov: 4673 ft: 13058 corp: 1247/37Kb lim: 122 exec/s: 10525 rss: 301Mb L: 52/122 MS: 1 EraseBytes-
#73718	REDUCE cov: 4673 ft: 13059 corp: 1248/37Kb lim: 122 exec/s: 10531 rss: 301Mb L: 46/122 MS: 1 CrossOver-
#73794	REDUCE cov: 4673 ft: 13059 corp: 1248/37Kb lim: 122 exec/s: 10542 rss: 301Mb L: 23/122 MS: 1 EraseBytes-
#73981	REDUCE cov: 4673 ft: 13059 corp: 1248/37Kb lim: 122 exec/s: 10568 rss: 301Mb L: 19/122 MS: 2 ChangeBit-EraseBytes-
#74049	REDUCE cov: 4673 ft: 13059 corp: 1248/37Kb lim: 122 exec/s: 10578 rss: 301Mb L: 44/122 MS: 3 ChangeASCIIInt-ShuffleBytes-EraseBytes-
#74054	NEW    cov: 4673 ft: 13060 corp: 1249/37Kb lim: 122 exec/s: 10579 rss: 301Mb L: 38/122 MS: 5 CopyPart-ChangeASCIIInt-ChangeASCIIInt-ChangeBinInt-PersAutoDict- DE: "\377\377\377\377\377\377\377\000"-
#74105	REDUCE cov: 4673 ft: 13063 corp: 1250/37Kb lim: 122 exec/s: 10586 rss: 301Mb L: 53/122 MS: 1 InsertByte-
#74293	NEW    cov: 4673 ft: 13065 corp: 1251/37Kb lim: 122 exec/s: 10613 rss: 301Mb L: 68/122 MS: 3 ChangeByte-ChangeASCIIInt-InsertRepeatedBytes-
#74370	REDUCE cov: 4705 ft: 13129 corp: 1252/37Kb lim: 122 exec/s: 10624 rss: 301Mb L: 13/122 MS: 2 ChangeBit-EraseBytes-
#74531	REDUCE cov: 4705 ft: 13129 corp: 1252/37Kb lim: 122 exec/s: 10647 rss: 301Mb L: 5/122 MS: 1 EraseBytes-
#74612	REDUCE cov: 4705 ft: 13129 corp: 1252/37Kb lim: 122 exec/s: 10658 rss: 301Mb L: 5/122 MS: 1 EraseBytes-
#74678	REDUCE cov: 4705 ft: 13129 corp: 1252/37Kb lim: 122 exec/s: 10668 rss: 301Mb L: 33/122 MS: 1 EraseBytes-
#74961	REDUCE cov: 4705 ft: 13129 corp: 1252/37Kb lim: 122 exec/s: 10708 rss: 301Mb L: 95/122 MS: 3 InsertRepeatedBytes-CopyPart-EraseBytes-
#74992	REDUCE cov: 4705 ft: 13129 corp: 1252/37Kb lim: 122 exec/s: 10713 rss: 301Mb L: 47/122 MS: 1 EraseBytes-
#75088	NEW    cov: 4705 ft: 13133 corp: 1253/37Kb lim: 122 exec/s: 10726 rss: 301Mb L: 25/122 MS: 1 CrossOver-
#75139	NEW    cov: 4705 ft: 13134 corp: 1254/37Kb lim: 122 exec/s: 10734 rss: 301Mb L: 29/122 MS: 1 ShuffleBytes-
#75159	REDUCE cov: 4705 ft: 13134 corp: 1254/37Kb lim: 122 exec/s: 10737 rss: 301Mb L: 20/122 MS: 5 EraseBytes-ChangeBit-InsertByte-ChangeByte-InsertByte-
#75361	REDUCE cov: 4705 ft: 13135 corp: 1255/37Kb lim: 122 exec/s: 10765 rss: 301Mb L: 43/122 MS: 2 InsertRepeatedBytes-EraseBytes-
#75614	NEW    cov: 4705 ft: 13139 corp: 1256/38Kb lim: 122 exec/s: 10802 rss: 301Mb L: 102/122 MS: 3 InsertRepeatedBytes-ChangeBit-CrossOver-
#75627	NEW    cov: 4705 ft: 13140 corp: 1257/38Kb lim: 122 exec/s: 10803 rss: 301Mb L: 37/122 MS: 3 ChangeBinInt-ChangeBit-CrossOver-
#75698	REDUCE cov: 4705 ft: 13140 corp: 1257/38Kb lim: 122 exec/s: 10814 rss: 301Mb L: 40/122 MS: 1 CrossOver-
#75701	REDUCE cov: 4705 ft: 13140 corp: 1257/38Kb lim: 122 exec/s: 10814 rss: 301Mb L: 29/122 MS: 3 InsertByte-CopyPart-EraseBytes-
#75714	REDUCE cov: 4705 ft: 13140 corp: 1257/38Kb lim: 122 exec/s: 10816 rss: 301Mb L: 21/122 MS: 3 EraseBytes-ShuffleBytes-CopyPart-
#75926	REDUCE cov: 4705 ft: 13140 corp: 1257/38Kb lim: 122 exec/s: 10846 rss: 301Mb L: 36/122 MS: 2 ShuffleBytes-EraseBytes-
#75947	NEW    cov: 4707 ft: 13147 corp: 1258/38Kb lim: 122 exec/s: 10849 rss: 301Mb L: 48/122 MS: 1 CopyPart-
#75948	NEW    cov: 4707 ft: 13183 corp: 1259/38Kb lim: 122 exec/s: 10849 rss: 301Mb L: 36/122 MS: 1 EraseBytes-
#75950	NEW    cov: 4707 ft: 13184 corp: 1260/38Kb lim: 122 exec/s: 10850 rss: 301Mb L: 46/122 MS: 2 ChangeBinInt-CrossOver-
	NEW_FUNC[1/1]: 0x55d0fc850da0 in <serde_core::de::value::Error as core::fmt::Display>::fmt /home/meme/.cargo/registry/src/index.crates.io-1949cf8c6b5b557f/serde_core-1.0.229/src/de/mod.rs:500
#76033	NEW    cov: 4715 ft: 13192 corp: 1261/38Kb lim: 122 exec/s: 10861 rss: 301Mb L: 43/122 MS: 3 CrossOver-InsertByte-CMP- DE: "New"-
#76214	REDUCE cov: 4715 ft: 13192 corp: 1261/38Kb lim: 122 exec/s: 10887 rss: 301Mb L: 28/122 MS: 1 EraseBytes-
#76240	REDUCE cov: 4720 ft: 13213 corp: 1262/38Kb lim: 122 exec/s: 10891 rss: 301Mb L: 73/122 MS: 1 CrossOver-
#76556	REDUCE cov: 4720 ft: 13213 corp: 1262/38Kb lim: 122 exec/s: 10936 rss: 301Mb L: 9/122 MS: 1 EraseBytes-
#76630	REDUCE cov: 4720 ft: 13213 corp: 1262/38Kb lim: 122 exec/s: 9578 rss: 301Mb L: 94/122 MS: 1 EraseBytes-
#76691	REDUCE cov: 4720 ft: 13213 corp: 1262/38Kb lim: 122 exec/s: 9586 rss: 301Mb L: 35/122 MS: 1 EraseBytes-
#76715	REDUCE cov: 4720 ft: 13213 corp: 1262/38Kb lim: 122 exec/s: 9589 rss: 301Mb L: 55/122 MS: 4 CopyPart-ChangeASCIIInt-ShuffleBytes-EraseBytes-
#76728	REDUCE cov: 4720 ft: 13213 corp: 1262/38Kb lim: 122 exec/s: 9591 rss: 301Mb L: 52/122 MS: 3 InsertByte-CopyPart-EraseBytes-
#76745	REDUCE cov: 4720 ft: 13213 corp: 1262/38Kb lim: 122 exec/s: 9593 rss: 301Mb L: 34/122 MS: 2 ShuffleBytes-EraseBytes-
#76752	REDUCE cov: 4720 ft: 13213 corp: 1262/38Kb lim: 122 exec/s: 9594 rss: 301Mb L: 27/122 MS: 2 PersAutoDict-EraseBytes- DE: "\011\000"-
#76758	NEW    cov: 4720 ft: 13215 corp: 1263/38Kb lim: 122 exec/s: 9594 rss: 301Mb L: 17/122 MS: 1 CopyPart-
#76814	NEW    cov: 4720 ft: 13216 corp: 1264/38Kb lim: 122 exec/s: 9601 rss: 301Mb L: 22/122 MS: 1 EraseBytes-
#76817	NEW    cov: 4720 ft: 13217 corp: 1265/38Kb lim: 122 exec/s: 9602 rss: 301Mb L: 11/122 MS: 3 ShuffleBytes-CopyPart-ChangeByte-
#76894	NEW    cov: 4721 ft: 13218 corp: 1266/38Kb lim: 122 exec/s: 9611 rss: 301Mb L: 24/122 MS: 2 ChangeASCIIInt-ChangeByte-
#76910	REDUCE cov: 4721 ft: 13218 corp: 1266/38Kb lim: 122 exec/s: 9613 rss: 301Mb L: 21/122 MS: 1 EraseBytes-
#77108	NEW    cov: 4721 ft: 13219 corp: 1267/38Kb lim: 122 exec/s: 9638 rss: 301Mb L: 63/122 MS: 3 ShuffleBytes-ChangeBinInt-PersAutoDict- DE: "\036\000\000\000\000\000\000\000"-
#77213	NEW    cov: 4723 ft: 13224 corp: 1268/38Kb lim: 122 exec/s: 9651 rss: 301Mb L: 120/122 MS: 5 ChangeBit-CMP-CrossOver-InsertRepeatedBytes-ShuffleBytes- DE: "New"-
#77232	REDUCE cov: 4723 ft: 13224 corp: 1268/38Kb lim: 122 exec/s: 9654 rss: 301Mb L: 79/122 MS: 4 CrossOver-InsertRepeatedBytes-CopyPart-EraseBytes-
#77333	REDUCE cov: 4723 ft: 13224 corp: 1268/38Kb lim: 122 exec/s: 9666 rss: 301Mb L: 22/122 MS: 1 EraseBytes-
#77390	REDUCE cov: 4723 ft: 13224 corp: 1268/38Kb lim: 122 exec/s: 9673 rss: 301Mb L: 22/122 MS: 2 ShuffleBytes-EraseBytes-
#77707	NEW    cov: 4723 ft: 13225 corp: 1269/38Kb lim: 122 exec/s: 9713 rss: 301Mb L: 87/122 MS: 2 EraseBytes-InsertRepeatedBytes-
#77758	REDUCE cov: 4723 ft: 13225 corp: 1269/38Kb lim: 122 exec/s: 9719 rss: 301Mb L: 21/122 MS: 1 EraseBytes-
#77819	REDUCE cov: 4723 ft: 13225 corp: 1269/38Kb lim: 122 exec/s: 9727 rss: 301Mb L: 16/122 MS: 1 EraseBytes-
#77990	REDUCE cov: 4723 ft: 13225 corp: 1269/38Kb lim: 122 exec/s: 9748 rss: 301Mb L: 3/122 MS: 1 EraseBytes-
#78002	REDUCE cov: 4723 ft: 13225 corp: 1269/38Kb lim: 122 exec/s: 9750 rss: 301Mb L: 31/122 MS: 2 ChangeASCIIInt-EraseBytes-
#78036	NEW    cov: 4723 ft: 13234 corp: 1270/38Kb lim: 122 exec/s: 9754 rss: 301Mb L: 56/122 MS: 4 ChangeByte-EraseBytes-ChangeByte-ChangeASCIIInt-
#78089	REDUCE cov: 4723 ft: 13234 corp: 1270/38Kb lim: 122 exec/s: 9761 rss: 301Mb L: 53/122 MS: 3 ShuffleBytes-CMP-EraseBytes- DE: "\000\000\000\000\000\000\000\014"-
#78145	NEW    cov: 4723 ft: 13235 corp: 1271/38Kb lim: 122 exec/s: 9768 rss: 301Mb L: 6/122 MS: 1 ChangeBinInt-
#78265	NEW    cov: 4723 ft: 13236 corp: 1272/38Kb lim: 122 exec/s: 9783 rss: 301Mb L: 77/122 MS: 5 InsertByte-PersAutoDict-ShuffleBytes-ChangeASCIIInt-CMP- DE: " a"-"Unit"-
#78332	REDUCE cov: 4723 ft: 13236 corp: 1272/38Kb lim: 122 exec/s: 9791 rss: 301Mb L: 73/122 MS: 2 ChangeASCIIInt-EraseBytes-
#78453	REDUCE cov: 4723 ft: 13236 corp: 1272/38Kb lim: 122 exec/s: 9806 rss: 301Mb L: 39/122 MS: 1 EraseBytes-
#78495	REDUCE cov: 4723 ft: 13236 corp: 1272/38Kb lim: 122 exec/s: 9811 rss: 301Mb L: 26/122 MS: 2 ChangeBit-EraseBytes-
#78591	REDUCE cov: 4723 ft: 13236 corp: 1272/38Kb lim: 122 exec/s: 9823 rss: 301Mb L: 17/122 MS: 1 EraseBytes-
#78602	REDUCE cov: 4723 ft: 13236 corp: 1272/38Kb lim: 122 exec/s: 9825 rss: 301Mb L: 7/122 MS: 1 EraseBytes-
#78604	REDUCE cov: 4723 ft: 13236 corp: 1272/38Kb lim: 122 exec/s: 9825 rss: 301Mb L: 21/122 MS: 2 ChangeBit-EraseBytes-
#78680	REDUCE cov: 4723 ft: 13236 corp: 1272/38Kb lim: 122 exec/s: 9835 rss: 301Mb L: 33/122 MS: 1 EraseBytes-
#78711	NEW    cov: 4723 ft: 13238 corp: 1273/38Kb lim: 122 exec/s: 9838 rss: 301Mb L: 108/122 MS: 1 CrossOver-
#78787	NEW    cov: 4723 ft: 13239 corp: 1274/38Kb lim: 122 exec/s: 9848 rss: 301Mb L: 108/122 MS: 1 CMP- DE: "\000\000\374\303"-
#78813	REDUCE cov: 4723 ft: 13239 corp: 1274/38Kb lim: 122 exec/s: 9851 rss: 301Mb L: 36/122 MS: 1 EraseBytes-
#78835	NEW    cov: 4725 ft: 13243 corp: 1275/38Kb lim: 122 exec/s: 9854 rss: 301Mb L: 23/122 MS: 2 ChangeBit-ChangeASCIIInt-
#78896	REDUCE cov: 4725 ft: 13243 corp: 1275/38Kb lim: 122 exec/s: 9862 rss: 301Mb L: 2/122 MS: 1 EraseBytes-
#78913	REDUCE cov: 4725 ft: 13243 corp: 1275/38Kb lim: 122 exec/s: 9864 rss: 301Mb L: 63/122 MS: 2 InsertByte-EraseBytes-
#78949	NEW    cov: 4727 ft: 13245 corp: 1276/38Kb lim: 122 exec/s: 9868 rss: 301Mb L: 6/122 MS: 1 CopyPart-
#79133	REDUCE cov: 4727 ft: 13245 corp: 1276/38Kb lim: 122 exec/s: 9891 rss: 301Mb L: 12/122 MS: 4 CrossOver-ShuffleBytes-ChangeBinInt-EraseBytes-
#79134	REDUCE cov: 4727 ft: 13246 corp: 1277/38Kb lim: 122 exec/s: 9891 rss: 301Mb L: 20/122 MS: 1 CrossOver-
#79260	NEW    cov: 4727 ft: 13248 corp: 1278/38Kb lim: 122 exec/s: 9907 rss: 301Mb L: 115/122 MS: 1 InsertRepeatedBytes-
#79476	NEW    cov: 4727 ft: 13249 corp: 1279/39Kb lim: 122 exec/s: 9934 rss: 301Mb L: 101/122 MS: 1 InsertByte-
#79517	NEW    cov: 4727 ft: 13250 corp: 1280/39Kb lim: 122 exec/s: 9939 rss: 301Mb L: 56/122 MS: 1 EraseBytes-
#79523	REDUCE cov: 4727 ft: 13250 corp: 1280/39Kb lim: 122 exec/s: 9940 rss: 301Mb L: 18/122 MS: 1 EraseBytes-
#79554	NEW    cov: 4727 ft: 13251 corp: 1281/39Kb lim: 122 exec/s: 9944 rss: 301Mb L: 38/122 MS: 1 CMP- DE: "\000\000\000\000\000\000\0009"-
#79626	REDUCE cov: 4727 ft: 13251 corp: 1281/39Kb lim: 122 exec/s: 9953 rss: 301Mb L: 11/122 MS: 2 ChangeBit-EraseBytes-
#79908	REDUCE cov: 4727 ft: 13251 corp: 1281/39Kb lim: 122 exec/s: 9988 rss: 301Mb L: 56/122 MS: 2 CMP-EraseBytes- DE: "fruu"-
#79935	REDUCE cov: 4727 ft: 13251 corp: 1281/39Kb lim: 122 exec/s: 9991 rss: 301Mb L: 33/122 MS: 2 PersAutoDict-CrossOver- DE: "U])))"-
#80275	REDUCE cov: 4727 ft: 13251 corp: 1281/39Kb lim: 122 exec/s: 10034 rss: 301Mb L: 69/122 MS: 5 CopyPart-PersAutoDict-ChangeBit-ChangeBinInt-EraseBytes- DE: ".true"-
#80336	REDUCE cov: 4729 ft: 13253 corp: 1282/39Kb lim: 122 exec/s: 10042 rss: 301Mb L: 4/122 MS: 1 CopyPart-
#80358	NEW    cov: 4730 ft: 13255 corp: 1283/39Kb lim: 122 exec/s: 10044 rss: 301Mb L: 31/122 MS: 2 InsertByte-EraseBytes-
#80374	REDUCE cov: 4730 ft: 13255 corp: 1283/39Kb lim: 122 exec/s: 10046 rss: 301Mb L: 20/122 MS: 1 EraseBytes-
#80535	REDUCE cov: 4730 ft: 13255 corp: 1283/39Kb lim: 122 exec/s: 10066 rss: 301Mb L: 81/122 MS: 1 EraseBytes-
#80852	REDUCE cov: 4730 ft: 13255 corp: 1283/39Kb lim: 122 exec/s: 10106 rss: 301Mb L: 39/122 MS: 2 InsertByte-EraseBytes-
#80940	REDUCE cov: 4730 ft: 13255 corp: 1283/39Kb lim: 122 exec/s: 10117 rss: 301Mb L: 83/122 MS: 3 InsertByte-ChangeByte-EraseBytes-
#81251	REDUCE cov: 4730 ft: 13264 corp: 1284/39Kb lim: 122 exec/s: 10156 rss: 301Mb L: 114/122 MS: 1 InsertRepeatedBytes-
#81274	NEW    cov: 4730 ft: 13277 corp: 1285/39Kb lim: 122 exec/s: 10159 rss: 301Mb L: 51/122 MS: 3 InsertRepeatedBytes-CopyPart-CopyPart-
#81340	NEW    cov: 4730 ft: 13278 corp: 1286/39Kb lim: 122 exec/s: 10167 rss: 301Mb L: 105/122 MS: 1 EraseBytes-
#81447	REDUCE cov: 4730 ft: 13278 corp: 1286/39Kb lim: 122 exec/s: 10180 rss: 301Mb L: 17/122 MS: 2 InsertByte-EraseBytes-
#81523	REDUCE cov: 4730 ft: 13278 corp: 1286/39Kb lim: 122 exec/s: 10190 rss: 301Mb L: 53/122 MS: 1 EraseBytes-
#81594	REDUCE cov: 4730 ft: 13278 corp: 1286/39Kb lim: 122 exec/s: 10199 rss: 301Mb L: 34/122 MS: 1 EraseBytes-
#81780	REDUCE cov: 4730 ft: 13278 corp: 1286/39Kb lim: 122 exec/s: 10222 rss: 301Mb L: 10/122 MS: 1 EraseBytes-
#82142	REDUCE cov: 4730 ft: 13278 corp: 1286/39Kb lim: 122 exec/s: 10267 rss: 301Mb L: 20/122 MS: 2 CopyPart-EraseBytes-
#82183	NEW    cov: 4730 ft: 13294 corp: 1287/39Kb lim: 122 exec/s: 10272 rss: 301Mb L: 9/122 MS: 1 CMP- DE: " a"-
#82379	NEW    cov: 4730 ft: 13296 corp: 1288/39Kb lim: 122 exec/s: 10297 rss: 301Mb L: 49/122 MS: 1 ChangeByte-
#82502	REDUCE cov: 4730 ft: 13296 corp: 1288/39Kb lim: 122 exec/s: 10312 rss: 301Mb L: 58/122 MS: 3 EraseBytes-ChangeByte-CrossOver-
#82533	REDUCE cov: 4730 ft: 13296 corp: 1288/39Kb lim: 122 exec/s: 10316 rss: 301Mb L: 45/122 MS: 1 EraseBytes-
#82550	REDUCE cov: 4730 ft: 13296 corp: 1288/39Kb lim: 122 exec/s: 10318 rss: 301Mb L: 14/122 MS: 2 ChangeByte-EraseBytes-
#82821	NEW    cov: 4730 ft: 13297 corp: 1289/39Kb lim: 122 exec/s: 10352 rss: 301Mb L: 44/122 MS: 1 CrossOver-
#82828	REDUCE cov: 4730 ft: 13297 corp: 1289/39Kb lim: 122 exec/s: 10353 rss: 301Mb L: 36/122 MS: 2 InsertByte-EraseBytes-
#82979	REDUCE cov: 4730 ft: 13297 corp: 1289/39Kb lim: 122 exec/s: 10372 rss: 301Mb L: 65/122 MS: 1 EraseBytes-
#82980	REDUCE cov: 4730 ft: 13297 corp: 1289/39Kb lim: 122 exec/s: 10372 rss: 301Mb L: 12/122 MS: 1 EraseBytes-
#83066	REDUCE cov: 4730 ft: 13297 corp: 1289/39Kb lim: 122 exec/s: 10383 rss: 301Mb L: 9/122 MS: 1 EraseBytes-
#83127	NEW    cov: 4730 ft: 13299 corp: 1290/39Kb lim: 122 exec/s: 10390 rss: 301Mb L: 20/122 MS: 1 InsertByte-
#83238	NEW    cov: 4730 ft: 13333 corp: 1291/39Kb lim: 122 exec/s: 10404 rss: 301Mb L: 44/122 MS: 1 CrossOver-
#83247	NEW    cov: 4730 ft: 13334 corp: 1292/39Kb lim: 122 exec/s: 10405 rss: 301Mb L: 15/122 MS: 4 CopyPart-PersAutoDict-ChangeBinInt-ShuffleBytes- DE: "\026\000\000\000"-
#83289	NEW    cov: 4730 ft: 13335 corp: 1293/39Kb lim: 122 exec/s: 10411 rss: 301Mb L: 23/122 MS: 2 ChangeASCIIInt-CrossOver-
#83465	REDUCE cov: 4730 ft: 13335 corp: 1293/39Kb lim: 122 exec/s: 10433 rss: 301Mb L: 26/122 MS: 1 EraseBytes-
#83575	REDUCE cov: 4730 ft: 13335 corp: 1293/39Kb lim: 122 exec/s: 10446 rss: 301Mb L: 11/122 MS: 5 CMP-ChangeBit-EraseBytes-ChangeByte-EraseBytes- DE: "\000i\257t"-
#83636	REDUCE cov: 4730 ft: 13335 corp: 1293/39Kb lim: 122 exec/s: 10454 rss: 301Mb L: 11/122 MS: 1 EraseBytes-
#83737	NEW    cov: 4730 ft: 13340 corp: 1294/39Kb lim: 122 exec/s: 10467 rss: 301Mb L: 88/122 MS: 1 InsertRepeatedBytes-
#83766	NEW    cov: 4730 ft: 13352 corp: 1295/39Kb lim: 122 exec/s: 10470 rss: 301Mb L: 117/122 MS: 4 ShuffleBytes-PersAutoDict-InsertByte-CopyPart- DE: "U])))"-
#83817	NEW    cov: 4730 ft: 13354 corp: 1296/39Kb lim: 122 exec/s: 10477 rss: 301Mb L: 46/122 MS: 1 CMP- DE: "'\000\000\000\000\000\000\000"-
#83990	REDUCE cov: 4730 ft: 13354 corp: 1296/39Kb lim: 122 exec/s: 10498 rss: 301Mb L: 11/122 MS: 3 InsertByte-PersAutoDict-EraseBytes- DE: "\004\000\000\000\000\000\000\000"-
#84091	REDUCE cov: 4730 ft: 13354 corp: 1296/39Kb lim: 122 exec/s: 10511 rss: 301Mb L: 6/122 MS: 1 EraseBytes-
#84098	REDUCE cov: 4730 ft: 13354 corp: 1296/39Kb lim: 122 exec/s: 10512 rss: 301Mb L: 16/122 MS: 2 ShuffleBytes-EraseBytes-
#84114	REDUCE cov: 4730 ft: 13354 corp: 1296/39Kb lim: 122 exec/s: 10514 rss: 301Mb L: 10/122 MS: 1 EraseBytes-
#84423	REDUCE cov: 4730 ft: 13370 corp: 1297/39Kb lim: 122 exec/s: 10552 rss: 301Mb L: 57/122 MS: 4 ChangeByte-CopyPart-ChangeByte-CopyPart-
#84614	REDUCE cov: 4730 ft: 13370 corp: 1297/39Kb lim: 122 exec/s: 10576 rss: 301Mb L: 32/122 MS: 1 CrossOver-
#84754	REDUCE cov: 4730 ft: 13374 corp: 1298/39Kb lim: 122 exec/s: 10594 rss: 301Mb L: 19/122 MS: 5 CopyPart-ChangeBinInt-ChangeBit-ShuffleBytes-EraseBytes-
#84904	REDUCE cov: 4730 ft: 13374 corp: 1298/39Kb lim: 122 exec/s: 10613 rss: 301Mb L: 17/122 MS: 5 ChangeByte-ShuffleBytes-ChangeBinInt-PersAutoDict-EraseBytes- DE: "\000\000\374\303"-
#85075	NEW    cov: 4730 ft: 13375 corp: 1299/39Kb lim: 122 exec/s: 10634 rss: 301Mb L: 15/122 MS: 1 EraseBytes-
#85161	REDUCE cov: 4730 ft: 13375 corp: 1299/39Kb lim: 122 exec/s: 10645 rss: 301Mb L: 10/122 MS: 1 EraseBytes-
#85167	REDUCE cov: 4730 ft: 13375 corp: 1299/39Kb lim: 122 exec/s: 10645 rss: 301Mb L: 39/122 MS: 1 EraseBytes-
#85303	NEW    cov: 4730 ft: 13376 corp: 1300/39Kb lim: 122 exec/s: 10662 rss: 301Mb L: 44/122 MS: 1 InsertByte-
#85349	REDUCE cov: 4730 ft: 13376 corp: 1300/39Kb lim: 122 exec/s: 10668 rss: 301Mb L: 38/122 MS: 1 EraseBytes-
#85410	NEW    cov: 4730 ft: 13394 corp: 1301/39Kb lim: 122 exec/s: 10676 rss: 301Mb L: 83/122 MS: 1 CrossOver-
#85426	REDUCE cov: 4730 ft: 13394 corp: 1301/39Kb lim: 122 exec/s: 10678 rss: 301Mb L: 10/122 MS: 1 EraseBytes-
#85779	REDUCE cov: 4730 ft: 13394 corp: 1301/39Kb lim: 122 exec/s: 10722 rss: 301Mb L: 21/122 MS: 3 ChangeASCIIInt-CrossOver-EraseBytes-
#85827	REDUCE cov: 4730 ft: 13394 corp: 1301/39Kb lim: 122 exec/s: 10728 rss: 301Mb L: 86/122 MS: 3 PersAutoDict-PersAutoDict-EraseBytes- DE: "\013\000\000\000\000\000\000\200"-"\013\000\000\000\000\000\000\200"-
#86183	REDUCE cov: 4730 ft: 13394 corp: 1301/39Kb lim: 122 exec/s: 10772 rss: 301Mb L: 13/122 MS: 1 EraseBytes-
#86204	NEW    cov: 4730 ft: 13395 corp: 1302/39Kb lim: 122 exec/s: 10775 rss: 301Mb L: 27/122 MS: 1 ChangeASCIIInt-
#86290	REDUCE cov: 4730 ft: 13395 corp: 1302/39Kb lim: 122 exec/s: 10786 rss: 301Mb L: 35/122 MS: 1 EraseBytes-
#86292	REDUCE cov: 4730 ft: 13395 corp: 1302/39Kb lim: 122 exec/s: 10786 rss: 301Mb L: 34/122 MS: 2 CopyPart-EraseBytes-
#86373	NEW    cov: 4730 ft: 13397 corp: 1303/39Kb lim: 122 exec/s: 10796 rss: 301Mb L: 38/122 MS: 1 EraseBytes-
#86401	REDUCE cov: 4730 ft: 13397 corp: 1303/39Kb lim: 122 exec/s: 10800 rss: 301Mb L: 12/122 MS: 3 ChangeBit-EraseBytes-CrossOver-
#86487	REDUCE cov: 4730 ft: 13397 corp: 1303/39Kb lim: 122 exec/s: 10810 rss: 301Mb L: 10/122 MS: 1 EraseBytes-
#86563	REDUCE cov: 4730 ft: 13397 corp: 1303/39Kb lim: 122 exec/s: 10820 rss: 301Mb L: 17/122 MS: 1 EraseBytes-
#86599	REDUCE cov: 4730 ft: 13397 corp: 1303/39Kb lim: 122 exec/s: 10824 rss: 301Mb L: 46/122 MS: 1 EraseBytes-
#86661	REDUCE cov: 4730 ft: 13397 corp: 1303/39Kb lim: 122 exec/s: 10832 rss: 301Mb L: 27/122 MS: 2 ChangeByte-EraseBytes-
#86757	REDUCE cov: 4730 ft: 13397 corp: 1303/39Kb lim: 122 exec/s: 10844 rss: 301Mb L: 34/122 MS: 1 EraseBytes-
#86828	NEW    cov: 4730 ft: 13398 corp: 1304/39Kb lim: 122 exec/s: 10853 rss: 301Mb L: 88/122 MS: 1 CopyPart-
#86981	NEW    cov: 4730 ft: 13399 corp: 1305/39Kb lim: 122 exec/s: 10872 rss: 301Mb L: 114/122 MS: 3 ChangeBit-InsertByte-PersAutoDict- DE: "\000\000\000\000\000\000\0009"-
#86994	REDUCE cov: 4730 ft: 13399 corp: 1305/39Kb lim: 122 exec/s: 10874 rss: 301Mb L: 35/122 MS: 3 CopyPart-CMP-EraseBytes- DE: "Unit"-
#87006	REDUCE cov: 4730 ft: 13399 corp: 1305/39Kb lim: 122 exec/s: 10875 rss: 301Mb L: 57/122 MS: 2 CopyPart-EraseBytes-
#87086	REDUCE cov: 4730 ft: 13399 corp: 1305/39Kb lim: 122 exec/s: 10885 rss: 301Mb L: 70/122 MS: 5 ShuffleBytes-ChangeBinInt-CopyPart-ChangeBinInt-EraseBytes-
#87303	REDUCE cov: 4730 ft: 13399 corp: 1305/39Kb lim: 122 exec/s: 10912 rss: 301Mb L: 41/122 MS: 2 InsertByte-EraseBytes-
#87334	REDUCE cov: 4730 ft: 13399 corp: 1305/39Kb lim: 122 exec/s: 10916 rss: 301Mb L: 22/122 MS: 1 EraseBytes-
#87391	REDUCE cov: 4730 ft: 13399 corp: 1305/39Kb lim: 122 exec/s: 10923 rss: 301Mb L: 28/122 MS: 2 ChangeASCIIInt-EraseBytes-
#87398	REDUCE cov: 4730 ft: 13400 corp: 1306/40Kb lim: 122 exec/s: 10924 rss: 301Mb L: 42/122 MS: 2 PersAutoDict-CrossOver- DE: "U])))"-
#87430	NEW    cov: 4730 ft: 13401 corp: 1307/40Kb lim: 122 exec/s: 10928 rss: 301Mb L: 23/122 MS: 2 CMP-ChangeBinInt- DE: "\020\000\000\000"-
#87491	REDUCE cov: 4732 ft: 13405 corp: 1308/40Kb lim: 122 exec/s: 10936 rss: 301Mb L: 34/122 MS: 1 ChangeByte-
#87502	REDUCE cov: 4732 ft: 13408 corp: 1309/40Kb lim: 122 exec/s: 10937 rss: 301Mb L: 116/122 MS: 1 CopyPart-
#87503	REDUCE cov: 4732 ft: 13408 corp: 1309/40Kb lim: 122 exec/s: 10937 rss: 301Mb L: 58/122 MS: 1 CrossOver-
#87617	REDUCE cov: 4732 ft: 13408 corp: 1309/40Kb lim: 122 exec/s: 10952 rss: 301Mb L: 23/122 MS: 4 InsertByte-ChangeBinInt-ChangeBinInt-EraseBytes-
#87715	NEW    cov: 4732 ft: 13442 corp: 1310/40Kb lim: 122 exec/s: 10964 rss: 301Mb L: 27/122 MS: 3 CrossOver-InsertByte-CMP- DE: "Unit"-
#87901	NEW    cov: 4732 ft: 13443 corp: 1311/40Kb lim: 122 exec/s: 10987 rss: 301Mb L: 109/122 MS: 1 InsertRepeatedBytes-
#87954	REDUCE cov: 4732 ft: 13443 corp: 1311/40Kb lim: 122 exec/s: 10994 rss: 301Mb L: 52/122 MS: 3 CopyPart-InsertByte-CrossOver-
#87981	REDUCE cov: 4732 ft: 13449 corp: 1312/40Kb lim: 122 exec/s: 10997 rss: 301Mb L: 12/122 MS: 2 ChangeASCIIInt-CrossOver-
#88110	NEW    cov: 4732 ft: 13450 corp: 1313/40Kb lim: 122 exec/s: 11013 rss: 301Mb L: 25/122 MS: 4 ChangeBit-PersAutoDict-ChangeBit-CrossOver- DE: "fae"-
#88127	REDUCE cov: 4732 ft: 13450 corp: 1313/40Kb lim: 122 exec/s: 11015 rss: 301Mb L: 29/122 MS: 2 ChangeASCIIInt-EraseBytes-
#88340	NEW    cov: 4732 ft: 13451 corp: 1314/40Kb lim: 122 exec/s: 11042 rss: 301Mb L: 122/122 MS: 3 ChangeByte-PersAutoDict-ChangeASCIIInt- DE: "\001\000\000\000\000\000\000\003"-
#88343	REDUCE cov: 4732 ft: 13451 corp: 1314/40Kb lim: 122 exec/s: 11042 rss: 301Mb L: 57/122 MS: 3 PersAutoDict-CMP-EraseBytes- DE: "'\000\000\000\000\000\000\000"-"\000\000\000\265"-
#88359	REDUCE cov: 4732 ft: 13451 corp: 1314/40Kb lim: 122 exec/s: 11044 rss: 301Mb L: 24/122 MS: 1 EraseBytes-
#88408	REDUCE cov: 4732 ft: 13453 corp: 1315/40Kb lim: 122 exec/s: 11051 rss: 301Mb L: 27/122 MS: 4 ChangeBinInt-ChangeByte-ChangeByte-PersAutoDict- DE: "\000\000\000\265"-
#88435	REDUCE cov: 4732 ft: 13453 corp: 1315/40Kb lim: 122 exec/s: 11054 rss: 301Mb L: 74/122 MS: 2 ChangeASCIIInt-EraseBytes-
#88497	REDUCE cov: 4732 ft: 13453 corp: 1315/40Kb lim: 122 exec/s: 11062 rss: 301Mb L: 37/122 MS: 2 CrossOver-EraseBytes-
#88733	REDUCE cov: 4732 ft: 13453 corp: 1315/40Kb lim: 122 exec/s: 11091 rss: 301Mb L: 56/122 MS: 1 EraseBytes-
#88784	REDUCE cov: 4732 ft: 13453 corp: 1315/40Kb lim: 122 exec/s: 11098 rss: 301Mb L: 17/122 MS: 1 EraseBytes-
#88817	NEW    cov: 4732 ft: 13454 corp: 1316/40Kb lim: 122 exec/s: 11102 rss: 301Mb L: 27/122 MS: 3 CopyPart-CMP-ChangeByte- DE: "fals .tr\234ue-0."-
#89403	REDUCE cov: 4733 ft: 13455 corp: 1317/40Kb lim: 122 exec/s: 11175 rss: 301Mb L: 7/122 MS: 1 EraseBytes-
#89489	REDUCE cov: 4733 ft: 13455 corp: 1317/40Kb lim: 122 exec/s: 11186 rss: 301Mb L: 13/122 MS: 1 EraseBytes-
#89569	REDUCE cov: 4733 ft: 13455 corp: 1317/40Kb lim: 122 exec/s: 11196 rss: 301Mb L: 46/122 MS: 5 PersAutoDict-InsertByte-ChangeASCIIInt-ChangeByte-EraseBytes- DE: "\002\000\000\000\000\000\000\000"-
#89639	REDUCE cov: 4733 ft: 13457 corp: 1318/40Kb lim: 122 exec/s: 11204 rss: 301Mb L: 52/122 MS: 5 CMP-InsertByte-ChangeBit-ShuffleBytes-CrossOver- DE: "\032\000\000\000\000\000\000\000"-
#89685	NEW    cov: 4733 ft: 13458 corp: 1319/40Kb lim: 122 exec/s: 11210 rss: 301Mb L: 35/122 MS: 1 CopyPart-
#89766	REDUCE cov: 4733 ft: 13458 corp: 1319/40Kb lim: 122 exec/s: 11220 rss: 301Mb L: 60/122 MS: 1 EraseBytes-
#89853	REDUCE cov: 4733 ft: 13458 corp: 1319/40Kb lim: 122 exec/s: 11231 rss: 301Mb L: 94/122 MS: 2 ChangeByte-EraseBytes-
#89919	REDUCE cov: 4733 ft: 13458 corp: 1319/40Kb lim: 122 exec/s: 11239 rss: 301Mb L: 13/122 MS: 1 EraseBytes-
#90028	REDUCE cov: 4733 ft: 13458 corp: 1319/40Kb lim: 122 exec/s: 11253 rss: 301Mb L: 39/122 MS: 4 CMP-ChangeBit-ChangeBit-EraseBytes- DE: "\000\000\000\000"-
#90041	REDUCE cov: 4733 ft: 13458 corp: 1319/40Kb lim: 122 exec/s: 11255 rss: 301Mb L: 11/122 MS: 3 CopyPart-InsertByte-CrossOver-
#90048	NEW    cov: 4733 ft: 13460 corp: 1320/40Kb lim: 122 exec/s: 11256 rss: 301Mb L: 91/122 MS: 2 ChangeASCIIInt-InsertRepeatedBytes-
#90106	NEW    cov: 4733 ft: 13461 corp: 1321/40Kb lim: 122 exec/s: 11263 rss: 301Mb L: 21/122 MS: 3 PersAutoDict-InsertByte-EraseBytes- DE: "Q\220@\225"-
#90174	REDUCE cov: 4733 ft: 13461 corp: 1321/40Kb lim: 122 exec/s: 11271 rss: 301Mb L: 24/122 MS: 3 CopyPart-InsertByte-EraseBytes-
#90285	REDUCE cov: 4733 ft: 13461 corp: 1321/40Kb lim: 122 exec/s: 11285 rss: 301Mb L: 46/122 MS: 1 EraseBytes-
#90311	REDUCE cov: 4733 ft: 13461 corp: 1321/40Kb lim: 122 exec/s: 11288 rss: 301Mb L: 19/122 MS: 1 EraseBytes-
#90449	NEW    cov: 4733 ft: 13462 corp: 1322/40Kb lim: 122 exec/s: 11306 rss: 301Mb L: 77/122 MS: 3 PersAutoDict-ShuffleBytes-PersAutoDict- DE: "\000\000\001W"-"\000\000\374\303"-
#90537	REDUCE cov: 4733 ft: 13462 corp: 1322/40Kb lim: 122 exec/s: 11317 rss: 301Mb L: 68/122 MS: 3 ChangeBit-ChangeBinInt-EraseBytes-
#90714	REDUCE cov: 4733 ft: 13462 corp: 1322/40Kb lim: 122 exec/s: 11339 rss: 301Mb L: 37/122 MS: 2 InsertByte-EraseBytes-
#90772	REDUCE cov: 4733 ft: 13462 corp: 1322/40Kb lim: 122 exec/s: 10085 rss: 301Mb L: 47/122 MS: 3 InsertByte-InsertByte-CrossOver-
#90868	REDUCE cov: 4733 ft: 13462 corp: 1322/40Kb lim: 122 exec/s: 10096 rss: 301Mb L: 61/122 MS: 1 EraseBytes-
#90929	NEW    cov: 4733 ft: 13463 corp: 1323/40Kb lim: 122 exec/s: 10103 rss: 301Mb L: 95/122 MS: 1 CopyPart-
#91120	REDUCE cov: 4733 ft: 13463 corp: 1323/40Kb lim: 122 exec/s: 10124 rss: 301Mb L: 14/122 MS: 1 EraseBytes-
#91223	NEW    cov: 4733 ft: 13465 corp: 1324/40Kb lim: 122 exec/s: 10135 rss: 301Mb L: 28/122 MS: 3 ChangeBinInt-PersAutoDict-CopyPart- DE: "false\""-
#91287	NEW    cov: 4736 ft: 13470 corp: 1325/40Kb lim: 122 exec/s: 10143 rss: 301Mb L: 88/122 MS: 4 CrossOver-CopyPart-CMP-CopyPart- DE: "\310\372\377\377"-
#91388	REDUCE cov: 4736 ft: 13470 corp: 1325/40Kb lim: 122 exec/s: 10154 rss: 301Mb L: 33/122 MS: 1 EraseBytes-
#91431	REDUCE cov: 4736 ft: 13470 corp: 1325/40Kb lim: 122 exec/s: 10159 rss: 301Mb L: 39/122 MS: 3 CMP-PersAutoDict-EraseBytes- DE: "\000\000\001u"-"\032\000\000\000\000\000\000\000"-
#91482	REDUCE cov: 4736 ft: 13470 corp: 1325/40Kb lim: 122 exec/s: 10164 rss: 301Mb L: 20/122 MS: 1 EraseBytes-
#91708	REDUCE cov: 4736 ft: 13470 corp: 1325/40Kb lim: 122 exec/s: 10189 rss: 301Mb L: 8/122 MS: 1 EraseBytes-
#91731	REDUCE cov: 4736 ft: 13470 corp: 1325/40Kb lim: 122 exec/s: 10192 rss: 301Mb L: 49/122 MS: 3 ChangeASCIIInt-PersAutoDict-EraseBytes- DE: "9\000\000\000"-
#91848	NEW    cov: 4736 ft: 13475 corp: 1326/40Kb lim: 122 exec/s: 10205 rss: 301Mb L: 76/122 MS: 2 ShuffleBytes-EraseBytes-
#91964	REDUCE cov: 4736 ft: 13476 corp: 1327/40Kb lim: 122 exec/s: 10218 rss: 301Mb L: 62/122 MS: 1 PersAutoDict- DE: "\257\000"-
#92069	REDUCE cov: 4736 ft: 13476 corp: 1327/40Kb lim: 122 exec/s: 10229 rss: 301Mb L: 55/122 MS: 5 ChangeASCIIInt-CopyPart-InsertRepeatedBytes-CMP-EraseBytes- DE: "p\003\000\000"-
#92080	NEW    cov: 4736 ft: 13477 corp: 1328/40Kb lim: 122 exec/s: 10231 rss: 301Mb L: 38/122 MS: 1 CopyPart-
#92155	REDUCE cov: 4736 ft: 13477 corp: 1328/40Kb lim: 122 exec/s: 10239 rss: 301Mb L: 32/122 MS: 5 PersAutoDict-ShuffleBytes-CMP-InsertByte-EraseBytes- DE: "fruu"-"true\""-
#92156	REDUCE cov: 4736 ft: 13477 corp: 1328/40Kb lim: 122 exec/s: 10239 rss: 301Mb L: 6/122 MS: 1 EraseBytes-
#92162	REDUCE cov: 4736 ft: 13477 corp: 1328/40Kb lim: 122 exec/s: 10240 rss: 301Mb L: 74/122 MS: 1 EraseBytes-
#92167	NEW    cov: 4736 ft: 13485 corp: 1329/40Kb lim: 122 exec/s: 10240 rss: 301Mb L: 18/122 MS: 5 CrossOver-ChangeBinInt-CopyPart-ChangeByte-CrossOver-
#92182	REDUCE cov: 4736 ft: 13485 corp: 1329/40Kb lim: 122 exec/s: 10242 rss: 301Mb L: 58/122 MS: 5 PersAutoDict-ChangeBit-ChangeByte-ChangeByte-EraseBytes- DE: "\026\000\000\000"-
#92474	REDUCE cov: 4736 ft: 13485 corp: 1329/40Kb lim: 122 exec/s: 10274 rss: 301Mb L: 6/122 MS: 2 ChangeASCIIInt-EraseBytes-
#92626	REDUCE cov: 4736 ft: 13485 corp: 1329/40Kb lim: 122 exec/s: 10291 rss: 301Mb L: 6/122 MS: 2 PersAutoDict-EraseBytes- DE: "\001\000"-
#92644	NEW    cov: 4736 ft: 13487 corp: 1330/40Kb lim: 122 exec/s: 10293 rss: 301Mb L: 73/122 MS: 3 ChangeBinInt-ShuffleBytes-InsertRepeatedBytes-
#92666	REDUCE cov: 4736 ft: 13487 corp: 1330/40Kb lim: 122 exec/s: 10296 rss: 301Mb L: 16/122 MS: 2 ChangeBit-EraseBytes-
#92679	NEW    cov: 4736 ft: 13491 corp: 1331/40Kb lim: 122 exec/s: 10297 rss: 301Mb L: 32/122 MS: 3 ChangeBinInt-ChangeASCIIInt-CrossOver-
#92699	NEW    cov: 4736 ft: 13492 corp: 1332/40Kb lim: 122 exec/s: 10299 rss: 301Mb L: 95/122 MS: 5 PersAutoDict-CMP-ChangeASCIIInt-ChangeASCIIInt-CopyPart- DE: "\000\000\000\000\000\000\000\037"-"\001 \000\000\000\000\000\001"-
#92712	REDUCE cov: 4736 ft: 13492 corp: 1332/40Kb lim: 122 exec/s: 10301 rss: 301Mb L: 26/122 MS: 3 CrossOver-CopyPart-EraseBytes-
#92777	REDUCE cov: 4736 ft: 13492 corp: 1332/40Kb lim: 122 exec/s: 10308 rss: 301Mb L: 13/122 MS: 5 InsertByte-ChangeASCIIInt-ChangeASCIIInt-EraseBytes-ChangeByte-
#92943	REDUCE cov: 4736 ft: 13492 corp: 1332/40Kb lim: 122 exec/s: 10327 rss: 301Mb L: 11/122 MS: 1 EraseBytes-
#93031	NEW    cov: 4736 ft: 13493 corp: 1333/40Kb lim: 122 exec/s: 10336 rss: 301Mb L: 37/122 MS: 3 CopyPart-ChangeBinInt-CrossOver-
#93060	REDUCE cov: 4736 ft: 13493 corp: 1333/40Kb lim: 122 exec/s: 10340 rss: 301Mb L: 46/122 MS: 4 EraseBytes-CMP-ChangeASCIIInt-ChangeBit- DE: "New"-
#93076	REDUCE cov: 4736 ft: 13493 corp: 1333/40Kb lim: 122 exec/s: 10341 rss: 301Mb L: 18/122 MS: 1 EraseBytes-
#93193	REDUCE cov: 4736 ft: 13493 corp: 1333/40Kb lim: 122 exec/s: 10354 rss: 301Mb L: 19/122 MS: 2 CMP-EraseBytes- DE: "U'mt"-
#93265	REDUCE cov: 4736 ft: 13493 corp: 1333/40Kb lim: 122 exec/s: 10362 rss: 301Mb L: 12/122 MS: 2 InsertByte-EraseBytes-
#93521	REDUCE cov: 4736 ft: 13493 corp: 1333/40Kb lim: 122 exec/s: 10391 rss: 301Mb L: 18/122 MS: 1 EraseBytes-
#93582	REDUCE cov: 4736 ft: 13493 corp: 1333/40Kb lim: 122 exec/s: 10398 rss: 301Mb L: 32/122 MS: 1 EraseBytes-
#93751	REDUCE cov: 4736 ft: 13493 corp: 1333/40Kb lim: 122 exec/s: 10416 rss: 301Mb L: 17/122 MS: 4 InsertByte-ShuffleBytes-ChangeASCIIInt-CrossOver-
#93867	REDUCE cov: 4736 ft: 13493 corp: 1333/40Kb lim: 122 exec/s: 10429 rss: 301Mb L: 27/122 MS: 1 EraseBytes-
#93973	REDUCE cov: 4736 ft: 13493 corp: 1333/40Kb lim: 122 exec/s: 10441 rss: 301Mb L: 50/122 MS: 1 EraseBytes-
#94029	REDUCE cov: 4736 ft: 13493 corp: 1333/40Kb lim: 122 exec/s: 10447 rss: 301Mb L: 21/122 MS: 1 EraseBytes-
#94146	REDUCE cov: 4736 ft: 13493 corp: 1333/40Kb lim: 122 exec/s: 10460 rss: 301Mb L: 6/122 MS: 2 InsertByte-EraseBytes-
#94162	REDUCE cov: 4736 ft: 13493 corp: 1333/40Kb lim: 122 exec/s: 10462 rss: 301Mb L: 6/122 MS: 1 EraseBytes-
#94168	REDUCE cov: 4736 ft: 13493 corp: 1333/40Kb lim: 122 exec/s: 10463 rss: 301Mb L: 98/120 MS: 1 EraseBytes-
#94286	NEW    cov: 4738 ft: 13495 corp: 1334/40Kb lim: 122 exec/s: 10476 rss: 301Mb L: 28/120 MS: 3 CrossOver-InsertByte-ChangeBit-
#94292	REDUCE cov: 4738 ft: 13495 corp: 1334/40Kb lim: 122 exec/s: 10476 rss: 301Mb L: 11/120 MS: 1 EraseBytes-
#94448	REDUCE cov: 4738 ft: 13495 corp: 1334/40Kb lim: 122 exec/s: 10494 rss: 301Mb L: 8/120 MS: 1 EraseBytes-
#94470	REDUCE cov: 4738 ft: 13495 corp: 1334/40Kb lim: 122 exec/s: 10496 rss: 301Mb L: 32/120 MS: 2 ChangeByte-EraseBytes-
#94517	REDUCE cov: 4738 ft: 13495 corp: 1334/40Kb lim: 122 exec/s: 10501 rss: 301Mb L: 22/120 MS: 2 ShuffleBytes-EraseBytes-
#94559	REDUCE cov: 4738 ft: 13495 corp: 1334/40Kb lim: 122 exec/s: 10506 rss: 301Mb L: 8/120 MS: 2 CMP-EraseBytes- DE: "c\000\000\000"-
#94598	REDUCE cov: 4738 ft: 13495 corp: 1334/40Kb lim: 122 exec/s: 10510 rss: 301Mb L: 21/120 MS: 4 ChangeBinInt-CopyPart-ChangeByte-EraseBytes-
#94615	REDUCE cov: 4738 ft: 13495 corp: 1334/40Kb lim: 122 exec/s: 10512 rss: 301Mb L: 12/120 MS: 2 ChangeByte-EraseBytes-
#94672	NEW    cov: 4738 ft: 13496 corp: 1335/40Kb lim: 122 exec/s: 10519 rss: 301Mb L: 45/120 MS: 2 InsertByte-EraseBytes-
#94791	NEW    cov: 4738 ft: 13504 corp: 1336/41Kb lim: 122 exec/s: 10532 rss: 301Mb L: 113/120 MS: 4 ShuffleBytes-ChangeByte-ChangeBinInt-CrossOver-
#94927	REDUCE cov: 4738 ft: 13504 corp: 1336/41Kb lim: 122 exec/s: 10547 rss: 301Mb L: 68/120 MS: 1 EraseBytes-
#94964	NEW    cov: 4738 ft: 13505 corp: 1337/41Kb lim: 122 exec/s: 10551 rss: 301Mb L: 97/120 MS: 2 ChangeByte-ChangeByte-
#95007	REDUCE cov: 4738 ft: 13505 corp: 1337/41Kb lim: 122 exec/s: 10556 rss: 301Mb L: 23/120 MS: 3 InsertRepeatedBytes-EraseBytes-EraseBytes-
#95155	REDUCE cov: 4738 ft: 13531 corp: 1338/41Kb lim: 122 exec/s: 10572 rss: 301Mb L: 61/120 MS: 3 ChangeBinInt-ShuffleBytes-PersAutoDict- DE: "\002\000\000\000\000\000\000\000"-
#95296	REDUCE cov: 4738 ft: 13532 corp: 1339/41Kb lim: 122 exec/s: 10588 rss: 301Mb L: 70/120 MS: 1 InsertRepeatedBytes-
#95315	REDUCE cov: 4738 ft: 13532 corp: 1339/41Kb lim: 122 exec/s: 10590 rss: 301Mb L: 19/120 MS: 4 ChangeASCIIInt-InsertByte-InsertByte-EraseBytes-
#95393	NEW    cov: 4738 ft: 13533 corp: 1340/41Kb lim: 122 exec/s: 10599 rss: 301Mb L: 24/120 MS: 3 InsertByte-ChangeASCIIInt-ShuffleBytes-
#95650	REDUCE cov: 4738 ft: 13533 corp: 1340/41Kb lim: 122 exec/s: 10627 rss: 301Mb L: 53/120 MS: 2 ChangeByte-EraseBytes-
#95741	REDUCE cov: 4738 ft: 13533 corp: 1340/41Kb lim: 122 exec/s: 10637 rss: 301Mb L: 32/120 MS: 1 EraseBytes-
#95867	REDUCE cov: 4738 ft: 13533 corp: 1340/41Kb lim: 122 exec/s: 10651 rss: 301Mb L: 72/120 MS: 1 EraseBytes-
#95960	REDUCE cov: 4738 ft: 13533 corp: 1340/41Kb lim: 122 exec/s: 10662 rss: 301Mb L: 52/120 MS: 3 InsertByte-PersAutoDict-EraseBytes- DE: "\000\000\374\303"-
#96019	REDUCE cov: 4738 ft: 13533 corp: 1340/41Kb lim: 122 exec/s: 10668 rss: 301Mb L: 9/120 MS: 4 PersAutoDict-CrossOver-ChangeBinInt-EraseBytes- DE: "\000\001"-
#96032	REDUCE cov: 4738 ft: 13533 corp: 1340/41Kb lim: 122 exec/s: 10670 rss: 301Mb L: 41/120 MS: 3 PersAutoDict-ShuffleBytes-EraseBytes- DE: "\026\000\000\000"-
#96178	REDUCE cov: 4738 ft: 13533 corp: 1340/41Kb lim: 122 exec/s: 10686 rss: 301Mb L: 35/120 MS: 1 EraseBytes-
#96318	REDUCE cov: 4738 ft: 13533 corp: 1340/41Kb lim: 122 exec/s: 10702 rss: 301Mb L: 104/120 MS: 5 InsertByte-PersAutoDict-PersAutoDict-ShuffleBytes-EraseBytes- DE: "\377\377\377\377\377\377\377\003"-"fruu"-
#96470	NEW    cov: 4738 ft: 13534 corp: 1341/41Kb lim: 122 exec/s: 10718 rss: 301Mb L: 92/120 MS: 2 CopyPart-PersAutoDict- DE: "\026\000\000\000"-
#96543	NEW    cov: 4738 ft: 13536 corp: 1342/41Kb lim: 122 exec/s: 10727 rss: 301Mb L: 19/120 MS: 3 ChangeBit-CMP-CrossOver- DE: "\000\000\000\000"-
#96894	NEW    cov: 4741 ft: 13541 corp: 1343/41Kb lim: 122 exec/s: 10766 rss: 301Mb L: 37/120 MS: 1 PersAutoDict- DE: "\015\000\000\000\000\000\000\000"-
#96900	NEW    cov: 4743 ft: 13543 corp: 1344/41Kb lim: 122 exec/s: 10766 rss: 301Mb L: 38/120 MS: 1 CrossOver-
#96911	REDUCE cov: 4743 ft: 13543 corp: 1344/41Kb lim: 122 exec/s: 10767 rss: 301Mb L: 32/120 MS: 1 EraseBytes-
#96974	REDUCE cov: 4743 ft: 13543 corp: 1344/41Kb lim: 122 exec/s: 10774 rss: 301Mb L: 15/120 MS: 3 ShuffleBytes-CopyPart-CrossOver-
#97094	NEW    cov: 4743 ft: 13544 corp: 1345/41Kb lim: 122 exec/s: 10788 rss: 301Mb L: 105/120 MS: 5 ChangeBinInt-InsertByte-InsertByte-ChangeByte-InsertRepeatedBytes-
#97245	REDUCE cov: 4743 ft: 13547 corp: 1346/41Kb lim: 122 exec/s: 10805 rss: 301Mb L: 25/120 MS: 1 EraseBytes-
#97302	REDUCE cov: 4743 ft: 13547 corp: 1346/41Kb lim: 122 exec/s: 10811 rss: 301Mb L: 15/120 MS: 2 PersAutoDict-EraseBytes- DE: "\020\000\000\000"-
#97322	REDUCE cov: 4743 ft: 13547 corp: 1346/41Kb lim: 122 exec/s: 10813 rss: 301Mb L: 17/120 MS: 5 CopyPart-EraseBytes-ChangeBit-InsertByte-ChangeByte-
#97333	NEW    cov: 4746 ft: 13558 corp: 1347/41Kb lim: 122 exec/s: 10814 rss: 301Mb L: 82/120 MS: 1 CrossOver-
#97434	REDUCE cov: 4746 ft: 13558 corp: 1347/41Kb lim: 122 exec/s: 10826 rss: 301Mb L: 32/120 MS: 1 EraseBytes-
#97495	REDUCE cov: 4746 ft: 13558 corp: 1347/41Kb lim: 122 exec/s: 10832 rss: 301Mb L: 64/120 MS: 1 CrossOver-
#97693	NEW    cov: 4753 ft: 13565 corp: 1348/41Kb lim: 122 exec/s: 10854 rss: 301Mb L: 42/120 MS: 3 ChangeASCIIInt-CMP-CopyPart- DE: "\000\000\000("-
#97758	REDUCE cov: 4753 ft: 13565 corp: 1348/41Kb lim: 122 exec/s: 10862 rss: 301Mb L: 59/120 MS: 5 ChangeByte-ChangeBit-ShuffleBytes-ShuffleBytes-EraseBytes-
#97815	REDUCE cov: 4753 ft: 13565 corp: 1348/41Kb lim: 122 exec/s: 10868 rss: 301Mb L: 49/120 MS: 2 ChangeBit-EraseBytes-
#97821	REDUCE cov: 4753 ft: 13565 corp: 1348/41Kb lim: 122 exec/s: 10869 rss: 301Mb L: 4/120 MS: 1 EraseBytes-
#97893	REDUCE cov: 4753 ft: 13565 corp: 1348/41Kb lim: 122 exec/s: 10877 rss: 301Mb L: 69/120 MS: 2 CMP-EraseBytes- DE: "tCemi"-
#97914	REDUCE cov: 4753 ft: 13565 corp: 1348/41Kb lim: 122 exec/s: 10879 rss: 301Mb L: 62/120 MS: 1 EraseBytes-
#98125	NEW    cov: 4753 ft: 13568 corp: 1349/41Kb lim: 122 exec/s: 10902 rss: 301Mb L: 46/120 MS: 1 PersAutoDict- DE: "\011\000"-
#98171	NEW    cov: 4753 ft: 13570 corp: 1350/41Kb lim: 122 exec/s: 10907 rss: 301Mb L: 10/120 MS: 1 ChangeBinInt-
#98212	REDUCE cov: 4753 ft: 13570 corp: 1350/41Kb lim: 122 exec/s: 10912 rss: 301Mb L: 57/120 MS: 1 EraseBytes-
#98419	REDUCE cov: 4753 ft: 13570 corp: 1350/41Kb lim: 122 exec/s: 10935 rss: 301Mb L: 7/120 MS: 2 ChangeByte-EraseBytes-
#98420	REDUCE cov: 4753 ft: 13570 corp: 1350/41Kb lim: 122 exec/s: 10935 rss: 301Mb L: 45/120 MS: 1 EraseBytes-
#98531	REDUCE cov: 4753 ft: 13570 corp: 1350/41Kb lim: 122 exec/s: 10947 rss: 301Mb L: 38/120 MS: 1 EraseBytes-
#98614	REDUCE cov: 4753 ft: 13570 corp: 1350/41Kb lim: 122 exec/s: 10957 rss: 301Mb L: 17/120 MS: 3 PersAutoDict-ChangeBinInt-EraseBytes- DE: "9\000\000\000"-
#98658	REDUCE cov: 4753 ft: 13570 corp: 1350/41Kb lim: 122 exec/s: 10962 rss: 301Mb L: 29/120 MS: 4 PersAutoDict-ChangeBinInt-EraseBytes-InsertByte- DE: "\000\000\000\000\000\000\000\000"-
#98724	REDUCE cov: 4753 ft: 13570 corp: 1350/41Kb lim: 122 exec/s: 10969 rss: 301Mb L: 28/120 MS: 1 EraseBytes-
#98755	NEW    cov: 4753 ft: 13571 corp: 1351/41Kb lim: 122 exec/s: 10972 rss: 301Mb L: 65/120 MS: 1 ChangeBinInt-
#99016	REDUCE cov: 4753 ft: 13571 corp: 1351/41Kb lim: 122 exec/s: 11001 rss: 301Mb L: 56/120 MS: 1 CrossOver-
#99049	NEW    cov: 4753 ft: 13572 corp: 1352/41Kb lim: 122 exec/s: 11005 rss: 301Mb L: 39/120 MS: 3 InsertByte-ShuffleBytes-CopyPart-
#99191	REDUCE cov: 4753 ft: 13572 corp: 1352/41Kb lim: 122 exec/s: 11021 rss: 301Mb L: 12/120 MS: 2 ShuffleBytes-EraseBytes-
#99337	NEW    cov: 4753 ft: 13573 corp: 1353/41Kb lim: 122 exec/s: 11037 rss: 301Mb L: 25/120 MS: 1 ChangeBinInt-
#99438	REDUCE cov: 4753 ft: 13576 corp: 1354/41Kb lim: 122 exec/s: 11048 rss: 301Mb L: 23/120 MS: 1 CopyPart-
#99524	REDUCE cov: 4753 ft: 13576 corp: 1354/41Kb lim: 122 exec/s: 11058 rss: 301Mb L: 97/120 MS: 1 EraseBytes-
#99541	REDUCE cov: 4753 ft: 13576 corp: 1354/41Kb lim: 122 exec/s: 11060 rss: 301Mb L: 12/120 MS: 2 ChangeByte-EraseBytes-
#99547	REDUCE cov: 4753 ft: 13576 corp: 1354/41Kb lim: 122 exec/s: 11060 rss: 301Mb L: 17/120 MS: 1 EraseBytes-
#99639	REDUCE cov: 4753 ft: 13576 corp: 1354/41Kb lim: 122 exec/s: 11071 rss: 301Mb L: 24/120 MS: 2 CrossOver-EraseBytes-
#99845	REDUCE cov: 4753 ft: 13584 corp: 1355/41Kb lim: 122 exec/s: 11093 rss: 301Mb L: 107/120 MS: 1 InsertRepeatedBytes-
#99946	REDUCE cov: 4753 ft: 13584 corp: 1355/41Kb lim: 122 exec/s: 11105 rss: 301Mb L: 12/120 MS: 1 EraseBytes-
#99987	REDUCE cov: 4753 ft: 13584 corp: 1355/41Kb lim: 122 exec/s: 11109 rss: 301Mb L: 16/120 MS: 1 EraseBytes-
#100024	REDUCE cov: 4753 ft: 13594 corp: 1356/41Kb lim: 122 exec/s: 11113 rss: 301Mb L: 48/120 MS: 2 ShuffleBytes-InsertByte-
#100060	REDUCE cov: 4753 ft: 13594 corp: 1356/41Kb lim: 122 exec/s: 11117 rss: 301Mb L: 42/120 MS: 1 EraseBytes-
#100182	REDUCE cov: 4753 ft: 13594 corp: 1356/41Kb lim: 122 exec/s: 11131 rss: 301Mb L: 73/120 MS: 2 ShuffleBytes-CrossOver-
#100209	REDUCE cov: 4753 ft: 13594 corp: 1356/41Kb lim: 122 exec/s: 11134 rss: 301Mb L: 11/120 MS: 2 CMP-EraseBytes- DE: "\011\010"-
#100435	NEW    cov: 4753 ft: 13595 corp: 1357/41Kb lim: 122 exec/s: 11159 rss: 301Mb L: 19/120 MS: 1 ChangeBinInt-
#100516	REDUCE cov: 4753 ft: 13597 corp: 1358/41Kb lim: 122 exec/s: 11168 rss: 301Mb L: 58/120 MS: 1 ChangeByte-
#100532	REDUCE cov: 4753 ft: 13597 corp: 1358/41Kb lim: 122 exec/s: 11170 rss: 301Mb L: 45/120 MS: 1 EraseBytes-
#100549	REDUCE cov: 4753 ft: 13597 corp: 1358/41Kb lim: 122 exec/s: 11172 rss: 301Mb L: 42/120 MS: 2 PersAutoDict-EraseBytes- DE: "U'mt"-
#100670	REDUCE cov: 4753 ft: 13597 corp: 1358/41Kb lim: 122 exec/s: 11185 rss: 301Mb L: 43/120 MS: 1 EraseBytes-
#100736	REDUCE cov: 4753 ft: 13597 corp: 1358/41Kb lim: 122 exec/s: 11192 rss: 301Mb L: 33/120 MS: 1 EraseBytes-
#100763	REDUCE cov: 4753 ft: 13597 corp: 1358/41Kb lim: 122 exec/s: 11195 rss: 301Mb L: 55/120 MS: 2 ChangeBinInt-EraseBytes-
#100979	REDUCE cov: 4753 ft: 13597 corp: 1358/41Kb lim: 122 exec/s: 11219 rss: 301Mb L: 54/120 MS: 1 EraseBytes-
#101055	REDUCE cov: 4753 ft: 13597 corp: 1358/41Kb lim: 122 exec/s: 11228 rss: 301Mb L: 9/120 MS: 1 EraseBytes-
#101152	REDUCE cov: 4753 ft: 13597 corp: 1358/41Kb lim: 122 exec/s: 11239 rss: 301Mb L: 39/120 MS: 2 ShuffleBytes-EraseBytes-
#101265	REDUCE cov: 4753 ft: 13597 corp: 1358/41Kb lim: 122 exec/s: 11251 rss: 301Mb L: 55/120 MS: 3 CopyPart-CopyPart-EraseBytes-
#101461	REDUCE cov: 4753 ft: 13597 corp: 1358/41Kb lim: 122 exec/s: 11273 rss: 301Mb L: 16/120 MS: 1 EraseBytes-
#101463	REDUCE cov: 4753 ft: 13597 corp: 1358/41Kb lim: 122 exec/s: 11273 rss: 301Mb L: 44/120 MS: 2 ChangeBit-EraseBytes-
#101635	NEW    cov: 4753 ft: 13598 corp: 1359/41Kb lim: 122 exec/s: 11292 rss: 301Mb L: 69/120 MS: 2 ChangeASCIIInt-InsertRepeatedBytes-
#101712	REDUCE cov: 4753 ft: 13598 corp: 1359/41Kb lim: 122 exec/s: 11301 rss: 301Mb L: 47/120 MS: 2 CMP-EraseBytes- DE: "New"-
#101716	REDUCE cov: 4753 ft: 13598 corp: 1359/41Kb lim: 122 exec/s: 11301 rss: 301Mb L: 74/120 MS: 4 ChangeByte-ChangeASCIIInt-ShuffleBytes-EraseBytes-
#101778	REDUCE cov: 4753 ft: 13598 corp: 1359/41Kb lim: 122 exec/s: 11308 rss: 301Mb L: 3/120 MS: 2 CopyPart-EraseBytes-
#101844	REDUCE cov: 4753 ft: 13598 corp: 1359/41Kb lim: 122 exec/s: 11316 rss: 301Mb L: 95/120 MS: 1 EraseBytes-
#102032	REDUCE cov: 4753 ft: 13598 corp: 1359/41Kb lim: 122 exec/s: 11336 rss: 301Mb L: 20/120 MS: 3 ChangeBinInt-PersAutoDict-EraseBytes- DE: "\257\000"-
#102043	REDUCE cov: 4753 ft: 13598 corp: 1359/41Kb lim: 122 exec/s: 11338 rss: 301Mb L: 30/120 MS: 1 EraseBytes-
#102047	NEW    cov: 4753 ft: 13599 corp: 1360/41Kb lim: 122 exec/s: 11338 rss: 301Mb L: 76/120 MS: 4 InsertRepeatedBytes-InsertByte-ChangeByte-EraseBytes-
#102173	REDUCE cov: 4753 ft: 13599 corp: 1360/41Kb lim: 122 exec/s: 11352 rss: 301Mb L: 12/120 MS: 1 EraseBytes-
#102184	REDUCE cov: 4753 ft: 13599 corp: 1360/41Kb lim: 122 exec/s: 11353 rss: 301Mb L: 59/120 MS: 1 EraseBytes-
#102315	REDUCE cov: 4753 ft: 13599 corp: 1360/41Kb lim: 122 exec/s: 11368 rss: 301Mb L: 12/120 MS: 1 EraseBytes-
#102350	REDUCE cov: 4753 ft: 13599 corp: 1360/41Kb lim: 122 exec/s: 11372 rss: 301Mb L: 60/120 MS: 5 PersAutoDict-CrossOver-ChangeByte-ShuffleBytes-CrossOver- DE: "tr;e"-
#102436	REDUCE cov: 4753 ft: 13599 corp: 1360/41Kb lim: 122 exec/s: 11381 rss: 301Mb L: 70/120 MS: 1 EraseBytes-
#102587	REDUCE cov: 4753 ft: 13599 corp: 1360/41Kb lim: 122 exec/s: 11398 rss: 301Mb L: 13/120 MS: 1 EraseBytes-
#102678	REDUCE cov: 4753 ft: 13599 corp: 1360/41Kb lim: 122 exec/s: 11408 rss: 301Mb L: 9/120 MS: 1 EraseBytes-
#102735	REDUCE cov: 4753 ft: 13599 corp: 1360/41Kb lim: 122 exec/s: 11415 rss: 301Mb L: 10/120 MS: 2 ChangeBit-EraseBytes-
#102878	REDUCE cov: 4753 ft: 13599 corp: 1360/41Kb lim: 122 exec/s: 11430 rss: 301Mb L: 88/120 MS: 3 ChangeASCIIInt-ChangeByte-EraseBytes-
#102882	REDUCE cov: 4753 ft: 13602 corp: 1361/41Kb lim: 122 exec/s: 11431 rss: 301Mb L: 37/120 MS: 4 ChangeASCIIInt-ChangeBit-ShuffleBytes-ShuffleBytes-
#103151	REDUCE cov: 4753 ft: 13635 corp: 1362/41Kb lim: 122 exec/s: 11461 rss: 301Mb L: 64/120 MS: 4 ChangeBit-CopyPart-ChangeBinInt-ChangeBit-
#103257	NEW    cov: 4753 ft: 13651 corp: 1363/41Kb lim: 122 exec/s: 11473 rss: 301Mb L: 14/120 MS: 1 CrossOver-
#103363	REDUCE cov: 4753 ft: 13651 corp: 1363/41Kb lim: 122 exec/s: 11484 rss: 301Mb L: 34/120 MS: 1 EraseBytes-
#103495	REDUCE cov: 4753 ft: 13651 corp: 1363/41Kb lim: 122 exec/s: 11499 rss: 301Mb L: 35/120 MS: 2 ShuffleBytes-EraseBytes-
#103596	NEW    cov: 4753 ft: 13653 corp: 1364/41Kb lim: 122 exec/s: 11510 rss: 301Mb L: 12/120 MS: 1 EraseBytes-
#103632	REDUCE cov: 4753 ft: 13653 corp: 1364/41Kb lim: 122 exec/s: 11514 rss: 301Mb L: 3/120 MS: 1 EraseBytes-
#103718	REDUCE cov: 4753 ft: 13653 corp: 1364/41Kb lim: 122 exec/s: 11524 rss: 301Mb L: 13/120 MS: 1 EraseBytes-
#103900	REDUCE cov: 4753 ft: 13653 corp: 1364/41Kb lim: 122 exec/s: 11544 rss: 301Mb L: 12/120 MS: 2 CMP-EraseBytes- DE: "t\012\012\012\012"-
#103958	REDUCE cov: 4753 ft: 13653 corp: 1364/41Kb lim: 122 exec/s: 11550 rss: 301Mb L: 39/120 MS: 3 PersAutoDict-ChangeBinInt-EraseBytes- DE: "false\""-
#103980	NEW    cov: 4753 ft: 13654 corp: 1365/41Kb lim: 122 exec/s: 11553 rss: 301Mb L: 72/120 MS: 2 CrossOver-ShuffleBytes-
#104273	NEW    cov: 4753 ft: 13655 corp: 1366/41Kb lim: 122 exec/s: 11585 rss: 301Mb L: 39/120 MS: 3 CopyPart-ChangeBit-InsertByte-
#104466	REDUCE cov: 4753 ft: 13655 corp: 1366/41Kb lim: 122 exec/s: 11607 rss: 301Mb L: 44/120 MS: 3 InsertByte-InsertByte-EraseBytes-
#104612	NEW    cov: 4753 ft: 13657 corp: 1367/41Kb lim: 122 exec/s: 11623 rss: 301Mb L: 90/120 MS: 1 CrossOver-
#104743	REDUCE cov: 4753 ft: 13657 corp: 1367/41Kb lim: 122 exec/s: 11638 rss: 301Mb L: 9/120 MS: 1 EraseBytes-
#104826	REDUCE cov: 4753 ft: 13657 corp: 1367/41Kb lim: 122 exec/s: 10482 rss: 301Mb L: 39/120 MS: 3 ChangeByte-ShuffleBytes-EraseBytes-
#104887	REDUCE cov: 4753 ft: 13657 corp: 1367/41Kb lim: 122 exec/s: 10488 rss: 301Mb L: 38/120 MS: 1 EraseBytes-
#105040	REDUCE cov: 4753 ft: 13657 corp: 1367/41Kb lim: 122 exec/s: 10504 rss: 301Mb L: 16/120 MS: 3 CrossOver-CopyPart-EraseBytes-
#105086	REDUCE cov: 4753 ft: 13658 corp: 1368/42Kb lim: 122 exec/s: 10508 rss: 301Mb L: 52/120 MS: 1 ChangeASCIIInt-
#105099	NEW    cov: 4753 ft: 13659 corp: 1369/42Kb lim: 122 exec/s: 10509 rss: 301Mb L: 76/120 MS: 3 ChangeBit-EraseBytes-CopyPart-
#105226	REDUCE cov: 4753 ft: 13659 corp: 1369/42Kb lim: 122 exec/s: 10522 rss: 301Mb L: 9/120 MS: 2 ChangeASCIIInt-EraseBytes-
#105325	REDUCE cov: 4753 ft: 13659 corp: 1369/42Kb lim: 122 exec/s: 10532 rss: 301Mb L: 31/120 MS: 4 ChangeByte-CMP-ChangeBinInt-EraseBytes- DE: "U\000\000\000"-
#105461	REDUCE cov: 4754 ft: 13664 corp: 1370/42Kb lim: 122 exec/s: 10546 rss: 301Mb L: 35/120 MS: 1 CopyPart-
#105627	REDUCE cov: 4754 ft: 13664 corp: 1370/42Kb lim: 122 exec/s: 10562 rss: 301Mb L: 29/120 MS: 4 ChangeBinInt-CopyPart-ChangeBit-EraseBytes-
#105674	REDUCE cov: 4754 ft: 13666 corp: 1371/42Kb lim: 122 exec/s: 10567 rss: 301Mb L: 16/120 MS: 2 ChangeByte-ChangeByte-
#105809	REDUCE cov: 4754 ft: 13666 corp: 1371/42Kb lim: 122 exec/s: 10580 rss: 301Mb L: 2/120 MS: 5 ChangeBit-InsertByte-ShuffleBytes-ChangeBinInt-EraseBytes-
#105842	REDUCE cov: 4754 ft: 13666 corp: 1371/42Kb lim: 122 exec/s: 10584 rss: 301Mb L: 2/120 MS: 3 ChangeByte-ChangeBinInt-EraseBytes-
#105868	REDUCE cov: 4754 ft: 13667 corp: 1372/42Kb lim: 122 exec/s: 10586 rss: 301Mb L: 55/120 MS: 1 CrossOver-
#105879	REDUCE cov: 4754 ft: 13667 corp: 1372/42Kb lim: 122 exec/s: 10587 rss: 301Mb L: 74/120 MS: 1 EraseBytes-
#105925	REDUCE cov: 4754 ft: 13668 corp: 1373/42Kb lim: 122 exec/s: 10592 rss: 301Mb L: 61/120 MS: 1 PersAutoDict- DE: "\377\377\377+"-
#106012	NEW    cov: 4754 ft: 13669 corp: 1374/42Kb lim: 122 exec/s: 10601 rss: 301Mb L: 54/120 MS: 2 CopyPart-ChangeBit-
#106040	NEW    cov: 4754 ft: 13674 corp: 1375/42Kb lim: 122 exec/s: 10604 rss: 301Mb L: 10/120 MS: 3 ShuffleBytes-EraseBytes-EraseBytes-
#106156	REDUCE cov: 4754 ft: 13674 corp: 1375/42Kb lim: 122 exec/s: 10615 rss: 301Mb L: 18/120 MS: 1 EraseBytes-
#106198	REDUCE cov: 4754 ft: 13674 corp: 1375/42Kb lim: 122 exec/s: 10619 rss: 301Mb L: 14/120 MS: 2 ChangeByte-EraseBytes-
#106427	NEW    cov: 4754 ft: 13675 corp: 1376/42Kb lim: 122 exec/s: 10642 rss: 301Mb L: 90/120 MS: 4 CopyPart-CopyPart-ChangeByte-CopyPart-
#106448	NEW    cov: 4754 ft: 13690 corp: 1377/42Kb lim: 122 exec/s: 10644 rss: 301Mb L: 120/120 MS: 1 InsertRepeatedBytes-
#106599	REDUCE cov: 4754 ft: 13690 corp: 1377/42Kb lim: 122 exec/s: 10659 rss: 301Mb L: 16/120 MS: 1 EraseBytes-
#106702	NEW    cov: 4754 ft: 13691 corp: 1378/42Kb lim: 122 exec/s: 10670 rss: 301Mb L: 119/120 MS: 3 ChangeASCIIInt-ShuffleBytes-InsertRepeatedBytes-
#106734	NEW    cov: 4754 ft: 13693 corp: 1379/42Kb lim: 122 exec/s: 10673 rss: 301Mb L: 14/120 MS: 2 InsertByte-EraseBytes-
#106820	NEW    cov: 4754 ft: 13694 corp: 1380/42Kb lim: 122 exec/s: 10682 rss: 301Mb L: 15/120 MS: 1 PersAutoDict- DE: "9\000\000\000"-
#106837	NEW    cov: 4754 ft: 13695 corp: 1381/42Kb lim: 122 exec/s: 10683 rss: 301Mb L: 44/120 MS: 2 CMP-EraseBytes- DE: "\377\377\377\377\377\377\377\037"-
#106873	REDUCE cov: 4754 ft: 13695 corp: 1381/42Kb lim: 122 exec/s: 10687 rss: 301Mb L: 69/120 MS: 1 EraseBytes-
#107049	NEW    cov: 4754 ft: 13696 corp: 1382/42Kb lim: 122 exec/s: 10704 rss: 301Mb L: 46/120 MS: 1 InsertRepeatedBytes-
#107083	REDUCE cov: 4754 ft: 13696 corp: 1382/42Kb lim: 122 exec/s: 10708 rss: 301Mb L: 29/120 MS: 4 PersAutoDict-ShuffleBytes-PersAutoDict-EraseBytes- DE: "true\""-"\377;"-
#107089	NEW    cov: 4754 ft: 13700 corp: 1383/42Kb lim: 122 exec/s: 10708 rss: 301Mb L: 37/120 MS: 1 ChangeBinInt-
#107119	REDUCE cov: 4754 ft: 13700 corp: 1383/42Kb lim: 122 exec/s: 10711 rss: 301Mb L: 60/120 MS: 5 InsertByte-PersAutoDict-ChangeASCIIInt-EraseBytes-CrossOver- DE: ",\000\000\000\000\000\000\000"-
#107146	REDUCE cov: 4754 ft: 13700 corp: 1383/42Kb lim: 122 exec/s: 10714 rss: 301Mb L: 36/120 MS: 2 ChangeBinInt-EraseBytes-
#107178	NEW    cov: 4754 ft: 13705 corp: 1384/42Kb lim: 122 exec/s: 10717 rss: 301Mb L: 84/120 MS: 2 ShuffleBytes-InsertByte-
#107459	NEW    cov: 4754 ft: 13708 corp: 1385/42Kb lim: 122 exec/s: 10745 rss: 301Mb L: 26/120 MS: 1 EraseBytes-
#107682	REDUCE cov: 4754 ft: 13708 corp: 1385/42Kb lim: 122 exec/s: 10768 rss: 301Mb L: 41/120 MS: 3 ChangeByte-ChangeASCIIInt-EraseBytes-
#107753	REDUCE cov: 4754 ft: 13708 corp: 1385/42Kb lim: 122 exec/s: 10775 rss: 301Mb L: 52/120 MS: 1 EraseBytes-
#107775	REDUCE cov: 4754 ft: 13708 corp: 1385/42Kb lim: 122 exec/s: 10777 rss: 301Mb L: 32/120 MS: 2 ChangeBit-EraseBytes-
#107816	NEW    cov: 4754 ft: 13710 corp: 1386/42Kb lim: 122 exec/s: 10781 rss: 301Mb L: 19/120 MS: 1 InsertByte-
#107872	REDUCE cov: 4754 ft: 13710 corp: 1386/42Kb lim: 122 exec/s: 10787 rss: 301Mb L: 16/120 MS: 1 EraseBytes-
#107928	NEW    cov: 4754 ft: 13713 corp: 1387/42Kb lim: 122 exec/s: 10792 rss: 301Mb L: 12/120 MS: 1 ShuffleBytes-
#107955	NEW    cov: 4754 ft: 13714 corp: 1388/42Kb lim: 122 exec/s: 10795 rss: 301Mb L: 15/120 MS: 2 ChangeASCIIInt-EraseBytes-
#108087	REDUCE cov: 4754 ft: 13714 corp: 1388/42Kb lim: 122 exec/s: 10808 rss: 301Mb L: 24/120 MS: 2 EraseBytes-InsertByte-
#108134	REDUCE cov: 4754 ft: 13714 corp: 1388/42Kb lim: 122 exec/s: 10813 rss: 301Mb L: 11/120 MS: 2 InsertByte-EraseBytes-
#108194	NEW    cov: 4754 ft: 13715 corp: 1389/42Kb lim: 122 exec/s: 10819 rss: 301Mb L: 17/120 MS: 5 PersAutoDict-CopyPart-ChangeByte-InsertByte-ChangeBinInt- DE: "frue"-
#108429	REDUCE cov: 4754 ft: 13715 corp: 1389/42Kb lim: 122 exec/s: 10842 rss: 301Mb L: 23/120 MS: 5 ChangeASCIIInt-ChangeASCIIInt-CrossOver-PersAutoDict-EraseBytes- DE: "\000\000\000\265"-
#108485	REDUCE cov: 4754 ft: 13715 corp: 1389/42Kb lim: 122 exec/s: 10848 rss: 301Mb L: 7/120 MS: 1 EraseBytes-
#108704	REDUCE cov: 4754 ft: 13716 corp: 1390/42Kb lim: 122 exec/s: 10870 rss: 301Mb L: 20/120 MS: 4 ChangeASCIIInt-InsertByte-InsertByte-EraseBytes-
#108710	REDUCE cov: 4754 ft: 13716 corp: 1390/42Kb lim: 122 exec/s: 10871 rss: 301Mb L: 1/120 MS: 1 EraseBytes-
#108893	REDUCE cov: 4754 ft: 13716 corp: 1390/42Kb lim: 122 exec/s: 10889 rss: 301Mb L: 56/120 MS: 3 PersAutoDict-InsertByte-EraseBytes- DE: "\004\000\000\000\000\000\000\000"-
#108900	REDUCE cov: 4754 ft: 13716 corp: 1390/42Kb lim: 122 exec/s: 10890 rss: 301Mb L: 53/120 MS: 2 InsertByte-EraseBytes-
#109087	REDUCE cov: 4754 ft: 13716 corp: 1390/42Kb lim: 122 exec/s: 10908 rss: 301Mb L: 7/120 MS: 2 ChangeByte-EraseBytes-
#109168	REDUCE cov: 4754 ft: 13716 corp: 1390/42Kb lim: 122 exec/s: 10916 rss: 301Mb L: 33/120 MS: 1 EraseBytes-
#109206	REDUCE cov: 4754 ft: 13716 corp: 1390/42Kb lim: 122 exec/s: 10920 rss: 301Mb L: 45/120 MS: 3 ChangeBit-ChangeASCIIInt-EraseBytes-
#109247	NEW    cov: 4754 ft: 13732 corp: 1391/42Kb lim: 122 exec/s: 10924 rss: 301Mb L: 96/120 MS: 1 CopyPart-
#109443	REDUCE cov: 4754 ft: 13732 corp: 1391/42Kb lim: 122 exec/s: 10944 rss: 301Mb L: 27/120 MS: 1 EraseBytes-
#109450	REDUCE cov: 4754 ft: 13732 corp: 1391/42Kb lim: 122 exec/s: 10945 rss: 301Mb L: 42/120 MS: 2 ChangeByte-EraseBytes-
#109587	REDUCE cov: 4754 ft: 13732 corp: 1391/42Kb lim: 122 exec/s: 10958 rss: 301Mb L: 11/120 MS: 2 CopyPart-EraseBytes-
#109603	REDUCE cov: 4754 ft: 13732 corp: 1391/42Kb lim: 122 exec/s: 10960 rss: 301Mb L: 47/120 MS: 1 EraseBytes-
#109604	NEW    cov: 4754 ft: 13734 corp: 1392/42Kb lim: 122 exec/s: 10960 rss: 301Mb L: 21/120 MS: 1 InsertByte-
#109790	REDUCE cov: 4754 ft: 13735 corp: 1393/42Kb lim: 122 exec/s: 10979 rss: 301Mb L: 17/120 MS: 1 ChangeBinInt-
#109907	REDUCE cov: 4754 ft: 13735 corp: 1393/42Kb lim: 122 exec/s: 10990 rss: 301Mb L: 10/120 MS: 2 ChangeByte-EraseBytes-
#109938	NEW    cov: 4754 ft: 13736 corp: 1394/42Kb lim: 122 exec/s: 10993 rss: 301Mb L: 11/120 MS: 1 EraseBytes-
#110001	REDUCE cov: 4754 ft: 13736 corp: 1394/42Kb lim: 122 exec/s: 11000 rss: 301Mb L: 13/120 MS: 3 CopyPart-ChangeByte-EraseBytes-
#110391	NEW    cov: 4754 ft: 13737 corp: 1395/42Kb lim: 122 exec/s: 11039 rss: 301Mb L: 96/120 MS: 5 ChangeBinInt-ChangeASCIIInt-CrossOver-CopyPart-CopyPart-
#110690	REDUCE cov: 4754 ft: 13737 corp: 1395/42Kb lim: 122 exec/s: 11069 rss: 301Mb L: 109/120 MS: 4 ShuffleBytes-ShuffleBytes-ChangeBit-EraseBytes-
#110817	REDUCE cov: 4754 ft: 13737 corp: 1395/42Kb lim: 122 exec/s: 11081 rss: 301Mb L: 31/120 MS: 2 ChangeASCIIInt-EraseBytes-
#111033	NEW    cov: 4754 ft: 13738 corp: 1396/43Kb lim: 122 exec/s: 11103 rss: 301Mb L: 35/120 MS: 1 CopyPart-
#111119	REDUCE cov: 4754 ft: 13738 corp: 1396/42Kb lim: 122 exec/s: 11111 rss: 301Mb L: 50/120 MS: 1 EraseBytes-
#111192	NEW    cov: 4754 ft: 13742 corp: 1397/43Kb lim: 122 exec/s: 11119 rss: 301Mb L: 88/120 MS: 3 ChangeASCIIInt-ShuffleBytes-CrossOver-
#111208	REDUCE cov: 4754 ft: 13749 corp: 1398/43Kb lim: 122 exec/s: 11120 rss: 301Mb L: 21/120 MS: 1 EraseBytes-
#111220	NEW    cov: 4754 ft: 13750 corp: 1399/43Kb lim: 122 exec/s: 11122 rss: 301Mb L: 91/120 MS: 2 ShuffleBytes-InsertRepeatedBytes-
#111332	REDUCE cov: 4754 ft: 13750 corp: 1399/43Kb lim: 122 exec/s: 11133 rss: 301Mb L: 99/120 MS: 2 CMP-EraseBytes- DE: "true\""-
#111440	REDUCE cov: 4754 ft: 13750 corp: 1399/43Kb lim: 122 exec/s: 11144 rss: 301Mb L: 14/120 MS: 3 ChangeBinInt-CMP-EraseBytes- DE: "\0040"-
#111606	NEW    cov: 4754 ft: 13758 corp: 1400/43Kb lim: 122 exec/s: 11160 rss: 301Mb L: 21/120 MS: 1 EraseBytes-
#111607	NEW    cov: 4754 ft: 13759 corp: 1401/43Kb lim: 122 exec/s: 11160 rss: 301Mb L: 97/120 MS: 1 PersAutoDict- DE: "\001\000\000\000\000\000\000\003"-
#111633	REDUCE cov: 4754 ft: 13759 corp: 1401/43Kb lim: 122 exec/s: 11163 rss: 301Mb L: 95/120 MS: 1 EraseBytes-
#111654	REDUCE cov: 4754 ft: 13759 corp: 1401/43Kb lim: 122 exec/s: 11165 rss: 301Mb L: 27/120 MS: 1 EraseBytes-
#111975	REDUCE cov: 4754 ft: 13759 corp: 1401/43Kb lim: 122 exec/s: 11197 rss: 301Mb L: 41/120 MS: 1 EraseBytes-
#112213	REDUCE cov: 4754 ft: 13759 corp: 1401/43Kb lim: 122 exec/s: 11221 rss: 301Mb L: 53/120 MS: 3 ShuffleBytes-PersAutoDict-EraseBytes- DE: "\000\000\000\265"-
#112345	NEW    cov: 4754 ft: 13760 corp: 1402/43Kb lim: 122 exec/s: 11234 rss: 301Mb L: 51/120 MS: 2 CrossOver-InsertByte-
#112388	REDUCE cov: 4754 ft: 13760 corp: 1402/43Kb lim: 122 exec/s: 11238 rss: 301Mb L: 36/120 MS: 3 ChangeBinInt-ChangeBinInt-EraseBytes-
	NEW_FUNC[1/3]: 0x55d0fc7e9d90 in <fast_float2::decimal::Decimal>::left_shift /home/meme/.cargo/registry/src/index.crates.io-1949cf8c6b5b557f/fast-float2-0.2.4/src/decimal.rs:115
	NEW_FUNC[2/3]: 0x55d0fc7eac30 in <fast_float2::decimal::Decimal>::right_shift /home/meme/.cargo/registry/src/index.crates.io-1949cf8c6b5b557f/fast-float2-0.2.4/src/decimal.rs:156
#112436	NEW    cov: 4822 ft: 13828 corp: 1403/43Kb lim: 122 exec/s: 11243 rss: 301Mb L: 39/120 MS: 3 CopyPart-InsertByte-ChangeByte-
#112458	REDUCE cov: 4822 ft: 13828 corp: 1403/43Kb lim: 122 exec/s: 11245 rss: 301Mb L: 32/120 MS: 2 CopyPart-EraseBytes-
#112709	REDUCE cov: 4822 ft: 13828 corp: 1403/43Kb lim: 122 exec/s: 11270 rss: 301Mb L: 23/120 MS: 1 CrossOver-
#112731	REDUCE cov: 4822 ft: 13828 corp: 1403/43Kb lim: 122 exec/s: 11273 rss: 301Mb L: 111/120 MS: 2 PersAutoDict-EraseBytes- DE: "tr;e"-
#112777	REDUCE cov: 4822 ft: 13828 corp: 1403/43Kb lim: 122 exec/s: 11277 rss: 301Mb L: 26/120 MS: 1 EraseBytes-
#112839	NEW    cov: 4822 ft: 13832 corp: 1404/43Kb lim: 122 exec/s: 11283 rss: 301Mb L: 75/120 MS: 2 CopyPart-CrossOver-
#112840	REDUCE cov: 4822 ft: 13832 corp: 1404/43Kb lim: 122 exec/s: 11284 rss: 301Mb L: 18/120 MS: 1 EraseBytes-
#112876	REDUCE cov: 4822 ft: 13832 corp: 1404/43Kb lim: 122 exec/s: 11287 rss: 301Mb L: 22/120 MS: 1 EraseBytes-
#112893	NEW    cov: 4824 ft: 13839 corp: 1405/43Kb lim: 122 exec/s: 11289 rss: 301Mb L: 21/120 MS: 2 ChangeBit-CopyPart-
#113009	NEW    cov: 4824 ft: 13840 corp: 1406/43Kb lim: 122 exec/s: 11300 rss: 301Mb L: 27/120 MS: 1 CMP- DE: "@\000\000\000"-
#113291	NEW    cov: 4824 ft: 13841 corp: 1407/43Kb lim: 122 exec/s: 11329 rss: 301Mb L: 83/120 MS: 2 ChangeASCIIInt-CMP- DE: "\001\010\000\000"-
#113307	REDUCE cov: 4824 ft: 13841 corp: 1407/43Kb lim: 122 exec/s: 11330 rss: 301Mb L: 34/120 MS: 1 EraseBytes-
#113369	REDUCE cov: 4824 ft: 13841 corp: 1407/43Kb lim: 122 exec/s: 11336 rss: 301Mb L: 40/120 MS: 2 ChangeASCIIInt-EraseBytes-
#113372	REDUCE cov: 4824 ft: 13841 corp: 1407/43Kb lim: 122 exec/s: 11337 rss: 301Mb L: 67/120 MS: 3 ShuffleBytes-EraseBytes-CMP- DE: "&\000\000\000\000\000\000\000"-
#113373	NEW    cov: 4824 ft: 13842 corp: 1408/43Kb lim: 122 exec/s: 11337 rss: 301Mb L: 68/120 MS: 1 CMP- DE: "New"-
#113399	NEW    cov: 4826 ft: 13844 corp: 1409/43Kb lim: 122 exec/s: 11339 rss: 301Mb L: 7/120 MS: 1 EraseBytes-
#113438	REDUCE cov: 4826 ft: 13844 corp: 1409/43Kb lim: 122 exec/s: 11343 rss: 301Mb L: 63/120 MS: 4 CMP-CopyPart-CMP-EraseBytes- DE: "true\""-"\001\000"-
#113469	REDUCE cov: 4826 ft: 13844 corp: 1409/43Kb lim: 122 exec/s: 11346 rss: 301Mb L: 22/120 MS: 1 EraseBytes-
#113880	REDUCE cov: 4826 ft: 13844 corp: 1409/43Kb lim: 122 exec/s: 11388 rss: 301Mb L: 71/120 MS: 1 EraseBytes-
#114068	REDUCE cov: 4826 ft: 13844 corp: 1409/43Kb lim: 122 exec/s: 11406 rss: 301Mb L: 47/120 MS: 3 CopyPart-ChangeASCIIInt-EraseBytes-
#114293	NEW    cov: 4826 ft: 13854 corp: 1410/43Kb lim: 122 exec/s: 11429 rss: 301Mb L: 122/122 MS: 5 ChangeASCIIInt-InsertByte-InsertRepeatedBytes-CopyPart-CopyPart-
#114446	NEW    cov: 4826 ft: 13856 corp: 1411/43Kb lim: 122 exec/s: 11444 rss: 301Mb L: 101/122 MS: 3 ShuffleBytes-CopyPart-InsertRepeatedBytes-
#114542	REDUCE cov: 4826 ft: 13856 corp: 1411/43Kb lim: 122 exec/s: 11454 rss: 301Mb L: 108/122 MS: 1 CrossOver-
#114595	REDUCE cov: 4826 ft: 13856 corp: 1411/43Kb lim: 122 exec/s: 11459 rss: 301Mb L: 45/122 MS: 3 CopyPart-ChangeBit-EraseBytes-
#115021	REDUCE cov: 4826 ft: 13856 corp: 1411/43Kb lim: 122 exec/s: 11502 rss: 301Mb L: 29/122 MS: 1 EraseBytes-
#115440	NEW    cov: 4826 ft: 13857 corp: 1412/43Kb lim: 122 exec/s: 11544 rss: 301Mb L: 64/122 MS: 4 ChangeASCIIInt-InsertByte-EraseBytes-ShuffleBytes-
#115462	NEW    cov: 4828 ft: 13859 corp: 1413/43Kb lim: 122 exec/s: 11546 rss: 301Mb L: 65/122 MS: 2 CMP-InsertRepeatedBytes- DE: "\000\000\000\000\000\000\000m"-
#115535	NEW    cov: 4828 ft: 13863 corp: 1414/43Kb lim: 122 exec/s: 11553 rss: 301Mb L: 50/122 MS: 3 ShuffleBytes-PersAutoDict-CrossOver- DE: "U\000\000\000"-
#115641	NEW    cov: 4828 ft: 13867 corp: 1415/43Kb lim: 122 exec/s: 11564 rss: 301Mb L: 117/122 MS: 1 CrossOver-
#115683	REDUCE cov: 4828 ft: 13867 corp: 1415/43Kb lim: 122 exec/s: 11568 rss: 301Mb L: 33/122 MS: 2 InsertByte-EraseBytes-
#115834	REDUCE cov: 4828 ft: 13867 corp: 1415/43Kb lim: 122 exec/s: 11583 rss: 301Mb L: 25/122 MS: 1 EraseBytes-
#115921	REDUCE cov: 4828 ft: 13869 corp: 1416/44Kb lim: 122 exec/s: 11592 rss: 301Mb L: 77/122 MS: 2 CrossOver-ChangeBit-
#115977	REDUCE cov: 4828 ft: 13869 corp: 1416/44Kb lim: 122 exec/s: 11597 rss: 301Mb L: 53/122 MS: 1 EraseBytes-
#115984	NEW    cov: 4828 ft: 13873 corp: 1417/44Kb lim: 122 exec/s: 11598 rss: 301Mb L: 120/122 MS: 2 CopyPart-ChangeBinInt-
#116337	NEW    cov: 4828 ft: 13881 corp: 1418/44Kb lim: 122 exec/s: 11633 rss: 301Mb L: 69/122 MS: 3 InsertByte-ChangeByte-InsertRepeatedBytes-
#116408	REDUCE cov: 4828 ft: 13881 corp: 1418/44Kb lim: 122 exec/s: 11640 rss: 301Mb L: 15/122 MS: 1 EraseBytes-
#116541	NEW    cov: 4828 ft: 13882 corp: 1419/44Kb lim: 122 exec/s: 11654 rss: 301Mb L: 45/122 MS: 3 InsertByte-InsertByte-CrossOver-
#116597	REDUCE cov: 4828 ft: 13882 corp: 1419/44Kb lim: 122 exec/s: 11659 rss: 301Mb L: 17/122 MS: 1 EraseBytes-
#116669	REDUCE cov: 4828 ft: 13890 corp: 1420/44Kb lim: 122 exec/s: 11666 rss: 301Mb L: 45/122 MS: 2 InsertByte-CopyPart-
#116700	REDUCE cov: 4828 ft: 13890 corp: 1420/44Kb lim: 122 exec/s: 11670 rss: 301Mb L: 34/122 MS: 1 EraseBytes-
#116886	NEW    cov: 4828 ft: 13891 corp: 1421/44Kb lim: 122 exec/s: 11688 rss: 301Mb L: 77/122 MS: 1 ChangeBinInt-
#116897	REDUCE cov: 4828 ft: 13891 corp: 1421/44Kb lim: 122 exec/s: 11689 rss: 301Mb L: 16/122 MS: 1 EraseBytes-
#116948	REDUCE cov: 4828 ft: 13891 corp: 1421/44Kb lim: 122 exec/s: 11694 rss: 301Mb L: 9/122 MS: 1 EraseBytes-
#116986	REDUCE cov: 4828 ft: 13891 corp: 1421/44Kb lim: 122 exec/s: 11698 rss: 301Mb L: 14/122 MS: 3 ShuffleBytes-InsertByte-EraseBytes-
#117001	REDUCE cov: 4828 ft: 13891 corp: 1421/44Kb lim: 122 exec/s: 11700 rss: 301Mb L: 17/122 MS: 5 ChangeByte-ChangeByte-CrossOver-ChangeBinInt-EraseBytes-
#117373	REDUCE cov: 4828 ft: 13891 corp: 1421/44Kb lim: 122 exec/s: 11737 rss: 301Mb L: 42/122 MS: 2 CopyPart-EraseBytes-
#117666	REDUCE cov: 4828 ft: 13891 corp: 1421/44Kb lim: 122 exec/s: 11766 rss: 301Mb L: 59/122 MS: 3 ShuffleBytes-ChangeASCIIInt-CrossOver-
#117752	REDUCE cov: 4828 ft: 13891 corp: 1421/44Kb lim: 122 exec/s: 11775 rss: 301Mb L: 87/122 MS: 1 CrossOver-
#117779	NEW    cov: 4828 ft: 13892 corp: 1422/44Kb lim: 122 exec/s: 11777 rss: 301Mb L: 86/122 MS: 2 ChangeASCIIInt-EraseBytes-
#118127	REDUCE cov: 4828 ft: 13966 corp: 1423/44Kb lim: 122 exec/s: 10738 rss: 301Mb L: 68/122 MS: 3 ChangeBit-CopyPart-CrossOver-
#118190	NEW    cov: 4828 ft: 13969 corp: 1424/44Kb lim: 122 exec/s: 10744 rss: 301Mb L: 92/122 MS: 3 ChangeBinInt-ChangeBinInt-PersAutoDict- DE: "fals -"-
#118223	REDUCE cov: 4828 ft: 13969 corp: 1424/44Kb lim: 122 exec/s: 10747 rss: 301Mb L: 39/122 MS: 3 CopyPart-ShuffleBytes-EraseBytes-
#118249	REDUCE cov: 4828 ft: 13969 corp: 1424/44Kb lim: 122 exec/s: 10749 rss: 301Mb L: 13/122 MS: 1 EraseBytes-
#118290	NEW    cov: 4828 ft: 13970 corp: 1425/44Kb lim: 122 exec/s: 10753 rss: 301Mb L: 14/122 MS: 1 CMP- DE: "fal"-
#118453	NEW    cov: 4830 ft: 13973 corp: 1426/44Kb lim: 122 exec/s: 10768 rss: 301Mb L: 17/122 MS: 3 CopyPart-EraseBytes-ChangeBit-
#118585	REDUCE cov: 4830 ft: 13973 corp: 1426/44Kb lim: 122 exec/s: 10780 rss: 301Mb L: 10/122 MS: 2 CopyPart-EraseBytes-
#118602	REDUCE cov: 4830 ft: 13973 corp: 1426/44Kb lim: 122 exec/s: 10782 rss: 301Mb L: 45/122 MS: 2 CopyPart-EraseBytes-
#118629	REDUCE cov: 4830 ft: 13973 corp: 1426/44Kb lim: 122 exec/s: 10784 rss: 301Mb L: 21/122 MS: 2 ChangeBinInt-EraseBytes-
#118860	REDUCE cov: 4830 ft: 13973 corp: 1426/44Kb lim: 122 exec/s: 10805 rss: 301Mb L: 48/122 MS: 1 EraseBytes-
#118882	REDUCE cov: 4830 ft: 13973 corp: 1426/44Kb lim: 122 exec/s: 10807 rss: 301Mb L: 39/122 MS: 2 InsertByte-EraseBytes-
#119010	NEW    cov: 4830 ft: 13996 corp: 1427/44Kb lim: 122 exec/s: 10819 rss: 301Mb L: 30/122 MS: 3 ChangeBit-ChangeBit-CrossOver-
#119106	REDUCE cov: 4830 ft: 13996 corp: 1427/44Kb lim: 122 exec/s: 10827 rss: 301Mb L: 37/122 MS: 1 EraseBytes-
#119133	REDUCE cov: 4830 ft: 13996 corp: 1427/44Kb lim: 122 exec/s: 10830 rss: 301Mb L: 46/122 MS: 2 ChangeByte-EraseBytes-
#119349	REDUCE cov: 4830 ft: 13996 corp: 1427/44Kb lim: 122 exec/s: 10849 rss: 301Mb L: 41/122 MS: 1 EraseBytes-
#119445	REDUCE cov: 4830 ft: 13996 corp: 1427/44Kb lim: 122 exec/s: 10858 rss: 301Mb L: 69/122 MS: 1 EraseBytes-
#119467	REDUCE cov: 4830 ft: 13996 corp: 1427/44Kb lim: 122 exec/s: 10860 rss: 301Mb L: 38/122 MS: 2 ChangeASCIIInt-EraseBytes-
#119529	REDUCE cov: 4830 ft: 13996 corp: 1427/44Kb lim: 122 exec/s: 10866 rss: 301Mb L: 29/122 MS: 2 ChangeASCIIInt-EraseBytes-
#119547	NEW    cov: 4831 ft: 13997 corp: 1428/44Kb lim: 122 exec/s: 10867 rss: 301Mb L: 55/122 MS: 3 PersAutoDict-InsertByte-ShuffleBytes- DE: "\377\377\377\377\377\377\377\000"-
#119658	REDUCE cov: 4831 ft: 13997 corp: 1428/44Kb lim: 122 exec/s: 10878 rss: 301Mb L: 15/122 MS: 1 EraseBytes-
#119660	REDUCE cov: 4831 ft: 13997 corp: 1428/44Kb lim: 122 exec/s: 10878 rss: 301Mb L: 80/122 MS: 2 ChangeByte-EraseBytes-
#119702	REDUCE cov: 4831 ft: 13997 corp: 1428/44Kb lim: 122 exec/s: 10882 rss: 301Mb L: 48/122 MS: 2 CrossOver-EraseBytes-
#119768	REDUCE cov: 4831 ft: 13997 corp: 1428/44Kb lim: 122 exec/s: 10888 rss: 301Mb L: 24/122 MS: 1 EraseBytes-
#119811	REDUCE cov: 4831 ft: 13997 corp: 1428/44Kb lim: 122 exec/s: 10891 rss: 301Mb L: 20/122 MS: 3 ChangeASCIIInt-ShuffleBytes-EraseBytes-
#119812	REDUCE cov: 4831 ft: 13997 corp: 1428/44Kb lim: 122 exec/s: 10892 rss: 301Mb L: 42/122 MS: 1 EraseBytes-
#119931	REDUCE cov: 4831 ft: 13997 corp: 1428/44Kb lim: 122 exec/s: 10902 rss: 301Mb L: 14/122 MS: 4 PersAutoDict-EraseBytes-ShuffleBytes-EraseBytes- DE: "\000\000\000\000\000\000\000\377"-
#120027	REDUCE cov: 4831 ft: 14001 corp: 1429/44Kb lim: 122 exec/s: 10911 rss: 301Mb L: 26/122 MS: 1 ShuffleBytes-
#120138	REDUCE cov: 4831 ft: 14001 corp: 1429/44Kb lim: 122 exec/s: 10921 rss: 301Mb L: 44/122 MS: 1 CrossOver-
#120334	REDUCE cov: 4831 ft: 14001 corp: 1429/44Kb lim: 122 exec/s: 10939 rss: 301Mb L: 76/122 MS: 1 EraseBytes-
#120410	REDUCE cov: 4831 ft: 14001 corp: 1429/44Kb lim: 122 exec/s: 10946 rss: 301Mb L: 24/122 MS: 1 EraseBytes-
#120421	NEW    cov: 4831 ft: 14002 corp: 1430/44Kb lim: 122 exec/s: 10947 rss: 301Mb L: 50/122 MS: 1 CrossOver-
#120453	REDUCE cov: 4831 ft: 14002 corp: 1430/44Kb lim: 122 exec/s: 10950 rss: 301Mb L: 26/122 MS: 2 ShuffleBytes-EraseBytes-
#120474	REDUCE cov: 4831 ft: 14002 corp: 1430/44Kb lim: 122 exec/s: 10952 rss: 301Mb L: 57/122 MS: 1 EraseBytes-
#120870	REDUCE cov: 4831 ft: 14002 corp: 1430/44Kb lim: 122 exec/s: 10988 rss: 301Mb L: 61/122 MS: 1 EraseBytes-
#120923	NEW    cov: 4831 ft: 14003 corp: 1431/44Kb lim: 122 exec/s: 10993 rss: 301Mb L: 16/122 MS: 3 InsertByte-CopyPart-EraseBytes-
#120935	REDUCE cov: 4831 ft: 14003 corp: 1431/44Kb lim: 122 exec/s: 10994 rss: 301Mb L: 59/122 MS: 2 ChangeBinInt-EraseBytes-
#120986	REDUCE cov: 4832 ft: 14004 corp: 1432/44Kb lim: 122 exec/s: 10998 rss: 301Mb L: 120/122 MS: 1 CopyPart-
#121212	REDUCE cov: 4832 ft: 14004 corp: 1432/44Kb lim: 122 exec/s: 11019 rss: 301Mb L: 85/122 MS: 1 EraseBytes-
#121303	REDUCE cov: 4832 ft: 14004 corp: 1432/44Kb lim: 122 exec/s: 11027 rss: 301Mb L: 40/122 MS: 1 EraseBytes-
#121394	REDUCE cov: 4832 ft: 14004 corp: 1432/44Kb lim: 122 exec/s: 11035 rss: 301Mb L: 22/122 MS: 1 EraseBytes-
#121446	REDUCE cov: 4832 ft: 14004 corp: 1432/44Kb lim: 122 exec/s: 11040 rss: 301Mb L: 35/122 MS: 2 InsertByte-CrossOver-
#121661	REDUCE cov: 4832 ft: 14004 corp: 1432/44Kb lim: 122 exec/s: 11060 rss: 301Mb L: 54/122 MS: 5 ChangeBinInt-CopyPart-ChangeByte-ChangeByte-EraseBytes-
#121967	REDUCE cov: 4832 ft: 14004 corp: 1432/44Kb lim: 122 exec/s: 11087 rss: 301Mb L: 24/122 MS: 1 EraseBytes-
#121992	REDUCE cov: 4832 ft: 14004 corp: 1432/44Kb lim: 122 exec/s: 11090 rss: 301Mb L: 71/122 MS: 5 ChangeASCIIInt-ChangeBit-ChangeBinInt-ChangeASCIIInt-EraseBytes-
#122044	REDUCE cov: 4832 ft: 14004 corp: 1432/44Kb lim: 122 exec/s: 11094 rss: 301Mb L: 45/122 MS: 2 EraseBytes-EraseBytes-
#122156	NEW    cov: 4832 ft: 14005 corp: 1433/44Kb lim: 122 exec/s: 11105 rss: 301Mb L: 17/122 MS: 2 CrossOver-EraseBytes-
#122198	NEW    cov: 4832 ft: 14008 corp: 1434/44Kb lim: 122 exec/s: 11108 rss: 301Mb L: 92/122 MS: 2 ChangeByte-InsertRepeatedBytes-
#122317	NEW    cov: 4832 ft: 14017 corp: 1435/44Kb lim: 122 exec/s: 11119 rss: 301Mb L: 113/122 MS: 4 InsertByte-PersAutoDict-CopyPart-CrossOver- DE: "Arue"-
#122508	REDUCE cov: 4832 ft: 14017 corp: 1435/44Kb lim: 122 exec/s: 11137 rss: 301Mb L: 34/122 MS: 1 EraseBytes-
#122614	REDUCE cov: 4832 ft: 14017 corp: 1435/44Kb lim: 122 exec/s: 11146 rss: 301Mb L: 3/122 MS: 1 EraseBytes-
#122765	REDUCE cov: 4832 ft: 14017 corp: 1435/44Kb lim: 122 exec/s: 11160 rss: 301Mb L: 54/122 MS: 1 CrossOver-
#122891	REDUCE cov: 4832 ft: 14017 corp: 1435/44Kb lim: 122 exec/s: 11171 rss: 301Mb L: 29/122 MS: 1 EraseBytes-
#122898	REDUCE cov: 4832 ft: 14017 corp: 1435/44Kb lim: 122 exec/s: 11172 rss: 301Mb L: 38/122 MS: 2 ChangeBit-EraseBytes-
#122932	REDUCE cov: 4832 ft: 14017 corp: 1435/44Kb lim: 122 exec/s: 11175 rss: 301Mb L: 55/122 MS: 4 CMP-CrossOver-ChangeBit-EraseBytes- DE: "\000\000\000\000\000\000\000\006"-
#123300	REDUCE cov: 4832 ft: 14065 corp: 1436/44Kb lim: 122 exec/s: 11209 rss: 301Mb L: 118/122 MS: 3 InsertByte-ChangeByte-InsertRepeatedBytes-
#123366	REDUCE cov: 4832 ft: 14065 corp: 1436/44Kb lim: 122 exec/s: 11215 rss: 301Mb L: 4/122 MS: 1 EraseBytes-
#123652	NEW    cov: 4832 ft: 14066 corp: 1437/44Kb lim: 122 exec/s: 11241 rss: 301Mb L: 81/122 MS: 1 EraseBytes-
#123665	REDUCE cov: 4832 ft: 14068 corp: 1438/44Kb lim: 122 exec/s: 11242 rss: 301Mb L: 45/122 MS: 3 InsertRepeatedBytes-ChangeBit-CopyPart-
#123686	REDUCE cov: 4832 ft: 14068 corp: 1438/44Kb lim: 122 exec/s: 11244 rss: 301Mb L: 19/122 MS: 1 EraseBytes-
#123833	REDUCE cov: 4832 ft: 14068 corp: 1438/44Kb lim: 122 exec/s: 11257 rss: 301Mb L: 22/122 MS: 2 CopyPart-EraseBytes-
#123974	REDUCE cov: 4832 ft: 14068 corp: 1438/44Kb lim: 122 exec/s: 11270 rss: 301Mb L: 13/122 MS: 1 EraseBytes-
#124320	REDUCE cov: 4832 ft: 14068 corp: 1438/44Kb lim: 122 exec/s: 11301 rss: 301Mb L: 99/122 MS: 1 EraseBytes-
#124476	REDUCE cov: 4832 ft: 14068 corp: 1438/44Kb lim: 122 exec/s: 11316 rss: 301Mb L: 30/122 MS: 1 EraseBytes-
#124739	REDUCE cov: 4832 ft: 14068 corp: 1438/44Kb lim: 122 exec/s: 11339 rss: 301Mb L: 28/122 MS: 3 CMP-ChangeASCIIInt-EraseBytes- DE: "\001\000\000\000\000\000\000\000"-
#124751	REDUCE cov: 4832 ft: 14068 corp: 1438/44Kb lim: 122 exec/s: 11341 rss: 301Mb L: 83/122 MS: 2 ShuffleBytes-EraseBytes-
#124762	REDUCE cov: 4832 ft: 14068 corp: 1438/44Kb lim: 122 exec/s: 11342 rss: 301Mb L: 11/122 MS: 1 EraseBytes-
#124963	REDUCE cov: 4832 ft: 14068 corp: 1438/44Kb lim: 122 exec/s: 11360 rss: 301Mb L: 29/122 MS: 1 EraseBytes-
#125149	REDUCE cov: 4832 ft: 14068 corp: 1438/44Kb lim: 122 exec/s: 11377 rss: 301Mb L: 14/122 MS: 1 EraseBytes-
#125200	REDUCE cov: 4832 ft: 14068 corp: 1438/44Kb lim: 122 exec/s: 11381 rss: 301Mb L: 30/122 MS: 1 EraseBytes-
#125271	REDUCE cov: 4832 ft: 14068 corp: 1438/44Kb lim: 122 exec/s: 11388 rss: 301Mb L: 13/122 MS: 1 EraseBytes-
#125283	REDUCE cov: 4832 ft: 14068 corp: 1438/44Kb lim: 122 exec/s: 11389 rss: 301Mb L: 104/122 MS: 2 ChangeASCIIInt-EraseBytes-
#125490	REDUCE cov: 4832 ft: 14068 corp: 1438/44Kb lim: 122 exec/s: 11408 rss: 301Mb L: 54/122 MS: 2 CrossOver-EraseBytes-
#125512	REDUCE cov: 4832 ft: 14069 corp: 1439/44Kb lim: 122 exec/s: 11410 rss: 301Mb L: 37/122 MS: 2 ChangeBinInt-CopyPart-
#125564	REDUCE cov: 4832 ft: 14069 corp: 1439/44Kb lim: 122 exec/s: 11414 rss: 301Mb L: 61/122 MS: 2 ChangeByte-EraseBytes-
#125580	REDUCE cov: 4832 ft: 14069 corp: 1439/44Kb lim: 122 exec/s: 11416 rss: 301Mb L: 20/122 MS: 1 EraseBytes-
#125686	NEW    cov: 4835 ft: 14083 corp: 1440/44Kb lim: 122 exec/s: 11426 rss: 301Mb L: 114/122 MS: 1 InsertRepeatedBytes-
#125853	REDUCE cov: 4835 ft: 14086 corp: 1441/44Kb lim: 122 exec/s: 11441 rss: 301Mb L: 52/122 MS: 2 ChangeBit-InsertRepeatedBytes-
#126239	REDUCE cov: 4835 ft: 14086 corp: 1441/44Kb lim: 122 exec/s: 11476 rss: 301Mb L: 11/122 MS: 1 EraseBytes-
#126270	NEW    cov: 4835 ft: 14089 corp: 1442/44Kb lim: 122 exec/s: 11479 rss: 301Mb L: 28/122 MS: 1 CrossOver-
#126631	REDUCE cov: 4835 ft: 14094 corp: 1443/45Kb lim: 122 exec/s: 11511 rss: 301Mb L: 48/122 MS: 1 CrossOver-
#126707	NEW    cov: 4835 ft: 14095 corp: 1444/45Kb lim: 122 exec/s: 11518 rss: 301Mb L: 14/122 MS: 1 CrossOver-
#126793	REDUCE cov: 4835 ft: 14095 corp: 1444/45Kb lim: 122 exec/s: 11526 rss: 301Mb L: 44/122 MS: 1 EraseBytes-
#126924	REDUCE cov: 4835 ft: 14095 corp: 1444/45Kb lim: 122 exec/s: 11538 rss: 301Mb L: 22/122 MS: 1 EraseBytes-
#126928	REDUCE cov: 4835 ft: 14097 corp: 1445/45Kb lim: 122 exec/s: 11538 rss: 301Mb L: 88/122 MS: 4 PersAutoDict-InsertByte-ShuffleBytes-CrossOver- DE: "\026\000\000\000"-
#126935	REDUCE cov: 4836 ft: 14102 corp: 1446/45Kb lim: 122 exec/s: 11539 rss: 301Mb L: 119/122 MS: 2 ChangeBinInt-CrossOver-
#126998	REDUCE cov: 4836 ft: 14102 corp: 1446/45Kb lim: 122 exec/s: 11545 rss: 301Mb L: 43/122 MS: 3 ChangeBit-ShuffleBytes-EraseBytes-
#127150	REDUCE cov: 4836 ft: 14102 corp: 1446/45Kb lim: 122 exec/s: 11559 rss: 301Mb L: 37/122 MS: 2 CMP-EraseBytes- DE: "\007\000\000\000\000\000\000\000"-
#127181	REDUCE cov: 4836 ft: 14102 corp: 1446/45Kb lim: 122 exec/s: 11561 rss: 301Mb L: 5/122 MS: 1 EraseBytes-
#127312	REDUCE cov: 4836 ft: 14102 corp: 1446/45Kb lim: 122 exec/s: 11573 rss: 301Mb L: 21/122 MS: 1 EraseBytes-
#127543	REDUCE cov: 4836 ft: 14102 corp: 1446/45Kb lim: 122 exec/s: 11594 rss: 301Mb L: 42/122 MS: 1 EraseBytes-
#127719	REDUCE cov: 4836 ft: 14102 corp: 1446/45Kb lim: 122 exec/s: 11610 rss: 301Mb L: 32/122 MS: 1 EraseBytes-
#127750	REDUCE cov: 4836 ft: 14102 corp: 1446/45Kb lim: 122 exec/s: 11613 rss: 301Mb L: 73/122 MS: 1 EraseBytes-
#127810	REDUCE cov: 4836 ft: 14102 corp: 1446/45Kb lim: 122 exec/s: 11619 rss: 301Mb L: 38/122 MS: 5 CopyPart-PersAutoDict-ChangeBinInt-PersAutoDict-EraseBytes- DE: "U'mt"-"\000\000\001u"-
#127873	REDUCE cov: 4836 ft: 14102 corp: 1446/45Kb lim: 122 exec/s: 11624 rss: 301Mb L: 99/122 MS: 3 ChangeASCIIInt-CrossOver-EraseBytes-
#127920	REDUCE cov: 4836 ft: 14102 corp: 1446/45Kb lim: 122 exec/s: 11629 rss: 301Mb L: 24/122 MS: 2 ChangeBit-EraseBytes-
#128006	NEW    cov: 4836 ft: 14115 corp: 1447/45Kb lim: 122 exec/s: 11636 rss: 301Mb L: 42/122 MS: 1 CMP- DE: "fru\000"-
#128269	REDUCE cov: 4836 ft: 14115 corp: 1447/45Kb lim: 122 exec/s: 11660 rss: 301Mb L: 28/122 MS: 3 ShuffleBytes-ShuffleBytes-EraseBytes-
#128275	NEW    cov: 4837 ft: 14116 corp: 1448/45Kb lim: 122 exec/s: 11661 rss: 301Mb L: 96/122 MS: 1 InsertRepeatedBytes-
#128414	NEW    cov: 4837 ft: 14117 corp: 1449/45Kb lim: 122 exec/s: 11674 rss: 301Mb L: 114/122 MS: 4 ChangeByte-CopyPart-ChangeASCIIInt-InsertRepeatedBytes-
#128451	REDUCE cov: 4837 ft: 14117 corp: 1449/45Kb lim: 122 exec/s: 11677 rss: 301Mb L: 22/122 MS: 2 PersAutoDict-EraseBytes- DE: "\004\000\000\000\000\000\000\000"-
#128477	REDUCE cov: 4837 ft: 14117 corp: 1449/45Kb lim: 122 exec/s: 11679 rss: 301Mb L: 37/122 MS: 1 EraseBytes-
#128513	NEW    cov: 4843 ft: 14123 corp: 1450/45Kb lim: 122 exec/s: 11683 rss: 301Mb L: 7/122 MS: 1 EraseBytes-
#128529	NEW    cov: 4843 ft: 14124 corp: 1451/45Kb lim: 122 exec/s: 11684 rss: 301Mb L: 109/122 MS: 1 InsertRepeatedBytes-
#128581	REDUCE cov: 4843 ft: 14124 corp: 1451/45Kb lim: 122 exec/s: 11689 rss: 301Mb L: 15/122 MS: 2 ChangeBinInt-EraseBytes-
#128604	REDUCE cov: 4843 ft: 14124 corp: 1451/45Kb lim: 122 exec/s: 11691 rss: 301Mb L: 4/122 MS: 3 CrossOver-ChangeByte-EraseBytes-
#128609	REDUCE cov: 4843 ft: 14124 corp: 1451/45Kb lim: 122 exec/s: 11691 rss: 301Mb L: 23/122 MS: 5 ChangeASCIIInt-EraseBytes-CopyPart-ChangeASCIIInt-ChangeByte-
#128686	REDUCE cov: 4843 ft: 14124 corp: 1451/45Kb lim: 122 exec/s: 11698 rss: 301Mb L: 27/122 MS: 2 ChangeASCIIInt-EraseBytes-
#128722	REDUCE cov: 4843 ft: 14124 corp: 1451/45Kb lim: 122 exec/s: 11702 rss: 301Mb L: 7/122 MS: 1 EraseBytes-
#128753	REDUCE cov: 4843 ft: 14124 corp: 1451/45Kb lim: 122 exec/s: 11704 rss: 301Mb L: 51/122 MS: 1 EraseBytes-
#128776	REDUCE cov: 4843 ft: 14124 corp: 1451/45Kb lim: 122 exec/s: 11706 rss: 301Mb L: 8/122 MS: 3 ChangeBinInt-ShuffleBytes-EraseBytes-
#128813	REDUCE cov: 4843 ft: 14124 corp: 1451/45Kb lim: 122 exec/s: 11710 rss: 301Mb L: 100/122 MS: 2 PersAutoDict-EraseBytes- DE: "\013\000\000\000\000\000\000\200"-
#128968	REDUCE cov: 4843 ft: 14124 corp: 1451/45Kb lim: 122 exec/s: 11724 rss: 301Mb L: 62/122 MS: 5 ChangeBit-InsertRepeatedBytes-EraseBytes-CopyPart-EraseBytes-
#128975	REDUCE cov: 4843 ft: 14124 corp: 1451/45Kb lim: 122 exec/s: 11725 rss: 301Mb L: 12/122 MS: 2 CopyPart-EraseBytes-
#129346	REDUCE cov: 4843 ft: 14124 corp: 1451/45Kb lim: 122 exec/s: 11758 rss: 301Mb L: 43/122 MS: 1 EraseBytes-
#129352	REDUCE cov: 4843 ft: 14124 corp: 1451/45Kb lim: 122 exec/s: 11759 rss: 301Mb L: 28/122 MS: 1 EraseBytes-
#129379	REDUCE cov: 4843 ft: 14124 corp: 1451/45Kb lim: 122 exec/s: 11761 rss: 301Mb L: 22/122 MS: 2 ChangeBit-EraseBytes-
#129486	REDUCE cov: 4843 ft: 14124 corp: 1451/45Kb lim: 122 exec/s: 11771 rss: 301Mb L: 23/122 MS: 2 ShuffleBytes-EraseBytes-
#129647	REDUCE cov: 4843 ft: 14124 corp: 1451/45Kb lim: 122 exec/s: 11786 rss: 301Mb L: 20/122 MS: 1 EraseBytes-
#129998	NEW    cov: 4843 ft: 14145 corp: 1452/45Kb lim: 122 exec/s: 11818 rss: 301Mb L: 99/122 MS: 1 EraseBytes-
#130045	NEW    cov: 4844 ft: 14148 corp: 1453/45Kb lim: 122 exec/s: 11822 rss: 301Mb L: 21/122 MS: 2 InsertByte-EraseBytes-
#130064	REDUCE cov: 4844 ft: 14149 corp: 1454/45Kb lim: 122 exec/s: 11824 rss: 301Mb L: 21/122 MS: 4 ChangeBinInt-ChangeASCIIInt-ShuffleBytes-EraseBytes-
#130101	REDUCE cov: 4844 ft: 14149 corp: 1454/45Kb lim: 122 exec/s: 11827 rss: 301Mb L: 6/122 MS: 2 ChangeBit-EraseBytes-
#130117	REDUCE cov: 4844 ft: 14149 corp: 1454/45Kb lim: 122 exec/s: 11828 rss: 301Mb L: 30/122 MS: 1 EraseBytes-
#130163	REDUCE cov: 4844 ft: 14149 corp: 1454/45Kb lim: 122 exec/s: 11833 rss: 301Mb L: 17/122 MS: 1 EraseBytes-
#130170	REDUCE cov: 4846 ft: 14159 corp: 1455/45Kb lim: 122 exec/s: 11833 rss: 301Mb L: 28/122 MS: 2 InsertRepeatedBytes-CrossOver-
#130381	REDUCE cov: 4846 ft: 14159 corp: 1455/45Kb lim: 122 exec/s: 11852 rss: 301Mb L: 27/122 MS: 1 EraseBytes-
#130472	NEW    cov: 4846 ft: 14160 corp: 1456/45Kb lim: 122 exec/s: 11861 rss: 301Mb L: 73/122 MS: 1 CopyPart-
#130503	NEW    cov: 4847 ft: 14161 corp: 1457/45Kb lim: 122 exec/s: 11863 rss: 301Mb L: 40/122 MS: 1 InsertByte-
#130524	NEW    cov: 4847 ft: 14168 corp: 1458/45Kb lim: 122 exec/s: 11865 rss: 301Mb L: 121/122 MS: 1 InsertRepeatedBytes-
#130659	NEW    cov: 4847 ft: 14180 corp: 1459/45Kb lim: 122 exec/s: 11878 rss: 301Mb L: 28/122 MS: 5 PersAutoDict-ChangeBit-CopyPart-EraseBytes-ShuffleBytes- DE: " a"-
#130722	NEW    cov: 4847 ft: 14181 corp: 1460/45Kb lim: 122 exec/s: 11883 rss: 301Mb L: 52/122 MS: 3 ChangeASCIIInt-InsertByte-CrossOver-
#130742	REDUCE cov: 4847 ft: 14181 corp: 1460/45Kb lim: 122 exec/s: 11885 rss: 301Mb L: 63/122 MS: 5 CMP-ChangeByte-ChangeByte-ChangeBit-EraseBytes- DE: "false\""-
#130793	REDUCE cov: 4847 ft: 14181 corp: 1460/45Kb lim: 122 exec/s: 11890 rss: 301Mb L: 24/122 MS: 1 EraseBytes-
#130844	REDUCE cov: 4847 ft: 14181 corp: 1460/45Kb lim: 122 exec/s: 11894 rss: 301Mb L: 49/122 MS: 1 EraseBytes-
#130892	REDUCE cov: 4847 ft: 14181 corp: 1460/45Kb lim: 122 exec/s: 11899 rss: 301Mb L: 24/122 MS: 3 ChangeBit-ChangeByte-EraseBytes-
#131033	NEW    cov: 4847 ft: 14183 corp: 1461/45Kb lim: 122 exec/s: 11912 rss: 301Mb L: 69/122 MS: 1 PersAutoDict- DE: "true\""-
#131059	REDUCE cov: 4847 ft: 14188 corp: 1462/45Kb lim: 122 exec/s: 11914 rss: 301Mb L: 100/122 MS: 1 CopyPart-
#131065	REDUCE cov: 4847 ft: 14188 corp: 1462/45Kb lim: 122 exec/s: 11915 rss: 301Mb L: 57/122 MS: 1 EraseBytes-
#131072	pulse  cov: 4847 ft: 14188 corp: 1462/45Kb lim: 122 exec/s: 11915 rss: 301Mb
#131177	REDUCE cov: 4847 ft: 14188 corp: 1462/45Kb lim: 122 exec/s: 11925 rss: 301Mb L: 109/122 MS: 2 ChangeBit-EraseBytes-
#131193	REDUCE cov: 4847 ft: 14188 corp: 1462/45Kb lim: 122 exec/s: 11926 rss: 301Mb L: 56/122 MS: 1 EraseBytes-
#131244	NEW    cov: 4847 ft: 14189 corp: 1463/45Kb lim: 122 exec/s: 11931 rss: 301Mb L: 31/122 MS: 1 CopyPart-
#131261	NEW    cov: 4848 ft: 14202 corp: 1464/45Kb lim: 122 exec/s: 11932 rss: 301Mb L: 33/122 MS: 2 CopyPart-EraseBytes-
#131319	REDUCE cov: 4848 ft: 14202 corp: 1464/45Kb lim: 122 exec/s: 11938 rss: 301Mb L: 27/122 MS: 3 ChangeBinInt-ShuffleBytes-EraseBytes-
#131485	REDUCE cov: 4848 ft: 14202 corp: 1464/45Kb lim: 122 exec/s: 11953 rss: 301Mb L: 16/122 MS: 1 EraseBytes-
#131591	REDUCE cov: 4848 ft: 14202 corp: 1464/45Kb lim: 122 exec/s: 11962 rss: 301Mb L: 30/122 MS: 1 EraseBytes-
#131593	REDUCE cov: 4848 ft: 14202 corp: 1464/45Kb lim: 122 exec/s: 11963 rss: 301Mb L: 49/122 MS: 2 ChangeASCIIInt-EraseBytes-
#131608	REDUCE cov: 4848 ft: 14203 corp: 1465/45Kb lim: 122 exec/s: 11964 rss: 301Mb L: 37/122 MS: 5 CopyPart-EraseBytes-ChangeASCIIInt-InsertByte-EraseBytes-
#131638	REDUCE cov: 4848 ft: 14203 corp: 1465/45Kb lim: 122 exec/s: 10969 rss: 301Mb L: 69/122 MS: 5 ChangeBinInt-CrossOver-EraseBytes-ShuffleBytes-EraseBytes-
#132114	REDUCE cov: 4849 ft: 14204 corp: 1466/45Kb lim: 122 exec/s: 11009 rss: 301Mb L: 75/122 MS: 1 InsertRepeatedBytes-
#132124	NEW    cov: 4849 ft: 14206 corp: 1467/46Kb lim: 122 exec/s: 11010 rss: 301Mb L: 108/122 MS: 5 PersAutoDict-CMP-ChangeASCIIInt-EraseBytes-CopyPart- DE: "\000\000\000\000\000\000\000m"-"\000\000\000\000\000\000\000\000"-
#132175	REDUCE cov: 4849 ft: 14206 corp: 1467/46Kb lim: 122 exec/s: 11014 rss: 301Mb L: 35/122 MS: 1 EraseBytes-
#132258	REDUCE cov: 4849 ft: 14206 corp: 1467/46Kb lim: 122 exec/s: 11021 rss: 301Mb L: 17/122 MS: 3 CopyPart-ChangeASCIIInt-EraseBytes-
#132656	REDUCE cov: 4849 ft: 14206 corp: 1467/46Kb lim: 122 exec/s: 11054 rss: 301Mb L: 41/122 MS: 3 InsertByte-ChangeASCIIInt-EraseBytes-
#132922	REDUCE cov: 4849 ft: 14206 corp: 1467/46Kb lim: 122 exec/s: 11076 rss: 301Mb L: 53/122 MS: 1 EraseBytes-
#133143	REDUCE cov: 4849 ft: 14206 corp: 1467/46Kb lim: 122 exec/s: 11095 rss: 301Mb L: 21/122 MS: 1 EraseBytes-
#133154	REDUCE cov: 4849 ft: 14208 corp: 1468/46Kb lim: 122 exec/s: 11096 rss: 301Mb L: 33/122 MS: 1 ChangeByte-
#133172	REDUCE cov: 4849 ft: 14208 corp: 1468/46Kb lim: 122 exec/s: 11097 rss: 301Mb L: 47/122 MS: 3 CMP-CrossOver-EraseBytes- DE: "\001\000\000Z"-
#133368	REDUCE cov: 4849 ft: 14208 corp: 1468/46Kb lim: 122 exec/s: 11114 rss: 301Mb L: 25/122 MS: 2 ChangeASCIIInt-EraseBytes-
#133379	REDUCE cov: 4849 ft: 14208 corp: 1468/46Kb lim: 122 exec/s: 11114 rss: 301Mb L: 12/122 MS: 1 EraseBytes-
#133530	REDUCE cov: 4849 ft: 14208 corp: 1468/46Kb lim: 122 exec/s: 11127 rss: 301Mb L: 29/122 MS: 1 EraseBytes-
#133582	REDUCE cov: 4849 ft: 14208 corp: 1468/46Kb lim: 122 exec/s: 11131 rss: 301Mb L: 23/122 MS: 2 ChangeASCIIInt-EraseBytes-
#133589	NEW    cov: 4849 ft: 14209 corp: 1469/46Kb lim: 122 exec/s: 11132 rss: 301Mb L: 65/122 MS: 2 ShuffleBytes-InsertByte-
#133720	REDUCE cov: 4849 ft: 14209 corp: 1469/46Kb lim: 122 exec/s: 11143 rss: 301Mb L: 39/122 MS: 1 EraseBytes-
#133811	REDUCE cov: 4849 ft: 14209 corp: 1469/46Kb lim: 122 exec/s: 11150 rss: 301Mb L: 13/122 MS: 1 EraseBytes-
#133894	REDUCE cov: 4849 ft: 14210 corp: 1470/46Kb lim: 122 exec/s: 11157 rss: 301Mb L: 100/122 MS: 3 CopyPart-ChangeBinInt-InsertByte-
#134335	REDUCE cov: 4849 ft: 14210 corp: 1470/46Kb lim: 122 exec/s: 11194 rss: 301Mb L: 49/122 MS: 1 EraseBytes-
#134441	NEW    cov: 4850 ft: 14211 corp: 1471/46Kb lim: 122 exec/s: 11203 rss: 301Mb L: 39/122 MS: 1 InsertByte-
#134512	NEW    cov: 4850 ft: 14212 corp: 1472/46Kb lim: 122 exec/s: 11209 rss: 301Mb L: 87/122 MS: 1 InsertRepeatedBytes-
#134563	REDUCE cov: 4850 ft: 14217 corp: 1473/46Kb lim: 122 exec/s: 11213 rss: 301Mb L: 101/122 MS: 1 InsertRepeatedBytes-
#134624	REDUCE cov: 4850 ft: 14217 corp: 1473/46Kb lim: 122 exec/s: 11218 rss: 301Mb L: 15/122 MS: 1 EraseBytes-
#134656	NEW    cov: 4850 ft: 14218 corp: 1474/46Kb lim: 122 exec/s: 11221 rss: 301Mb L: 29/122 MS: 2 ChangeASCIIInt-ChangeBinInt-
#134670	NEW    cov: 4852 ft: 14226 corp: 1475/46Kb lim: 122 exec/s: 11222 rss: 301Mb L: 30/122 MS: 4 PersAutoDict-ShuffleBytes-CrossOver-EraseBytes- DE: "\001 \000\000\000\000\000\001"-
#134845	NEW    cov: 4852 ft: 14228 corp: 1476/46Kb lim: 122 exec/s: 11237 rss: 301Mb L: 57/122 MS: 5 ChangeBit-ChangeBinInt-PersAutoDict-InsertByte-CrossOver- DE: "\000\000\000\000\000\000\000\000"-
#134901	REDUCE cov: 4852 ft: 14228 corp: 1476/46Kb lim: 122 exec/s: 11241 rss: 301Mb L: 23/122 MS: 1 CrossOver-
	NEW_FUNC[1/6]: 0x55d0fc743dc0 in core::ptr::drop_glue::<alloc::vec::drain::Drain<u64>> /home/meme/.rustup/toolchains/nightly-x86_64-unknown-linux-gnu/lib/rustlib/src/rust/library/core/src/ptr/mod.rs:828
	NEW_FUNC[2/6]: 0x55d0fc744450 in core::ptr::drop_glue::<alloc::vec::into_iter::IntoIter<u64>> /home/meme/.rustup/toolchains/nightly-x86_64-unknown-linux-gnu/lib/rustlib/src/rust/library/core/src/ptr/mod.rs:828
#135077	REDUCE cov: 4886 ft: 14262 corp: 1477/46Kb lim: 122 exec/s: 11256 rss: 301Mb L: 69/122 MS: 1 CopyPart-
#135113	REDUCE cov: 4886 ft: 14262 corp: 1477/46Kb lim: 122 exec/s: 11259 rss: 301Mb L: 18/122 MS: 1 EraseBytes-
#135404	REDUCE cov: 4886 ft: 14262 corp: 1477/46Kb lim: 122 exec/s: 11283 rss: 301Mb L: 44/122 MS: 1 EraseBytes-
#135435	REDUCE cov: 4886 ft: 14262 corp: 1477/46Kb lim: 122 exec/s: 11286 rss: 301Mb L: 28/122 MS: 1 EraseBytes-
#135492	REDUCE cov: 4886 ft: 14262 corp: 1477/46Kb lim: 122 exec/s: 11291 rss: 301Mb L: 19/122 MS: 2 CopyPart-EraseBytes-
#135803	REDUCE cov: 4886 ft: 14262 corp: 1477/46Kb lim: 122 exec/s: 11316 rss: 301Mb L: 14/122 MS: 1 EraseBytes-
#135909	NEW    cov: 4888 ft: 14264 corp: 1478/46Kb lim: 122 exec/s: 11325 rss: 301Mb L: 2/122 MS: 1 EraseBytes-
#135920	REDUCE cov: 4888 ft: 14264 corp: 1478/46Kb lim: 122 exec/s: 11326 rss: 301Mb L: 19/122 MS: 1 EraseBytes-
#135943	REDUCE cov: 4888 ft: 14264 corp: 1478/46Kb lim: 122 exec/s: 11328 rss: 301Mb L: 66/122 MS: 3 ShuffleBytes-ChangeBit-EraseBytes-
#135944	NEW    cov: 4888 ft: 14265 corp: 1479/46Kb lim: 122 exec/s: 11328 rss: 301Mb L: 65/122 MS: 1 CopyPart-
#136046	REDUCE cov: 4888 ft: 14265 corp: 1479/46Kb lim: 122 exec/s: 11337 rss: 301Mb L: 14/122 MS: 2 ChangeASCIIInt-EraseBytes-
#136122	REDUCE cov: 4888 ft: 14265 corp: 1479/46Kb lim: 122 exec/s: 11343 rss: 301Mb L: 34/122 MS: 1 EraseBytes-
#136169	NEW    cov: 4888 ft: 14268 corp: 1480/46Kb lim: 122 exec/s: 11347 rss: 301Mb L: 41/122 MS: 2 EraseBytes-PersAutoDict- DE: "\000i\257t"-
#136361	NEW    cov: 4888 ft: 14270 corp: 1481/46Kb lim: 122 exec/s: 11363 rss: 301Mb L: 22/122 MS: 2 EraseBytes-PersAutoDict- DE: "N\322\000\000"-
#136407	REDUCE cov: 4888 ft: 14270 corp: 1481/46Kb lim: 122 exec/s: 11367 rss: 301Mb L: 33/122 MS: 1 EraseBytes-
#136423	NEW    cov: 4888 ft: 14271 corp: 1482/46Kb lim: 122 exec/s: 11368 rss: 301Mb L: 80/122 MS: 1 PersAutoDict- DE: "t\\u40"-
#136509	REDUCE cov: 4888 ft: 14271 corp: 1482/46Kb lim: 122 exec/s: 11375 rss: 301Mb L: 5/122 MS: 1 EraseBytes-
#137475	NEW    cov: 4888 ft: 14273 corp: 1483/46Kb lim: 128 exec/s: 11456 rss: 301Mb L: 24/122 MS: 1 CrossOver-
#137511	REDUCE cov: 4888 ft: 14273 corp: 1483/46Kb lim: 128 exec/s: 11459 rss: 301Mb L: 18/122 MS: 1 EraseBytes-
#137548	REDUCE cov: 4888 ft: 14273 corp: 1483/46Kb lim: 128 exec/s: 11462 rss: 301Mb L: 3/122 MS: 2 ShuffleBytes-EraseBytes-
#137574	REDUCE cov: 4888 ft: 14273 corp: 1483/46Kb lim: 128 exec/s: 11464 rss: 301Mb L: 41/122 MS: 1 EraseBytes-
#137680	NEW    cov: 4888 ft: 14331 corp: 1484/46Kb lim: 128 exec/s: 11473 rss: 301Mb L: 48/122 MS: 1 PersAutoDict- DE: "@\000\000\000"-
#137706	NEW    cov: 4889 ft: 14332 corp: 1485/46Kb lim: 128 exec/s: 11475 rss: 301Mb L: 37/122 MS: 1 PersAutoDict- DE: "\011\010"-
#137867	REDUCE cov: 4889 ft: 14332 corp: 1485/46Kb lim: 128 exec/s: 11488 rss: 301Mb L: 29/122 MS: 1 EraseBytes-
#137931	REDUCE cov: 4889 ft: 14332 corp: 1485/46Kb lim: 128 exec/s: 11494 rss: 301Mb L: 34/122 MS: 4 ShuffleBytes-ChangeBinInt-ChangeBinInt-EraseBytes-
#137987	NEW    cov: 4889 ft: 14334 corp: 1486/46Kb lim: 128 exec/s: 11498 rss: 301Mb L: 83/122 MS: 1 ChangeByte-
#138048	REDUCE cov: 4889 ft: 14334 corp: 1486/46Kb lim: 128 exec/s: 11504 rss: 301Mb L: 9/122 MS: 1 EraseBytes-
#138060	NEW    cov: 4889 ft: 14338 corp: 1487/46Kb lim: 128 exec/s: 11505 rss: 301Mb L: 21/122 MS: 2 ChangeASCIIInt-CrossOver-
#138181	REDUCE cov: 4889 ft: 14338 corp: 1487/46Kb lim: 128 exec/s: 11515 rss: 301Mb L: 3/122 MS: 1 EraseBytes-
#138337	NEW    cov: 4889 ft: 14346 corp: 1488/46Kb lim: 128 exec/s: 11528 rss: 301Mb L: 101/122 MS: 1 CMP- DE: "\002\000\000\000\000\000\000\000"-
#138510	NEW    cov: 4889 ft: 14347 corp: 1489/46Kb lim: 128 exec/s: 11542 rss: 301Mb L: 77/122 MS: 3 ShuffleBytes-ChangeBinInt-ChangeBit-
#138556	NEW    cov: 4889 ft: 14348 corp: 1490/47Kb lim: 128 exec/s: 11546 rss: 301Mb L: 37/122 MS: 1 InsertRepeatedBytes-
#138571	REDUCE cov: 4889 ft: 14348 corp: 1490/47Kb lim: 128 exec/s: 11547 rss: 301Mb L: 61/122 MS: 5 ChangeBinInt-ChangeASCIIInt-InsertByte-CopyPart-EraseBytes-
#138631	REDUCE cov: 4899 ft: 14358 corp: 1491/47Kb lim: 128 exec/s: 11552 rss: 301Mb L: 128/128 MS: 5 ChangeBinInt-CopyPart-ChangeBit-InsertByte-CopyPart-
#138789	REDUCE cov: 4899 ft: 14358 corp: 1491/47Kb lim: 128 exec/s: 11565 rss: 301Mb L: 59/128 MS: 3 PersAutoDict-ShuffleBytes-EraseBytes- DE: "\012\000\000\000\000\000\000\000"-
#138805	REDUCE cov: 4899 ft: 14358 corp: 1491/47Kb lim: 128 exec/s: 11567 rss: 301Mb L: 24/128 MS: 1 EraseBytes-
#138869	REDUCE cov: 4899 ft: 14358 corp: 1491/47Kb lim: 128 exec/s: 11572 rss: 301Mb L: 44/128 MS: 4 ChangeASCIIInt-ChangeByte-ChangeBinInt-EraseBytes-
#138875	REDUCE cov: 4899 ft: 14358 corp: 1491/47Kb lim: 128 exec/s: 11572 rss: 301Mb L: 19/128 MS: 1 EraseBytes-
#138965	NEW    cov: 4900 ft: 14359 corp: 1492/47Kb lim: 128 exec/s: 11580 rss: 301Mb L: 59/128 MS: 5 ChangeByte-InsertRepeatedBytes-InsertByte-ChangeByte-CrossOver-
#139001	REDUCE cov: 4900 ft: 14359 corp: 1492/47Kb lim: 128 exec/s: 11583 rss: 301Mb L: 14/128 MS: 1 EraseBytes-
#139517	NEW    cov: 4900 ft: 14360 corp: 1493/47Kb lim: 128 exec/s: 11626 rss: 301Mb L: 77/128 MS: 1 PersAutoDict- DE: "\212\000\000\000"-
#139613	REDUCE cov: 4900 ft: 14360 corp: 1493/47Kb lim: 128 exec/s: 11634 rss: 301Mb L: 37/128 MS: 1 EraseBytes-
#139776	REDUCE cov: 4900 ft: 14360 corp: 1493/47Kb lim: 128 exec/s: 11648 rss: 301Mb L: 23/128 MS: 3 ChangeASCIIInt-InsertByte-EraseBytes-
#139853	NEW    cov: 4900 ft: 14361 corp: 1494/47Kb lim: 128 exec/s: 11654 rss: 301Mb L: 119/128 MS: 2 ChangeBit-ShuffleBytes-
#139897	REDUCE cov: 4900 ft: 14361 corp: 1494/47Kb lim: 128 exec/s: 11658 rss: 301Mb L: 41/128 MS: 4 ChangeBit-ChangeBinInt-ShuffleBytes-EraseBytes-
#139909	REDUCE cov: 4900 ft: 14361 corp: 1494/47Kb lim: 128 exec/s: 11659 rss: 301Mb L: 30/128 MS: 2 ChangeBinInt-CrossOver-
#140223	REDUCE cov: 4900 ft: 14361 corp: 1494/47Kb lim: 128 exec/s: 11685 rss: 301Mb L: 85/128 MS: 4 InsertByte-CrossOver-EraseBytes-EraseBytes-
#140465	NEW    cov: 4900 ft: 14377 corp: 1495/47Kb lim: 128 exec/s: 11705 rss: 301Mb L: 83/128 MS: 2 CMP-InsertRepeatedBytes- DE: "t\377\\\377\377"-
#140508	REDUCE cov: 4900 ft: 14377 corp: 1495/47Kb lim: 128 exec/s: 11709 rss: 301Mb L: 41/128 MS: 3 CopyPart-ChangeASCIIInt-EraseBytes-
#140529	REDUCE cov: 4900 ft: 14377 corp: 1495/47Kb lim: 128 exec/s: 11710 rss: 301Mb L: 86/128 MS: 1 EraseBytes-
#140595	REDUCE cov: 4902 ft: 14379 corp: 1496/47Kb lim: 128 exec/s: 11716 rss: 301Mb L: 27/128 MS: 1 EraseBytes-
#140624	REDUCE cov: 4902 ft: 14379 corp: 1496/47Kb lim: 128 exec/s: 11718 rss: 301Mb L: 31/128 MS: 4 ChangeByte-ChangeBit-ChangeBinInt-EraseBytes-
#140645	REDUCE cov: 4902 ft: 14379 corp: 1496/47Kb lim: 128 exec/s: 11720 rss: 301Mb L: 10/128 MS: 1 EraseBytes-
#140672	REDUCE cov: 4902 ft: 14379 corp: 1496/47Kb lim: 128 exec/s: 11722 rss: 301Mb L: 49/128 MS: 2 CrossOver-EraseBytes-
#140789	REDUCE cov: 4902 ft: 14379 corp: 1496/47Kb lim: 128 exec/s: 11732 rss: 301Mb L: 30/128 MS: 2 ChangeBinInt-EraseBytes-
#140867	REDUCE cov: 4902 ft: 14379 corp: 1496/47Kb lim: 128 exec/s: 11738 rss: 301Mb L: 76/128 MS: 3 InsertByte-ChangeBit-EraseBytes-
#140950	REDUCE cov: 4902 ft: 14379 corp: 1496/47Kb lim: 128 exec/s: 11745 rss: 301Mb L: 35/128 MS: 3 EraseBytes-InsertByte-InsertByte-
#141071	REDUCE cov: 4902 ft: 14379 corp: 1496/47Kb lim: 128 exec/s: 11755 rss: 301Mb L: 12/128 MS: 1 EraseBytes-
#141142	REDUCE cov: 4902 ft: 14379 corp: 1496/47Kb lim: 128 exec/s: 11761 rss: 301Mb L: 93/128 MS: 1 EraseBytes-
#141469	REDUCE cov: 4902 ft: 14380 corp: 1497/47Kb lim: 128 exec/s: 11789 rss: 301Mb L: 17/128 MS: 2 ChangeBinInt-ChangeBit-
#141486	REDUCE cov: 4902 ft: 14380 corp: 1497/47Kb lim: 128 exec/s: 11790 rss: 301Mb L: 51/128 MS: 2 ChangeASCIIInt-EraseBytes-
#141532	REDUCE cov: 4902 ft: 14380 corp: 1497/47Kb lim: 128 exec/s: 11794 rss: 301Mb L: 32/128 MS: 1 EraseBytes-
#141553	REDUCE cov: 4902 ft: 14381 corp: 1498/47Kb lim: 128 exec/s: 11796 rss: 301Mb L: 109/128 MS: 1 InsertRepeatedBytes-
#141604	REDUCE cov: 4902 ft: 14381 corp: 1498/47Kb lim: 128 exec/s: 11800 rss: 301Mb L: 26/128 MS: 1 EraseBytes-
#141616	NEW    cov: 4902 ft: 14391 corp: 1499/47Kb lim: 128 exec/s: 11801 rss: 301Mb L: 128/128 MS: 2 EraseBytes-InsertRepeatedBytes-
#141774	REDUCE cov: 4902 ft: 14391 corp: 1499/47Kb lim: 128 exec/s: 11814 rss: 301Mb L: 15/128 MS: 3 ChangeBit-ChangeByte-EraseBytes-
#141850	REDUCE cov: 4902 ft: 14392 corp: 1500/47Kb lim: 128 exec/s: 11820 rss: 301Mb L: 12/128 MS: 1 CopyPart-
#141866	REDUCE cov: 4902 ft: 14395 corp: 1501/47Kb lim: 128 exec/s: 11822 rss: 301Mb L: 53/128 MS: 1 CrossOver-
#141902	REDUCE cov: 4902 ft: 14395 corp: 1501/47Kb lim: 128 exec/s: 11825 rss: 301Mb L: 12/128 MS: 1 EraseBytes-
#142112	NEW    cov: 4902 ft: 14396 corp: 1502/47Kb lim: 128 exec/s: 11842 rss: 301Mb L: 127/128 MS: 5 PersAutoDict-ShuffleBytes-PersAutoDict-ChangeASCIIInt-CopyPart- DE: ",\000\000\000\000\000\000\000"-"Arue"-
#142113	REDUCE cov: 4902 ft: 14396 corp: 1502/47Kb lim: 128 exec/s: 11842 rss: 301Mb L: 61/128 MS: 1 EraseBytes-
#142315	REDUCE cov: 4902 ft: 14404 corp: 1503/47Kb lim: 128 exec/s: 11859 rss: 301Mb L: 98/128 MS: 2 ShuffleBytes-CopyPart-
#142327	REDUCE cov: 4902 ft: 14404 corp: 1503/47Kb lim: 128 exec/s: 11860 rss: 301Mb L: 14/128 MS: 2 ChangeByte-EraseBytes-
#142496	REDUCE cov: 4902 ft: 14404 corp: 1503/47Kb lim: 128 exec/s: 11874 rss: 301Mb L: 96/128 MS: 4 ChangeASCIIInt-InsertByte-CopyPart-EraseBytes-
#142606	REDUCE cov: 4902 ft: 14404 corp: 1503/47Kb lim: 128 exec/s: 11883 rss: 301Mb L: 85/128 MS: 5 CrossOver-InsertRepeatedBytes-ChangeBinInt-CrossOver-EraseBytes-
#142617	REDUCE cov: 4902 ft: 14404 corp: 1503/47Kb lim: 128 exec/s: 11884 rss: 301Mb L: 51/128 MS: 1 EraseBytes-
#142820	NEW    cov: 4902 ft: 14405 corp: 1504/47Kb lim: 128 exec/s: 11901 rss: 301Mb L: 100/128 MS: 3 ChangeASCIIInt-ShuffleBytes-ChangeBinInt-
#143031	REDUCE cov: 4902 ft: 14405 corp: 1504/47Kb lim: 128 exec/s: 11919 rss: 301Mb L: 41/128 MS: 1 EraseBytes-
#143178	REDUCE cov: 4902 ft: 14405 corp: 1504/47Kb lim: 128 exec/s: 11931 rss: 301Mb L: 54/128 MS: 2 PersAutoDict-EraseBytes- DE: "\0040"-
#143300	REDUCE cov: 4902 ft: 14405 corp: 1504/47Kb lim: 128 exec/s: 11941 rss: 301Mb L: 9/128 MS: 2 ChangeBit-EraseBytes-
#143653	REDUCE cov: 4902 ft: 14405 corp: 1504/47Kb lim: 128 exec/s: 11971 rss: 301Mb L: 15/128 MS: 3 ChangeBit-ChangeASCIIInt-EraseBytes-
#143726	REDUCE cov: 4902 ft: 14405 corp: 1504/47Kb lim: 128 exec/s: 11977 rss: 301Mb L: 33/128 MS: 3 CopyPart-ChangeASCIIInt-EraseBytes-
#143793	NEW    cov: 4902 ft: 14406 corp: 1505/47Kb lim: 128 exec/s: 11982 rss: 301Mb L: 50/128 MS: 2 ShuffleBytes-CMP- DE: "\001\000\000\000\000\000\000&"-
#143961	REDUCE cov: 4902 ft: 14406 corp: 1505/47Kb lim: 128 exec/s: 11996 rss: 301Mb L: 16/128 MS: 3 ChangeASCIIInt-ChangeBinInt-EraseBytes-
#144117	NEW    cov: 4902 ft: 14408 corp: 1506/47Kb lim: 128 exec/s: 12009 rss: 301Mb L: 36/128 MS: 1 EraseBytes-
#144123	NEW    cov: 4906 ft: 14412 corp: 1507/47Kb lim: 128 exec/s: 12010 rss: 301Mb L: 15/128 MS: 1 EraseBytes-
#144139	NEW    cov: 4906 ft: 14418 corp: 1508/47Kb lim: 128 exec/s: 12011 rss: 301Mb L: 40/128 MS: 1 EraseBytes-
#144140	REDUCE cov: 4906 ft: 14418 corp: 1508/47Kb lim: 128 exec/s: 12011 rss: 301Mb L: 16/128 MS: 1 EraseBytes-
#144141	REDUCE cov: 4906 ft: 14418 corp: 1508/47Kb lim: 128 exec/s: 12011 rss: 301Mb L: 37/128 MS: 1 EraseBytes-
#144303	REDUCE cov: 4906 ft: 14418 corp: 1508/47Kb lim: 128 exec/s: 12025 rss: 301Mb L: 24/128 MS: 2 ShuffleBytes-EraseBytes-
#144725	REDUCE cov: 4906 ft: 14418 corp: 1508/47Kb lim: 128 exec/s: 12060 rss: 301Mb L: 19/128 MS: 2 ChangeBit-EraseBytes-
#145101	REDUCE cov: 4912 ft: 14424 corp: 1509/47Kb lim: 128 exec/s: 12091 rss: 301Mb L: 9/128 MS: 1 EraseBytes-
#145102	REDUCE cov: 4912 ft: 14429 corp: 1510/48Kb lim: 128 exec/s: 12091 rss: 301Mb L: 97/128 MS: 1 CMP- DE: "Unit"-
#145284	REDUCE cov: 4912 ft: 14429 corp: 1510/48Kb lim: 128 exec/s: 12107 rss: 301Mb L: 8/128 MS: 2 InsertByte-EraseBytes-
#145405	REDUCE cov: 4912 ft: 14429 corp: 1510/48Kb lim: 128 exec/s: 12117 rss: 301Mb L: 53/128 MS: 1 EraseBytes-
#146236	REDUCE cov: 4912 ft: 14429 corp: 1510/48Kb lim: 135 exec/s: 11248 rss: 301Mb L: 41/128 MS: 1 EraseBytes-
#146263	REDUCE cov: 4912 ft: 14429 corp: 1510/48Kb lim: 135 exec/s: 11251 rss: 301Mb L: 45/128 MS: 2 ChangeBit-CrossOver-
#146264	REDUCE cov: 4912 ft: 14429 corp: 1510/48Kb lim: 135 exec/s: 11251 rss: 301Mb L: 118/128 MS: 1 EraseBytes-
#146270	REDUCE cov: 4912 ft: 14429 corp: 1510/47Kb lim: 135 exec/s: 11251 rss: 301Mb L: 20/128 MS: 1 EraseBytes-
#146516	REDUCE cov: 4912 ft: 14429 corp: 1510/47Kb lim: 135 exec/s: 11270 rss: 301Mb L: 40/128 MS: 1 EraseBytes-
#146592	NEW    cov: 4912 ft: 14435 corp: 1511/48Kb lim: 135 exec/s: 11276 rss: 301Mb L: 94/128 MS: 1 InsertRepeatedBytes-
#146597	NEW    cov: 4912 ft: 14445 corp: 1512/48Kb lim: 135 exec/s: 11276 rss: 301Mb L: 135/135 MS: 5 EraseBytes-ShuffleBytes-InsertRepeatedBytes-PersAutoDict-PersAutoDict- DE: "\001\000"-"#\000\000\000\000\000\000\000"-
#146654	NEW    cov: 4912 ft: 14452 corp: 1513/48Kb lim: 135 exec/s: 11281 rss: 301Mb L: 72/135 MS: 2 ChangeASCIIInt-CopyPart-
#146916	REDUCE cov: 4912 ft: 14452 corp: 1513/48Kb lim: 135 exec/s: 11301 rss: 301Mb L: 19/135 MS: 2 CopyPart-EraseBytes-
#146949	REDUCE cov: 4912 ft: 14452 corp: 1513/48Kb lim: 135 exec/s: 11303 rss: 301Mb L: 4/135 MS: 3 CopyPart-ShuffleBytes-EraseBytes-
#147142	REDUCE cov: 4912 ft: 14452 corp: 1513/48Kb lim: 135 exec/s: 11318 rss: 301Mb L: 68/135 MS: 3 CopyPart-ChangeASCIIInt-EraseBytes-
#147233	REDUCE cov: 4912 ft: 14452 corp: 1513/48Kb lim: 135 exec/s: 11325 rss: 301Mb L: 8/135 MS: 1 EraseBytes-
#147424	NEW    cov: 4912 ft: 14457 corp: 1514/48Kb lim: 135 exec/s: 11340 rss: 301Mb L: 29/135 MS: 1 CopyPart-
#147433	REDUCE cov: 4912 ft: 14457 corp: 1514/48Kb lim: 135 exec/s: 11341 rss: 301Mb L: 24/135 MS: 4 CopyPart-ShuffleBytes-ChangeByte-CrossOver-
#147671	REDUCE cov: 4912 ft: 14459 corp: 1515/48Kb lim: 135 exec/s: 11359 rss: 301Mb L: 91/135 MS: 2 CrossOver-PersAutoDict- DE: ",\000\000\000\000\000\000\000"-
#147677	REDUCE cov: 4912 ft: 14459 corp: 1515/48Kb lim: 135 exec/s: 11359 rss: 301Mb L: 27/135 MS: 1 EraseBytes-
#148259	REDUCE cov: 4912 ft: 14459 corp: 1515/48Kb lim: 135 exec/s: 11404 rss: 301Mb L: 18/135 MS: 2 ChangeBinInt-EraseBytes-
#148270	REDUCE cov: 4912 ft: 14459 corp: 1515/48Kb lim: 135 exec/s: 11405 rss: 301Mb L: 74/135 MS: 1 EraseBytes-
#148451	REDUCE cov: 4912 ft: 14459 corp: 1515/48Kb lim: 135 exec/s: 11419 rss: 301Mb L: 18/135 MS: 1 EraseBytes-
#148517	NEW    cov: 4912 ft: 14467 corp: 1516/48Kb lim: 135 exec/s: 11424 rss: 301Mb L: 84/135 MS: 1 InsertByte-
#149006	NEW    cov: 4912 ft: 14469 corp: 1517/48Kb lim: 135 exec/s: 11462 rss: 301Mb L: 53/135 MS: 4 ChangeBinInt-PersAutoDict-ShuffleBytes-PersAutoDict- DE: "\026\000"-"\002\000\000\000\000\000\000\000"-
#149072	REDUCE cov: 4912 ft: 14469 corp: 1517/48Kb lim: 135 exec/s: 11467 rss: 301Mb L: 4/135 MS: 1 EraseBytes-
#149099	NEW    cov: 4912 ft: 14472 corp: 1518/48Kb lim: 135 exec/s: 11469 rss: 301Mb L: 22/135 MS: 2 ChangeByte-PersAutoDict- DE: " a"-
#149201	REDUCE cov: 4912 ft: 14472 corp: 1518/48Kb lim: 135 exec/s: 11477 rss: 301Mb L: 32/135 MS: 2 PersAutoDict-EraseBytes- DE: " a"-
#149244	NEW    cov: 4913 ft: 14473 corp: 1519/48Kb lim: 135 exec/s: 11480 rss: 301Mb L: 134/135 MS: 3 PersAutoDict-ChangeBit-InsertRepeatedBytes- DE: "t\012\012\012\012"-
#149401	REDUCE cov: 4913 ft: 14473 corp: 1519/48Kb lim: 135 exec/s: 11492 rss: 301Mb L: 19/135 MS: 2 ShuffleBytes-EraseBytes-
#149728	REDUCE cov: 4913 ft: 14473 corp: 1519/48Kb lim: 135 exec/s: 11517 rss: 301Mb L: 11/135 MS: 2 ChangeBinInt-EraseBytes-
#149734	NEW    cov: 4913 ft: 14481 corp: 1520/48Kb lim: 135 exec/s: 11518 rss: 301Mb L: 105/135 MS: 1 CopyPart-
#149801	REDUCE cov: 4913 ft: 14483 corp: 1521/48Kb lim: 135 exec/s: 11523 rss: 301Mb L: 6/135 MS: 2 InsertByte-CopyPart-
#149934	NEW    cov: 4913 ft: 14484 corp: 1522/48Kb lim: 135 exec/s: 11533 rss: 301Mb L: 46/135 MS: 3 PersAutoDict-CopyPart-InsertRepeatedBytes- DE: "t'ue"-
#150087	REDUCE cov: 4913 ft: 14484 corp: 1522/48Kb lim: 135 exec/s: 11545 rss: 301Mb L: 76/135 MS: 3 ShuffleBytes-InsertRepeatedBytes-CrossOver-
#150118	REDUCE cov: 4917 ft: 14488 corp: 1523/48Kb lim: 135 exec/s: 11547 rss: 301Mb L: 13/135 MS: 1 ChangeBinInt-
#150119	REDUCE cov: 4917 ft: 14488 corp: 1523/48Kb lim: 135 exec/s: 11547 rss: 301Mb L: 38/135 MS: 1 EraseBytes-
#150171	REDUCE cov: 4917 ft: 14488 corp: 1523/48Kb lim: 135 exec/s: 11551 rss: 301Mb L: 58/135 MS: 2 ChangeBit-EraseBytes-
#150193	REDUCE cov: 4917 ft: 14488 corp: 1523/48Kb lim: 135 exec/s: 11553 rss: 301Mb L: 6/135 MS: 2 EraseBytes-ChangeByte-
#150265	REDUCE cov: 4917 ft: 14488 corp: 1523/48Kb lim: 135 exec/s: 11558 rss: 301Mb L: 3/135 MS: 2 ChangeBinInt-EraseBytes-
#150266	REDUCE cov: 4917 ft: 14488 corp: 1523/48Kb lim: 135 exec/s: 11558 rss: 301Mb L: 46/135 MS: 1 EraseBytes-
#150549	NEW    cov: 4917 ft: 14489 corp: 1524/48Kb lim: 135 exec/s: 11580 rss: 301Mb L: 89/135 MS: 3 CopyPart-ChangeBit-EraseBytes-
#150690	NEW    cov: 4917 ft: 14494 corp: 1525/48Kb lim: 135 exec/s: 11591 rss: 301Mb L: 31/135 MS: 1 InsertByte-
#150691	REDUCE cov: 4917 ft: 14494 corp: 1525/48Kb lim: 135 exec/s: 11591 rss: 301Mb L: 9/135 MS: 1 EraseBytes-
#150768	REDUCE cov: 4917 ft: 14494 corp: 1525/48Kb lim: 135 exec/s: 11597 rss: 301Mb L: 105/135 MS: 2 ChangeBit-EraseBytes-
#150774	REDUCE cov: 4917 ft: 14494 corp: 1525/48Kb lim: 135 exec/s: 11598 rss: 301Mb L: 22/135 MS: 1 EraseBytes-
#150821	REDUCE cov: 4917 ft: 14494 corp: 1525/48Kb lim: 135 exec/s: 11601 rss: 301Mb L: 34/135 MS: 2 PersAutoDict-EraseBytes- DE: "\001\010\000\000"-
#150872	REDUCE cov: 4917 ft: 14494 corp: 1525/48Kb lim: 135 exec/s: 11605 rss: 301Mb L: 24/135 MS: 1 EraseBytes-
#150885	NEW    cov: 4917 ft: 14498 corp: 1526/48Kb lim: 135 exec/s: 11606 rss: 301Mb L: 119/135 MS: 3 CMP-InsertRepeatedBytes-ChangeBit- DE: "Unit"-
#150966	REDUCE cov: 4917 ft: 14498 corp: 1526/48Kb lim: 135 exec/s: 11612 rss: 301Mb L: 20/135 MS: 1 EraseBytes-
#151023	NEW    cov: 4917 ft: 14499 corp: 1527/48Kb lim: 135 exec/s: 11617 rss: 301Mb L: 44/135 MS: 2 PersAutoDict-CopyPart- DE: "fruu"-
#151064	REDUCE cov: 4917 ft: 14499 corp: 1527/48Kb lim: 135 exec/s: 11620 rss: 301Mb L: 6/135 MS: 1 EraseBytes-
#151335	REDUCE cov: 4917 ft: 14499 corp: 1527/48Kb lim: 135 exec/s: 11641 rss: 301Mb L: 47/135 MS: 1 EraseBytes-
#151371	REDUCE cov: 4917 ft: 14499 corp: 1527/48Kb lim: 135 exec/s: 11643 rss: 301Mb L: 16/135 MS: 1 EraseBytes-
#151662	NEW    cov: 4920 ft: 14503 corp: 1528/48Kb lim: 135 exec/s: 11666 rss: 301Mb L: 34/135 MS: 1 EraseBytes-
#151683	NEW    cov: 4920 ft: 14504 corp: 1529/48Kb lim: 135 exec/s: 11667 rss: 301Mb L: 29/135 MS: 1 ChangeBit-
#151839	REDUCE cov: 4920 ft: 14504 corp: 1529/48Kb lim: 135 exec/s: 11679 rss: 301Mb L: 33/135 MS: 1 EraseBytes-
#151841	REDUCE cov: 4920 ft: 14505 corp: 1530/49Kb lim: 135 exec/s: 11680 rss: 301Mb L: 104/135 MS: 2 InsertRepeatedBytes-CrossOver-
#152047	REDUCE cov: 4920 ft: 14505 corp: 1530/49Kb lim: 135 exec/s: 11695 rss: 301Mb L: 73/135 MS: 1 CrossOver-
#152234	REDUCE cov: 4920 ft: 14505 corp: 1530/49Kb lim: 135 exec/s: 11710 rss: 301Mb L: 97/135 MS: 2 ChangeBit-EraseBytes-
#152241	NEW    cov: 4920 ft: 14506 corp: 1531/49Kb lim: 135 exec/s: 11710 rss: 301Mb L: 40/135 MS: 2 ShuffleBytes-ChangeASCIIInt-
#152302	REDUCE cov: 4920 ft: 14506 corp: 1531/49Kb lim: 135 exec/s: 11715 rss: 301Mb L: 117/135 MS: 1 EraseBytes-
#152308	REDUCE cov: 4920 ft: 14506 corp: 1531/49Kb lim: 135 exec/s: 11716 rss: 301Mb L: 22/135 MS: 1 EraseBytes-
#152405	REDUCE cov: 4920 ft: 14506 corp: 1531/49Kb lim: 135 exec/s: 11723 rss: 301Mb L: 30/135 MS: 2 EraseBytes-ChangeBinInt-
#152461	REDUCE cov: 4920 ft: 14510 corp: 1532/49Kb lim: 135 exec/s: 11727 rss: 301Mb L: 15/135 MS: 1 EraseBytes-
#152588	REDUCE cov: 4920 ft: 14510 corp: 1532/49Kb lim: 135 exec/s: 11737 rss: 301Mb L: 20/135 MS: 2 InsertByte-EraseBytes-
#152717	REDUCE cov: 4922 ft: 14512 corp: 1533/49Kb lim: 135 exec/s: 11747 rss: 301Mb L: 26/135 MS: 4 ChangeASCIIInt-EraseBytes-InsertByte-CopyPart-
#152849	REDUCE cov: 4922 ft: 14512 corp: 1533/49Kb lim: 135 exec/s: 11757 rss: 301Mb L: 40/135 MS: 2 InsertByte-EraseBytes-
#153058	REDUCE cov: 4922 ft: 14513 corp: 1534/49Kb lim: 135 exec/s: 11773 rss: 301Mb L: 126/135 MS: 4 CrossOver-CrossOver-CopyPart-CrossOver-
#153194	REDUCE cov: 4922 ft: 14513 corp: 1534/49Kb lim: 135 exec/s: 11784 rss: 301Mb L: 119/135 MS: 1 EraseBytes-
#153205	REDUCE cov: 4922 ft: 14513 corp: 1534/49Kb lim: 135 exec/s: 11785 rss: 301Mb L: 6/135 MS: 1 EraseBytes-
#153381	NEW    cov: 4922 ft: 14517 corp: 1535/49Kb lim: 135 exec/s: 11798 rss: 301Mb L: 107/135 MS: 1 EraseBytes-
#153477	REDUCE cov: 4922 ft: 14517 corp: 1535/49Kb lim: 135 exec/s: 11805 rss: 301Mb L: 21/135 MS: 1 EraseBytes-
#153505	REDUCE cov: 4922 ft: 14517 corp: 1535/49Kb lim: 135 exec/s: 11808 rss: 301Mb L: 32/135 MS: 3 ChangeBinInt-ChangeASCIIInt-EraseBytes-
#153564	NEW    cov: 4923 ft: 14526 corp: 1536/49Kb lim: 135 exec/s: 11812 rss: 301Mb L: 135/135 MS: 4 ChangeByte-ShuffleBytes-InsertRepeatedBytes-InsertRepeatedBytes-
#153590	REDUCE cov: 4923 ft: 14526 corp: 1536/49Kb lim: 135 exec/s: 11814 rss: 301Mb L: 36/135 MS: 1 EraseBytes-
#153616	REDUCE cov: 4923 ft: 14526 corp: 1536/49Kb lim: 135 exec/s: 11816 rss: 301Mb L: 34/135 MS: 1 EraseBytes-
#153943	NEW    cov: 4923 ft: 14528 corp: 1537/49Kb lim: 135 exec/s: 11841 rss: 301Mb L: 95/135 MS: 2 ChangeASCIIInt-InsertRepeatedBytes-
#154002	REDUCE cov: 4923 ft: 14529 corp: 1538/49Kb lim: 135 exec/s: 11846 rss: 301Mb L: 36/135 MS: 4 ChangeBit-CrossOver-CopyPart-CopyPart-
#154089	REDUCE cov: 4923 ft: 14529 corp: 1538/49Kb lim: 135 exec/s: 11853 rss: 301Mb L: 9/135 MS: 2 ChangeASCIIInt-EraseBytes-
#154095	REDUCE cov: 4923 ft: 14529 corp: 1538/49Kb lim: 135 exec/s: 11853 rss: 301Mb L: 24/135 MS: 1 EraseBytes-
#154644	REDUCE cov: 4923 ft: 14529 corp: 1538/49Kb lim: 135 exec/s: 11895 rss: 301Mb L: 36/135 MS: 4 InsertByte-CopyPart-ShuffleBytes-EraseBytes-
#154790	REDUCE cov: 4923 ft: 14529 corp: 1538/49Kb lim: 135 exec/s: 11906 rss: 301Mb L: 34/135 MS: 1 EraseBytes-
#154832	REDUCE cov: 4923 ft: 14529 corp: 1538/49Kb lim: 135 exec/s: 11910 rss: 301Mb L: 66/135 MS: 2 ShuffleBytes-EraseBytes-
#155309	REDUCE cov: 4923 ft: 14529 corp: 1538/49Kb lim: 135 exec/s: 11946 rss: 301Mb L: 54/135 MS: 2 ChangeByte-EraseBytes-
#155501	REDUCE cov: 4923 ft: 14529 corp: 1538/49Kb lim: 135 exec/s: 11961 rss: 301Mb L: 31/135 MS: 2 ChangeByte-EraseBytes-
#155532	NEW    cov: 4923 ft: 14531 corp: 1539/49Kb lim: 135 exec/s: 11964 rss: 301Mb L: 103/135 MS: 1 CopyPart-
#155558	REDUCE cov: 4923 ft: 14531 corp: 1539/49Kb lim: 135 exec/s: 11966 rss: 301Mb L: 15/135 MS: 1 EraseBytes-
#155675	NEW    cov: 4923 ft: 14532 corp: 1540/49Kb lim: 135 exec/s: 11975 rss: 301Mb L: 135/135 MS: 2 InsertRepeatedBytes-InsertRepeatedBytes-
#155702	REDUCE cov: 4923 ft: 14532 corp: 1540/49Kb lim: 135 exec/s: 11977 rss: 301Mb L: 6/135 MS: 2 CrossOver-EraseBytes-
#155983	REDUCE cov: 4923 ft: 14532 corp: 1540/49Kb lim: 135 exec/s: 11998 rss: 301Mb L: 49/135 MS: 1 EraseBytes-
#156260	REDUCE cov: 4923 ft: 14534 corp: 1541/49Kb lim: 135 exec/s: 12020 rss: 301Mb L: 68/135 MS: 2 CopyPart-CrossOver-
#156339	REDUCE cov: 4923 ft: 14536 corp: 1542/49Kb lim: 135 exec/s: 12026 rss: 301Mb L: 118/135 MS: 4 ShuffleBytes-ChangeByte-InsertByte-CopyPart-
#156516	REDUCE cov: 4923 ft: 14537 corp: 1543/49Kb lim: 135 exec/s: 12039 rss: 301Mb L: 34/135 MS: 2 ChangeBit-InsertByte-
#156547	NEW    cov: 4923 ft: 14538 corp: 1544/50Kb lim: 135 exec/s: 12042 rss: 301Mb L: 94/135 MS: 1 InsertRepeatedBytes-
#156634	REDUCE cov: 4923 ft: 14538 corp: 1544/50Kb lim: 135 exec/s: 12048 rss: 301Mb L: 11/135 MS: 2 PersAutoDict-EraseBytes- DE: "\000\000\003\373\206\240\272\000"-
#156710	REDUCE cov: 4923 ft: 14538 corp: 1544/50Kb lim: 135 exec/s: 12054 rss: 301Mb L: 21/135 MS: 1 EraseBytes-
#156756	REDUCE cov: 4923 ft: 14542 corp: 1545/50Kb lim: 135 exec/s: 12058 rss: 301Mb L: 43/135 MS: 1 EraseBytes-
#156792	REDUCE cov: 4923 ft: 14542 corp: 1545/50Kb lim: 135 exec/s: 12060 rss: 301Mb L: 5/135 MS: 1 EraseBytes-
#156825	REDUCE cov: 4923 ft: 14542 corp: 1545/50Kb lim: 135 exec/s: 12063 rss: 301Mb L: 9/135 MS: 3 ChangeBinInt-ChangeByte-EraseBytes-
#156902	REDUCE cov: 4923 ft: 14542 corp: 1545/50Kb lim: 135 exec/s: 12069 rss: 301Mb L: 4/135 MS: 2 InsertByte-EraseBytes-
#156916	NEW    cov: 4923 ft: 14543 corp: 1546/50Kb lim: 135 exec/s: 12070 rss: 301Mb L: 97/135 MS: 4 ChangeBit-ChangeBit-InsertByte-CMP- DE: "<\000\000\000"-
#157228	REDUCE cov: 4923 ft: 14543 corp: 1546/50Kb lim: 135 exec/s: 12094 rss: 301Mb L: 96/135 MS: 2 ChangeBit-CrossOver-
#157276	REDUCE cov: 4923 ft: 14543 corp: 1546/50Kb lim: 135 exec/s: 12098 rss: 301Mb L: 54/135 MS: 3 InsertByte-CrossOver-EraseBytes-
#157282	REDUCE cov: 4923 ft: 14543 corp: 1546/50Kb lim: 135 exec/s: 12098 rss: 301Mb L: 24/135 MS: 1 EraseBytes-
#157333	REDUCE cov: 4923 ft: 14543 corp: 1546/50Kb lim: 135 exec/s: 12102 rss: 301Mb L: 20/135 MS: 1 EraseBytes-
#157419	NEW    cov: 4923 ft: 14545 corp: 1547/50Kb lim: 135 exec/s: 12109 rss: 301Mb L: 15/135 MS: 1 CrossOver-
#157716	REDUCE cov: 4923 ft: 14545 corp: 1547/50Kb lim: 135 exec/s: 12132 rss: 301Mb L: 34/135 MS: 2 ChangeByte-EraseBytes-
#157737	REDUCE cov: 4923 ft: 14545 corp: 1547/50Kb lim: 135 exec/s: 12133 rss: 301Mb L: 40/135 MS: 1 EraseBytes-
#157744	REDUCE cov: 4923 ft: 14545 corp: 1547/50Kb lim: 135 exec/s: 12134 rss: 301Mb L: 96/135 MS: 2 ChangeByte-CrossOver-
#157847	REDUCE cov: 4923 ft: 14549 corp: 1548/50Kb lim: 135 exec/s: 12142 rss: 301Mb L: 29/135 MS: 3 CopyPart-InsertRepeatedBytes-CopyPart-
#157933	REDUCE cov: 4923 ft: 14549 corp: 1548/50Kb lim: 135 exec/s: 12148 rss: 301Mb L: 28/135 MS: 1 EraseBytes-
#157997	REDUCE cov: 4923 ft: 14549 corp: 1548/50Kb lim: 135 exec/s: 12153 rss: 301Mb L: 34/135 MS: 4 ShuffleBytes-ChangeBit-PersAutoDict-EraseBytes- DE: "\000\000\374\303"-
#158055	REDUCE cov: 4923 ft: 14549 corp: 1548/50Kb lim: 135 exec/s: 12158 rss: 301Mb L: 24/135 MS: 3 CMP-ChangeBinInt-EraseBytes- DE: "rute"-
#158062	REDUCE cov: 4923 ft: 14549 corp: 1548/50Kb lim: 135 exec/s: 12158 rss: 301Mb L: 40/135 MS: 2 ShuffleBytes-EraseBytes-
#158344	REDUCE cov: 4923 ft: 14549 corp: 1548/50Kb lim: 135 exec/s: 12180 rss: 301Mb L: 17/135 MS: 2 CMP-EraseBytes- DE: "tr"-
#158350	REDUCE cov: 4923 ft: 14549 corp: 1548/50Kb lim: 135 exec/s: 12180 rss: 301Mb L: 10/135 MS: 1 EraseBytes-
#158682	REDUCE cov: 4923 ft: 14549 corp: 1548/50Kb lim: 135 exec/s: 12206 rss: 301Mb L: 55/135 MS: 2 ChangeASCIIInt-EraseBytes-
#158728	NEW    cov: 4923 ft: 14617 corp: 1549/50Kb lim: 135 exec/s: 12209 rss: 301Mb L: 39/135 MS: 1 ChangeBit-
#158819	NEW    cov: 4923 ft: 14640 corp: 1550/50Kb lim: 135 exec/s: 12216 rss: 301Mb L: 34/135 MS: 1 InsertByte-
#158826	NEW    cov: 4924 ft: 14641 corp: 1551/50Kb lim: 135 exec/s: 12217 rss: 301Mb L: 134/135 MS: 2 InsertRepeatedBytes-InsertRepeatedBytes-
#158892	NEW    cov: 4924 ft: 14648 corp: 1552/50Kb lim: 135 exec/s: 12222 rss: 301Mb L: 81/135 MS: 1 PersAutoDict- DE: "true\""-
#158923	REDUCE cov: 4924 ft: 14648 corp: 1552/50Kb lim: 135 exec/s: 12224 rss: 301Mb L: 38/135 MS: 1 EraseBytes-
#158942	NEW    cov: 4925 ft: 14649 corp: 1553/50Kb lim: 135 exec/s: 12226 rss: 301Mb L: 39/135 MS: 4 ChangeBinInt-InsertByte-ChangeASCIIInt-ChangeByte-
#159038	REDUCE cov: 4925 ft: 14649 corp: 1553/50Kb lim: 135 exec/s: 12233 rss: 301Mb L: 31/135 MS: 1 EraseBytes-
#159039	REDUCE cov: 4925 ft: 14649 corp: 1553/50Kb lim: 135 exec/s: 12233 rss: 301Mb L: 26/135 MS: 1 CrossOver-
#159062	REDUCE cov: 4925 ft: 14649 corp: 1553/50Kb lim: 135 exec/s: 12235 rss: 301Mb L: 23/135 MS: 3 CMP-ChangeByte-EraseBytes- DE: "New"-
#159223	NEW    cov: 4925 ft: 14656 corp: 1554/50Kb lim: 135 exec/s: 11373 rss: 301Mb L: 46/135 MS: 1 CrossOver-
#159239	REDUCE cov: 4925 ft: 14656 corp: 1554/50Kb lim: 135 exec/s: 11374 rss: 301Mb L: 87/135 MS: 1 EraseBytes-
#159285	REDUCE cov: 4925 ft: 14656 corp: 1554/50Kb lim: 135 exec/s: 11377 rss: 301Mb L: 23/135 MS: 1 EraseBytes-
#159286	NEW    cov: 4925 ft: 14657 corp: 1555/50Kb lim: 135 exec/s: 11377 rss: 301Mb L: 21/135 MS: 1 CopyPart-
#159289	REDUCE cov: 4925 ft: 14657 corp: 1555/50Kb lim: 135 exec/s: 11377 rss: 301Mb L: 12/135 MS: 3 ShuffleBytes-ChangeBit-EraseBytes-
#159342	REDUCE cov: 4925 ft: 14657 corp: 1555/50Kb lim: 135 exec/s: 11381 rss: 301Mb L: 24/135 MS: 3 ChangeByte-ShuffleBytes-EraseBytes-
#159504	REDUCE cov: 4925 ft: 14657 corp: 1555/50Kb lim: 135 exec/s: 11393 rss: 301Mb L: 10/135 MS: 2 CrossOver-EraseBytes-
#159585	REDUCE cov: 4925 ft: 14657 corp: 1555/50Kb lim: 135 exec/s: 11398 rss: 301Mb L: 21/135 MS: 1 EraseBytes-
#159726	NEW    cov: 4925 ft: 14658 corp: 1556/50Kb lim: 135 exec/s: 11409 rss: 301Mb L: 52/135 MS: 1 CrossOver-
#159984	REDUCE cov: 4925 ft: 14658 corp: 1556/50Kb lim: 135 exec/s: 11427 rss: 301Mb L: 18/135 MS: 3 InsertByte-ShuffleBytes-EraseBytes-
#159995	REDUCE cov: 4925 ft: 14658 corp: 1556/50Kb lim: 135 exec/s: 11428 rss: 301Mb L: 44/135 MS: 1 EraseBytes-
#160096	NEW    cov: 4925 ft: 14664 corp: 1557/50Kb lim: 135 exec/s: 11435 rss: 301Mb L: 36/135 MS: 1 ShuffleBytes-
#160137	REDUCE cov: 4925 ft: 14664 corp: 1557/50Kb lim: 135 exec/s: 11438 rss: 301Mb L: 66/135 MS: 1 EraseBytes-
#160273	NEW    cov: 4927 ft: 14666 corp: 1558/50Kb lim: 135 exec/s: 11448 rss: 301Mb L: 7/135 MS: 1 EraseBytes-
#160449	REDUCE cov: 4927 ft: 14666 corp: 1558/50Kb lim: 135 exec/s: 11460 rss: 301Mb L: 29/135 MS: 1 EraseBytes-
#160975	REDUCE cov: 4927 ft: 14666 corp: 1558/50Kb lim: 135 exec/s: 11498 rss: 301Mb L: 17/135 MS: 1 EraseBytes-
#161012	NEW    cov: 4927 ft: 14668 corp: 1559/50Kb lim: 135 exec/s: 11500 rss: 301Mb L: 120/135 MS: 2 InsertByte-ChangeBit-
#161023	REDUCE cov: 4927 ft: 14668 corp: 1559/50Kb lim: 135 exec/s: 11501 rss: 301Mb L: 55/135 MS: 1 CrossOver-
#161163	REDUCE cov: 4927 ft: 14668 corp: 1559/50Kb lim: 135 exec/s: 11511 rss: 301Mb L: 69/135 MS: 5 InsertRepeatedBytes-ChangeByte-ChangeBinInt-EraseBytes-EraseBytes-
#161293	REDUCE cov: 4927 ft: 14668 corp: 1559/50Kb lim: 135 exec/s: 11520 rss: 301Mb L: 31/135 MS: 5 ChangeBinInt-InsertRepeatedBytes-EraseBytes-CrossOver-EraseBytes-
#161432	NEW    cov: 4927 ft: 14672 corp: 1560/50Kb lim: 135 exec/s: 11530 rss: 301Mb L: 92/135 MS: 1 CMP- DE: "Unit"-
#161448	REDUCE cov: 4927 ft: 14672 corp: 1560/50Kb lim: 135 exec/s: 11532 rss: 301Mb L: 18/135 MS: 1 EraseBytes-
#161462	REDUCE cov: 4927 ft: 14672 corp: 1560/50Kb lim: 135 exec/s: 11533 rss: 301Mb L: 90/135 MS: 4 ChangeByte-ShuffleBytes-CMP-EraseBytes- DE: "\000\000\000\000\000\000\000d"-
#161913	NEW    cov: 4927 ft: 14716 corp: 1561/50Kb lim: 135 exec/s: 11565 rss: 301Mb L: 115/135 MS: 1 InsertRepeatedBytes-
#162344	NEW    cov: 4927 ft: 14717 corp: 1562/50Kb lim: 135 exec/s: 11596 rss: 301Mb L: 109/135 MS: 1 InsertRepeatedBytes-
#162372	REDUCE cov: 4927 ft: 14717 corp: 1562/50Kb lim: 135 exec/s: 11598 rss: 301Mb L: 76/135 MS: 3 ChangeByte-ChangeBit-EraseBytes-
#162778	REDUCE cov: 4927 ft: 14717 corp: 1562/50Kb lim: 135 exec/s: 11627 rss: 301Mb L: 111/135 MS: 1 EraseBytes-
#162865	REDUCE cov: 4927 ft: 14717 corp: 1562/50Kb lim: 135 exec/s: 11633 rss: 301Mb L: 44/135 MS: 2 ChangeASCIIInt-EraseBytes-
#162930	REDUCE cov: 4928 ft: 14718 corp: 1563/51Kb lim: 135 exec/s: 11637 rss: 301Mb L: 131/135 MS: 5 InsertByte-InsertRepeatedBytes-CMP-ChangeBinInt-InsertRepeatedBytes- DE: "Unit"-
#163047	NEW    cov: 4928 ft: 14720 corp: 1564/51Kb lim: 135 exec/s: 11646 rss: 301Mb L: 97/135 MS: 2 ChangeBit-CopyPart-
#163254	NEW    cov: 4928 ft: 14722 corp: 1565/51Kb lim: 135 exec/s: 11661 rss: 301Mb L: 11/135 MS: 2 CrossOver-EraseBytes-
#163272	REDUCE cov: 4928 ft: 14723 corp: 1566/51Kb lim: 135 exec/s: 11662 rss: 301Mb L: 42/135 MS: 3 EraseBytes-ChangeBinInt-ChangeASCIIInt-
#163298	REDUCE cov: 4928 ft: 14723 corp: 1566/51Kb lim: 135 exec/s: 11664 rss: 301Mb L: 22/135 MS: 1 EraseBytes-
#163324	REDUCE cov: 4928 ft: 14723 corp: 1566/51Kb lim: 135 exec/s: 11666 rss: 301Mb L: 80/135 MS: 1 EraseBytes-
#163417	REDUCE cov: 4928 ft: 14723 corp: 1566/51Kb lim: 135 exec/s: 11672 rss: 301Mb L: 48/135 MS: 3 ChangeASCIIInt-InsertByte-EraseBytes-
#163433	REDUCE cov: 4928 ft: 14723 corp: 1566/51Kb lim: 135 exec/s: 11673 rss: 301Mb L: 25/135 MS: 1 EraseBytes-
#163516	REDUCE cov: 4928 ft: 14723 corp: 1566/51Kb lim: 135 exec/s: 11679 rss: 301Mb L: 26/135 MS: 3 ChangeByte-ShuffleBytes-EraseBytes-
#163633	REDUCE cov: 4928 ft: 14723 corp: 1566/51Kb lim: 135 exec/s: 11688 rss: 301Mb L: 23/135 MS: 2 InsertByte-EraseBytes-
#163639	NEW    cov: 4928 ft: 14724 corp: 1567/51Kb lim: 135 exec/s: 11688 rss: 301Mb L: 134/135 MS: 1 CopyPart-
#163771	REDUCE cov: 4928 ft: 14724 corp: 1567/51Kb lim: 135 exec/s: 11697 rss: 301Mb L: 87/135 MS: 2 EraseBytes-CrossOver-
#163799	REDUCE cov: 4928 ft: 14724 corp: 1567/51Kb lim: 135 exec/s: 11699 rss: 301Mb L: 28/135 MS: 3 ShuffleBytes-ChangeASCIIInt-EraseBytes-
#163820	REDUCE cov: 4928 ft: 14724 corp: 1567/51Kb lim: 135 exec/s: 11701 rss: 301Mb L: 16/135 MS: 1 EraseBytes-
#163821	REDUCE cov: 4928 ft: 14724 corp: 1567/51Kb lim: 135 exec/s: 11701 rss: 301Mb L: 12/135 MS: 1 EraseBytes-
#163952	NEW    cov: 4928 ft: 14727 corp: 1568/51Kb lim: 135 exec/s: 11710 rss: 301Mb L: 38/135 MS: 1 ChangeByte-
#164074	REDUCE cov: 4928 ft: 14727 corp: 1568/51Kb lim: 135 exec/s: 11719 rss: 301Mb L: 24/135 MS: 2 ShuffleBytes-EraseBytes-
#164690	REDUCE cov: 4928 ft: 14727 corp: 1568/51Kb lim: 135 exec/s: 11763 rss: 301Mb L: 18/135 MS: 1 EraseBytes-
#164702	NEW    cov: 4929 ft: 14731 corp: 1569/51Kb lim: 135 exec/s: 11764 rss: 301Mb L: 48/135 MS: 2 CMP-CopyPart- DE: "\000\000\000\000"-
#164774	REDUCE cov: 4929 ft: 14731 corp: 1569/51Kb lim: 135 exec/s: 11769 rss: 301Mb L: 22/135 MS: 2 ChangeASCIIInt-EraseBytes-
#164780	NEW    cov: 4929 ft: 14733 corp: 1570/51Kb lim: 135 exec/s: 11770 rss: 301Mb L: 11/135 MS: 1 CopyPart-
#164796	REDUCE cov: 4929 ft: 14733 corp: 1570/51Kb lim: 135 exec/s: 11771 rss: 301Mb L: 12/135 MS: 1 EraseBytes-
#164899	REDUCE cov: 4929 ft: 14734 corp: 1571/51Kb lim: 135 exec/s: 11778 rss: 301Mb L: 130/135 MS: 3 InsertRepeatedBytes-CrossOver-InsertRepeatedBytes-
#164941	REDUCE cov: 4929 ft: 14734 corp: 1571/51Kb lim: 135 exec/s: 11781 rss: 301Mb L: 10/135 MS: 2 ChangeBit-EraseBytes-
#164992	REDUCE cov: 4929 ft: 14734 corp: 1571/51Kb lim: 135 exec/s: 11785 rss: 301Mb L: 11/135 MS: 1 EraseBytes-
#165035	REDUCE cov: 4929 ft: 14737 corp: 1572/51Kb lim: 135 exec/s: 11788 rss: 301Mb L: 49/135 MS: 3 ChangeASCIIInt-ChangeBinInt-ChangeBinInt-
#165103	REDUCE cov: 4929 ft: 14737 corp: 1572/51Kb lim: 135 exec/s: 11793 rss: 301Mb L: 28/135 MS: 3 ChangeBit-ChangeByte-EraseBytes-
#165187	REDUCE cov: 4929 ft: 14737 corp: 1572/51Kb lim: 135 exec/s: 11799 rss: 301Mb L: 48/135 MS: 4 ShuffleBytes-PersAutoDict-ChangeASCIIInt-EraseBytes- DE: "\377\377\377\377"-
#165215	REDUCE cov: 4929 ft: 14737 corp: 1572/51Kb lim: 135 exec/s: 11801 rss: 301Mb L: 95/135 MS: 3 InsertRepeatedBytes-InsertByte-EraseBytes-
#165316	REDUCE cov: 4929 ft: 14738 corp: 1573/51Kb lim: 135 exec/s: 11808 rss: 301Mb L: 73/135 MS: 1 CopyPart-
#165777	REDUCE cov: 4929 ft: 14738 corp: 1573/51Kb lim: 135 exec/s: 11841 rss: 301Mb L: 20/135 MS: 1 EraseBytes-
#165876	REDUCE cov: 4929 ft: 14738 corp: 1573/51Kb lim: 135 exec/s: 11848 rss: 301Mb L: 90/135 MS: 4 ChangeBinInt-ShuffleBytes-ChangeASCIIInt-EraseBytes-
#166197	REDUCE cov: 4930 ft: 14739 corp: 1574/51Kb lim: 135 exec/s: 11871 rss: 301Mb L: 35/135 MS: 1 CopyPart-
#166214	REDUCE cov: 4933 ft: 14748 corp: 1575/51Kb lim: 135 exec/s: 11872 rss: 301Mb L: 98/135 MS: 2 CrossOver-EraseBytes-
#166360	REDUCE cov: 4933 ft: 14748 corp: 1575/51Kb lim: 135 exec/s: 11882 rss: 301Mb L: 35/135 MS: 1 EraseBytes-
#166461	REDUCE cov: 4933 ft: 14748 corp: 1575/51Kb lim: 135 exec/s: 11890 rss: 301Mb L: 26/135 MS: 1 EraseBytes-
#166608	REDUCE cov: 4933 ft: 14748 corp: 1575/51Kb lim: 135 exec/s: 11900 rss: 301Mb L: 22/135 MS: 2 ShuffleBytes-EraseBytes-
#166655	NEW    cov: 4933 ft: 14752 corp: 1576/51Kb lim: 135 exec/s: 11903 rss: 301Mb L: 39/135 MS: 2 ChangeBit-ChangeByte-
#166741	REDUCE cov: 4933 ft: 14752 corp: 1576/51Kb lim: 135 exec/s: 11910 rss: 301Mb L: 19/135 MS: 1 EraseBytes-
#166800	NEW    cov: 4934 ft: 14753 corp: 1577/51Kb lim: 135 exec/s: 11914 rss: 301Mb L: 129/135 MS: 4 ShuffleBytes-ChangeASCIIInt-CopyPart-ShuffleBytes-
#166896	REDUCE cov: 4934 ft: 14754 corp: 1578/51Kb lim: 135 exec/s: 11921 rss: 301Mb L: 27/135 MS: 1 ShuffleBytes-
#166974	REDUCE cov: 4934 ft: 14754 corp: 1578/51Kb lim: 135 exec/s: 11926 rss: 301Mb L: 59/135 MS: 3 CMP-ChangeBit-EraseBytes- DE: "\312\372\377\377"-
#167085	REDUCE cov: 4934 ft: 14754 corp: 1578/51Kb lim: 135 exec/s: 11934 rss: 301Mb L: 34/135 MS: 1 CrossOver-
#167101	REDUCE cov: 4934 ft: 14754 corp: 1578/51Kb lim: 135 exec/s: 11935 rss: 301Mb L: 2/135 MS: 1 EraseBytes-
#167165	NEW    cov: 4934 ft: 14786 corp: 1579/51Kb lim: 135 exec/s: 11940 rss: 301Mb L: 118/135 MS: 4 ChangeASCIIInt-PersAutoDict-InsertByte-ChangeBinInt- DE: "\0040"-
#167411	REDUCE cov: 4934 ft: 14786 corp: 1579/51Kb lim: 135 exec/s: 11957 rss: 301Mb L: 48/135 MS: 1 EraseBytes-
#167509	NEW    cov: 4936 ft: 14790 corp: 1580/51Kb lim: 135 exec/s: 11964 rss: 301Mb L: 35/135 MS: 3 CrossOver-ChangeASCIIInt-ChangeBit-
#167616	REDUCE cov: 4936 ft: 14790 corp: 1580/51Kb lim: 135 exec/s: 11972 rss: 301Mb L: 52/135 MS: 2 CMP-EraseBytes- DE: "\001\000\000\000"-
#167707	NEW    cov: 4936 ft: 14791 corp: 1581/51Kb lim: 135 exec/s: 11979 rss: 301Mb L: 25/135 MS: 1 ShuffleBytes-
#167733	REDUCE cov: 4936 ft: 14791 corp: 1581/51Kb lim: 135 exec/s: 11980 rss: 301Mb L: 47/135 MS: 1 EraseBytes-
#167869	REDUCE cov: 4936 ft: 14791 corp: 1581/51Kb lim: 135 exec/s: 11990 rss: 301Mb L: 97/135 MS: 1 EraseBytes-
#167970	REDUCE cov: 4936 ft: 14795 corp: 1582/51Kb lim: 135 exec/s: 11997 rss: 301Mb L: 12/135 MS: 1 EraseBytes-
#168242	REDUCE cov: 4936 ft: 14795 corp: 1582/51Kb lim: 135 exec/s: 12017 rss: 301Mb L: 38/135 MS: 2 PersAutoDict-EraseBytes- DE: "\000\000\000\373"-
#168398	REDUCE cov: 4936 ft: 14795 corp: 1582/51Kb lim: 135 exec/s: 12028 rss: 301Mb L: 11/135 MS: 1 EraseBytes-
#168414	REDUCE cov: 4936 ft: 14795 corp: 1582/51Kb lim: 135 exec/s: 12029 rss: 301Mb L: 87/135 MS: 1 EraseBytes-
#168431	NEW    cov: 4936 ft: 14796 corp: 1583/51Kb lim: 135 exec/s: 12030 rss: 301Mb L: 130/135 MS: 2 ChangeBit-CrossOver-
#168592	NEW    cov: 4936 ft: 14797 corp: 1584/51Kb lim: 135 exec/s: 12042 rss: 301Mb L: 25/135 MS: 1 ShuffleBytes-
#168878	NEW    cov: 4936 ft: 14815 corp: 1585/52Kb lim: 135 exec/s: 12062 rss: 301Mb L: 115/135 MS: 1 ChangeBit-
#168984	NEW    cov: 4936 ft: 14818 corp: 1586/52Kb lim: 135 exec/s: 12070 rss: 301Mb L: 30/135 MS: 1 ChangeByte-
#169041	REDUCE cov: 4936 ft: 14818 corp: 1586/52Kb lim: 135 exec/s: 12074 rss: 301Mb L: 14/135 MS: 2 ChangeASCIIInt-EraseBytes-
#169327	REDUCE cov: 4936 ft: 14818 corp: 1586/52Kb lim: 135 exec/s: 12094 rss: 301Mb L: 58/135 MS: 1 EraseBytes-
#169352	REDUCE cov: 4936 ft: 14819 corp: 1587/52Kb lim: 135 exec/s: 12096 rss: 301Mb L: 82/135 MS: 5 ChangeBit-ChangeASCIIInt-InsertRepeatedBytes-CMP-CrossOver- DE: "?nit"-
#169353	REDUCE cov: 4936 ft: 14819 corp: 1587/52Kb lim: 135 exec/s: 12096 rss: 301Mb L: 16/135 MS: 1 CrossOver-
#169364	REDUCE cov: 4936 ft: 14819 corp: 1587/52Kb lim: 135 exec/s: 12097 rss: 301Mb L: 10/135 MS: 1 EraseBytes-
#169527	NEW    cov: 4936 ft: 14820 corp: 1588/52Kb lim: 135 exec/s: 12109 rss: 301Mb L: 57/135 MS: 3 PersAutoDict-PersAutoDict-InsertRepeatedBytes- DE: "@\000\000\000"-"\001\000\000\000\000\000\000&"-
#169532	NEW    cov: 4936 ft: 14821 corp: 1589/52Kb lim: 135 exec/s: 12109 rss: 301Mb L: 135/135 MS: 5 InsertRepeatedBytes-ChangeBinInt-InsertRepeatedBytes-CrossOver-InsertRepeatedBytes-
#169625	REDUCE cov: 4936 ft: 14821 corp: 1589/52Kb lim: 135 exec/s: 12116 rss: 301Mb L: 19/135 MS: 3 ChangeBinInt-ChangeByte-EraseBytes-
#169673	REDUCE cov: 4936 ft: 14821 corp: 1589/52Kb lim: 135 exec/s: 12119 rss: 301Mb L: 42/135 MS: 3 ShuffleBytes-PersAutoDict-EraseBytes- DE: "\000\000\000\000\000\000\000m"-
#169689	REDUCE cov: 4936 ft: 14821 corp: 1589/52Kb lim: 135 exec/s: 12120 rss: 301Mb L: 28/135 MS: 1 EraseBytes-
#169730	REDUCE cov: 4936 ft: 14821 corp: 1589/52Kb lim: 135 exec/s: 12123 rss: 301Mb L: 16/135 MS: 1 EraseBytes-
#169831	REDUCE cov: 4936 ft: 14821 corp: 1589/52Kb lim: 135 exec/s: 12130 rss: 301Mb L: 61/135 MS: 1 EraseBytes-
#170056	REDUCE cov: 4936 ft: 14821 corp: 1589/52Kb lim: 135 exec/s: 12146 rss: 301Mb L: 52/135 MS: 5 ChangeBinInt-CMP-ChangeByte-ChangeBit-EraseBytes- DE: "\000\000\000\014"-
#170057	REDUCE cov: 4936 ft: 14821 corp: 1589/52Kb lim: 135 exec/s: 12146 rss: 301Mb L: 24/135 MS: 1 EraseBytes-
#170260	NEW    cov: 4936 ft: 14841 corp: 1590/52Kb lim: 135 exec/s: 12161 rss: 301Mb L: 116/135 MS: 3 ChangeByte-CrossOver-CopyPart-
#170281	REDUCE cov: 4936 ft: 14841 corp: 1590/52Kb lim: 135 exec/s: 12162 rss: 301Mb L: 15/135 MS: 1 EraseBytes-
#170450	NEW    cov: 4936 ft: 14842 corp: 1591/52Kb lim: 135 exec/s: 12175 rss: 301Mb L: 41/135 MS: 4 ChangeASCIIInt-ChangeBit-ChangeBinInt-EraseBytes-
#170501	REDUCE cov: 4936 ft: 14842 corp: 1591/52Kb lim: 135 exec/s: 12178 rss: 301Mb L: 21/135 MS: 1 EraseBytes-
#170548	REDUCE cov: 4936 ft: 14842 corp: 1591/52Kb lim: 135 exec/s: 12182 rss: 301Mb L: 11/135 MS: 2 ChangeByte-EraseBytes-
#170580	NEW    cov: 4936 ft: 14843 corp: 1592/52Kb lim: 135 exec/s: 12184 rss: 301Mb L: 37/135 MS: 2 CopyPart-EraseBytes-
#170676	REDUCE cov: 4936 ft: 14843 corp: 1592/52Kb lim: 135 exec/s: 12191 rss: 301Mb L: 64/135 MS: 1 CrossOver-
#170689	REDUCE cov: 4936 ft: 14869 corp: 1593/52Kb lim: 135 exec/s: 12192 rss: 301Mb L: 98/135 MS: 3 ChangeASCIIInt-ChangeASCIIInt-CopyPart-
#170905	REDUCE cov: 4936 ft: 14869 corp: 1593/52Kb lim: 135 exec/s: 12207 rss: 301Mb L: 72/135 MS: 1 EraseBytes-
#170936	NEW    cov: 4936 ft: 14870 corp: 1594/52Kb lim: 135 exec/s: 12209 rss: 301Mb L: 109/135 MS: 1 InsertRepeatedBytes-
#171002	REDUCE cov: 4936 ft: 14872 corp: 1595/52Kb lim: 135 exec/s: 12214 rss: 301Mb L: 49/135 MS: 1 PersAutoDict- DE: "\000\000\374\303"-
#171349	NEW    cov: 4936 ft: 14874 corp: 1596/52Kb lim: 135 exec/s: 12239 rss: 301Mb L: 17/135 MS: 2 ChangeBinInt-ChangeByte-
#171360	REDUCE cov: 4936 ft: 14874 corp: 1596/52Kb lim: 135 exec/s: 12240 rss: 301Mb L: 28/135 MS: 1 EraseBytes-
#171441	REDUCE cov: 4936 ft: 14874 corp: 1596/52Kb lim: 135 exec/s: 12245 rss: 301Mb L: 9/135 MS: 1 EraseBytes-
#171498	REDUCE cov: 4936 ft: 14874 corp: 1596/52Kb lim: 135 exec/s: 12249 rss: 301Mb L: 34/135 MS: 2 ChangeBinInt-EraseBytes-
#171509	REDUCE cov: 4936 ft: 14874 corp: 1596/52Kb lim: 135 exec/s: 12250 rss: 301Mb L: 50/135 MS: 1 EraseBytes-
#171525	REDUCE cov: 4936 ft: 14874 corp: 1596/52Kb lim: 135 exec/s: 12251 rss: 301Mb L: 69/135 MS: 1 EraseBytes-
#171731	REDUCE cov: 4936 ft: 14874 corp: 1596/52Kb lim: 135 exec/s: 12266 rss: 301Mb L: 14/135 MS: 1 EraseBytes-
#171777	REDUCE cov: 4936 ft: 14874 corp: 1596/52Kb lim: 135 exec/s: 12269 rss: 301Mb L: 41/135 MS: 1 EraseBytes-
#171829	REDUCE cov: 4936 ft: 14874 corp: 1596/52Kb lim: 135 exec/s: 12273 rss: 301Mb L: 20/135 MS: 2 ChangeBit-EraseBytes-
#171937	REDUCE cov: 4936 ft: 14874 corp: 1596/52Kb lim: 135 exec/s: 12281 rss: 301Mb L: 24/135 MS: 3 ShuffleBytes-ChangeBinInt-EraseBytes-
#172239	REDUCE cov: 4936 ft: 14874 corp: 1596/52Kb lim: 135 exec/s: 11482 rss: 301Mb L: 22/135 MS: 2 ShuffleBytes-EraseBytes-
#172290	REDUCE cov: 4936 ft: 14874 corp: 1596/52Kb lim: 135 exec/s: 11486 rss: 301Mb L: 63/135 MS: 1 EraseBytes-
#172292	NEW    cov: 4936 ft: 14875 corp: 1597/52Kb lim: 135 exec/s: 11486 rss: 301Mb L: 67/135 MS: 2 CrossOver-EraseBytes-
#172334	REDUCE cov: 4936 ft: 14875 corp: 1597/52Kb lim: 135 exec/s: 11488 rss: 301Mb L: 46/135 MS: 2 ShuffleBytes-EraseBytes-
#172340	NEW    cov: 4936 ft: 14876 corp: 1598/52Kb lim: 135 exec/s: 11489 rss: 301Mb L: 104/135 MS: 1 EraseBytes-
#172381	NEW    cov: 4936 ft: 14886 corp: 1599/52Kb lim: 135 exec/s: 11492 rss: 301Mb L: 135/135 MS: 1 InsertRepeatedBytes-
#172532	REDUCE cov: 4936 ft: 14886 corp: 1599/52Kb lim: 135 exec/s: 11502 rss: 301Mb L: 10/135 MS: 1 EraseBytes-
#172543	REDUCE cov: 4936 ft: 14886 corp: 1599/52Kb lim: 135 exec/s: 11502 rss: 301Mb L: 14/135 MS: 1 CrossOver-
#172609	REDUCE cov: 4936 ft: 14886 corp: 1599/52Kb lim: 135 exec/s: 11507 rss: 301Mb L: 12/135 MS: 1 EraseBytes-
#172681	REDUCE cov: 4936 ft: 14886 corp: 1599/52Kb lim: 135 exec/s: 11512 rss: 301Mb L: 15/135 MS: 2 InsertByte-EraseBytes-
#173048	REDUCE cov: 4936 ft: 14886 corp: 1599/52Kb lim: 135 exec/s: 11536 rss: 301Mb L: 112/135 MS: 2 ShuffleBytes-EraseBytes-
#173084	REDUCE cov: 4936 ft: 14886 corp: 1599/52Kb lim: 135 exec/s: 11538 rss: 301Mb L: 34/135 MS: 1 EraseBytes-
#173220	NEW    cov: 4936 ft: 14887 corp: 1600/52Kb lim: 135 exec/s: 11548 rss: 301Mb L: 82/135 MS: 1 InsertByte-
#173322	REDUCE cov: 4936 ft: 14887 corp: 1600/52Kb lim: 135 exec/s: 11554 rss: 301Mb L: 37/135 MS: 2 CopyPart-EraseBytes-
#173323	REDUCE cov: 4936 ft: 14887 corp: 1600/52Kb lim: 135 exec/s: 11554 rss: 301Mb L: 12/135 MS: 1 EraseBytes-
#173429	REDUCE cov: 4936 ft: 14887 corp: 1600/52Kb lim: 135 exec/s: 11561 rss: 301Mb L: 5/135 MS: 1 EraseBytes-
#173433	REDUCE cov: 4936 ft: 14887 corp: 1600/52Kb lim: 135 exec/s: 11562 rss: 301Mb L: 53/135 MS: 4 ChangeByte-ChangeBit-CopyPart-EraseBytes-
#173434	REDUCE cov: 4936 ft: 14887 corp: 1600/52Kb lim: 135 exec/s: 11562 rss: 301Mb L: 29/135 MS: 1 EraseBytes-
#173439	REDUCE cov: 4936 ft: 14919 corp: 1601/53Kb lim: 135 exec/s: 11562 rss: 301Mb L: 126/135 MS: 5 EraseBytes-ChangeBit-ChangeByte-ChangeBit-InsertRepeatedBytes-
#173460	REDUCE cov: 4936 ft: 14919 corp: 1601/53Kb lim: 135 exec/s: 11564 rss: 301Mb L: 20/135 MS: 1 EraseBytes-
#173487	REDUCE cov: 4936 ft: 14919 corp: 1601/53Kb lim: 135 exec/s: 11565 rss: 301Mb L: 56/135 MS: 2 ChangeASCIIInt-EraseBytes-
#173799	REDUCE cov: 4936 ft: 14919 corp: 1601/53Kb lim: 135 exec/s: 11586 rss: 301Mb L: 16/135 MS: 2 ChangeBit-EraseBytes-
#173846	REDUCE cov: 4936 ft: 14922 corp: 1602/53Kb lim: 135 exec/s: 11589 rss: 301Mb L: 128/135 MS: 2 InsertRepeatedBytes-CrossOver-
#173964	REDUCE cov: 4936 ft: 14922 corp: 1602/53Kb lim: 135 exec/s: 11597 rss: 301Mb L: 30/135 MS: 3 CopyPart-ShuffleBytes-EraseBytes-
#174100	REDUCE cov: 4936 ft: 14922 corp: 1602/53Kb lim: 135 exec/s: 11606 rss: 301Mb L: 42/135 MS: 1 EraseBytes-
#174196	REDUCE cov: 4936 ft: 14922 corp: 1602/53Kb lim: 135 exec/s: 11613 rss: 301Mb L: 30/135 MS: 1 EraseBytes-
#174412	REDUCE cov: 4936 ft: 14922 corp: 1602/53Kb lim: 135 exec/s: 11627 rss: 301Mb L: 12/135 MS: 1 EraseBytes-
#174470	REDUCE cov: 4936 ft: 14926 corp: 1603/53Kb lim: 135 exec/s: 11631 rss: 301Mb L: 80/135 MS: 3 ChangeByte-ChangeASCIIInt-InsertRepeatedBytes-
#174481	REDUCE cov: 4936 ft: 14926 corp: 1603/53Kb lim: 135 exec/s: 11632 rss: 301Mb L: 82/135 MS: 1 EraseBytes-
#174572	REDUCE cov: 4936 ft: 14926 corp: 1603/53Kb lim: 135 exec/s: 11638 rss: 301Mb L: 6/135 MS: 1 EraseBytes-
#174598	NEW    cov: 4936 ft: 14928 corp: 1604/53Kb lim: 135 exec/s: 11639 rss: 301Mb L: 30/135 MS: 1 CrossOver-
#174710	REDUCE cov: 4936 ft: 14928 corp: 1604/53Kb lim: 135 exec/s: 11647 rss: 301Mb L: 3/135 MS: 1 EraseBytes-
#174846	REDUCE cov: 4936 ft: 14928 corp: 1604/53Kb lim: 135 exec/s: 11656 rss: 301Mb L: 63/135 MS: 1 EraseBytes-
#174907	NEW    cov: 4936 ft: 14929 corp: 1605/53Kb lim: 135 exec/s: 11660 rss: 301Mb L: 53/135 MS: 1 ChangeBinInt-
#175018	REDUCE cov: 4936 ft: 14929 corp: 1605/53Kb lim: 135 exec/s: 11667 rss: 301Mb L: 24/135 MS: 1 EraseBytes-
#175019	REDUCE cov: 4936 ft: 14929 corp: 1605/53Kb lim: 135 exec/s: 11667 rss: 301Mb L: 19/135 MS: 1 EraseBytes-
#175020	REDUCE cov: 4936 ft: 14929 corp: 1605/53Kb lim: 135 exec/s: 11668 rss: 301Mb L: 8/135 MS: 1 EraseBytes-
#175071	REDUCE cov: 4936 ft: 14929 corp: 1605/53Kb lim: 135 exec/s: 11671 rss: 301Mb L: 41/135 MS: 1 EraseBytes-
#175108	REDUCE cov: 4936 ft: 14929 corp: 1605/53Kb lim: 135 exec/s: 11673 rss: 301Mb L: 15/135 MS: 2 InsertByte-EraseBytes-
#175209	NEW    cov: 4936 ft: 14930 corp: 1606/53Kb lim: 135 exec/s: 11680 rss: 301Mb L: 18/135 MS: 1 EraseBytes-
#175290	NEW    cov: 4936 ft: 14931 corp: 1607/53Kb lim: 135 exec/s: 11686 rss: 301Mb L: 53/135 MS: 1 InsertRepeatedBytes-
#175367	REDUCE cov: 4936 ft: 14931 corp: 1607/53Kb lim: 135 exec/s: 11691 rss: 301Mb L: 58/135 MS: 2 EraseBytes-InsertRepeatedBytes-
#175454	REDUCE cov: 4936 ft: 14931 corp: 1607/53Kb lim: 135 exec/s: 11696 rss: 301Mb L: 15/135 MS: 2 ShuffleBytes-EraseBytes-
#175795	REDUCE cov: 4936 ft: 14931 corp: 1607/53Kb lim: 135 exec/s: 11719 rss: 301Mb L: 39/135 MS: 1 EraseBytes-
#175848	REDUCE cov: 4936 ft: 14933 corp: 1608/53Kb lim: 135 exec/s: 11723 rss: 301Mb L: 83/135 MS: 3 ChangeBit-EraseBytes-InsertRepeatedBytes-
#175858	REDUCE cov: 4936 ft: 14933 corp: 1608/53Kb lim: 135 exec/s: 11723 rss: 301Mb L: 30/135 MS: 5 ChangeBit-CMP-PersAutoDict-InsertByte-EraseBytes- DE: "\377\377\000f"-"\377\377\377\377\377\377\377\037"-
#175861	REDUCE cov: 4936 ft: 14933 corp: 1608/53Kb lim: 135 exec/s: 11724 rss: 301Mb L: 14/135 MS: 3 ChangeBit-ChangeASCIIInt-EraseBytes-
#175967	REDUCE cov: 4936 ft: 14933 corp: 1608/53Kb lim: 135 exec/s: 11731 rss: 301Mb L: 43/135 MS: 1 EraseBytes-
#176053	REDUCE cov: 4936 ft: 14933 corp: 1608/53Kb lim: 135 exec/s: 11736 rss: 301Mb L: 12/135 MS: 1 EraseBytes-
#176195	REDUCE cov: 4936 ft: 14933 corp: 1608/53Kb lim: 135 exec/s: 11746 rss: 301Mb L: 52/135 MS: 2 PersAutoDict-EraseBytes- DE: "9\000\000\000"-
#176391	REDUCE cov: 4936 ft: 14933 corp: 1608/53Kb lim: 135 exec/s: 11759 rss: 301Mb L: 10/135 MS: 1 EraseBytes-
#176456	REDUCE cov: 4936 ft: 14933 corp: 1608/53Kb lim: 135 exec/s: 11763 rss: 301Mb L: 75/135 MS: 5 PersAutoDict-ChangeASCIIInt-CopyPart-ChangeASCIIInt-EraseBytes- DE: "tru"-
#176642	REDUCE cov: 4936 ft: 14933 corp: 1608/53Kb lim: 135 exec/s: 11776 rss: 301Mb L: 25/135 MS: 1 EraseBytes-
#176673	REDUCE cov: 4936 ft: 14933 corp: 1608/53Kb lim: 135 exec/s: 11778 rss: 301Mb L: 7/135 MS: 1 EraseBytes-
#176764	REDUCE cov: 4936 ft: 14933 corp: 1608/53Kb lim: 135 exec/s: 11784 rss: 301Mb L: 20/135 MS: 1 EraseBytes-
#176800	REDUCE cov: 4936 ft: 14933 corp: 1608/53Kb lim: 135 exec/s: 11786 rss: 301Mb L: 8/135 MS: 1 EraseBytes-
#176905	REDUCE cov: 4936 ft: 14933 corp: 1608/53Kb lim: 135 exec/s: 11793 rss: 301Mb L: 50/135 MS: 5 CrossOver-ChangeASCIIInt-ChangeByte-ChangeByte-EraseBytes-
#177071	REDUCE cov: 4936 ft: 14933 corp: 1608/53Kb lim: 135 exec/s: 11804 rss: 301Mb L: 45/135 MS: 1 EraseBytes-
#177132	REDUCE cov: 4936 ft: 14933 corp: 1608/53Kb lim: 135 exec/s: 11808 rss: 301Mb L: 12/135 MS: 1 EraseBytes-
#177155	NEW    cov: 4936 ft: 14934 corp: 1609/53Kb lim: 135 exec/s: 11810 rss: 301Mb L: 82/135 MS: 3 ShuffleBytes-CrossOver-EraseBytes-
#177223	REDUCE cov: 4936 ft: 14934 corp: 1609/53Kb lim: 135 exec/s: 11814 rss: 301Mb L: 67/135 MS: 3 ShuffleBytes-CMP-EraseBytes- DE: "Urniue"-
#177385	REDUCE cov: 4936 ft: 14934 corp: 1609/53Kb lim: 135 exec/s: 11825 rss: 301Mb L: 46/135 MS: 2 ChangeASCIIInt-EraseBytes-
#177501	REDUCE cov: 4936 ft: 14934 corp: 1609/53Kb lim: 135 exec/s: 11833 rss: 301Mb L: 22/135 MS: 1 EraseBytes-
#177502	REDUCE cov: 4936 ft: 14934 corp: 1609/53Kb lim: 135 exec/s: 11833 rss: 301Mb L: 17/135 MS: 1 EraseBytes-
#177520	NEW    cov: 4936 ft: 14935 corp: 1610/53Kb lim: 135 exec/s: 11834 rss: 301Mb L: 132/135 MS: 3 CopyPart-InsertByte-InsertRepeatedBytes-
#177542	REDUCE cov: 4936 ft: 14935 corp: 1610/53Kb lim: 135 exec/s: 11836 rss: 301Mb L: 28/135 MS: 2 InsertByte-EraseBytes-
#177623	NEW    cov: 4936 ft: 14985 corp: 1611/53Kb lim: 135 exec/s: 11841 rss: 301Mb L: 106/135 MS: 1 InsertRepeatedBytes-
#177872	REDUCE cov: 4936 ft: 14985 corp: 1611/53Kb lim: 135 exec/s: 11858 rss: 301Mb L: 16/135 MS: 4 CopyPart-InsertByte-PersAutoDict-EraseBytes- DE: "\001\000\000\000\000\000\000&"-
#177949	NEW    cov: 4936 ft: 14986 corp: 1612/53Kb lim: 135 exec/s: 11863 rss: 301Mb L: 42/135 MS: 2 CrossOver-EraseBytes-
#178160	REDUCE cov: 4936 ft: 14986 corp: 1612/53Kb lim: 135 exec/s: 11877 rss: 301Mb L: 21/135 MS: 1 EraseBytes-
#178276	REDUCE cov: 4936 ft: 14986 corp: 1612/53Kb lim: 135 exec/s: 11885 rss: 301Mb L: 32/135 MS: 1 EraseBytes-
#178484	REDUCE cov: 4936 ft: 14986 corp: 1612/53Kb lim: 135 exec/s: 11898 rss: 301Mb L: 56/135 MS: 3 ChangeByte-ChangeBinInt-EraseBytes-
#178860	REDUCE cov: 4936 ft: 14986 corp: 1612/53Kb lim: 135 exec/s: 11924 rss: 301Mb L: 97/135 MS: 1 EraseBytes-
#179057	REDUCE cov: 4936 ft: 14986 corp: 1612/53Kb lim: 135 exec/s: 11937 rss: 301Mb L: 21/135 MS: 2 ChangeBinInt-EraseBytes-
#179170	REDUCE cov: 4941 ft: 14991 corp: 1613/53Kb lim: 135 exec/s: 11944 rss: 301Mb L: 48/135 MS: 3 ChangeByte-CMP-EraseBytes- DE: "\016\377\377\377\377\377\377\377"-
#179203	REDUCE cov: 4941 ft: 14991 corp: 1613/53Kb lim: 135 exec/s: 11946 rss: 301Mb L: 7/135 MS: 3 ShuffleBytes-InsertByte-EraseBytes-
#179219	NEW    cov: 4941 ft: 14992 corp: 1614/53Kb lim: 135 exec/s: 11947 rss: 301Mb L: 23/135 MS: 1 EraseBytes-
#179240	REDUCE cov: 4941 ft: 14992 corp: 1614/53Kb lim: 135 exec/s: 11949 rss: 301Mb L: 74/135 MS: 1 CrossOver-
#179451	REDUCE cov: 4941 ft: 14992 corp: 1614/53Kb lim: 135 exec/s: 11963 rss: 301Mb L: 68/135 MS: 1 EraseBytes-
#179552	REDUCE cov: 4941 ft: 14992 corp: 1614/53Kb lim: 135 exec/s: 11970 rss: 301Mb L: 57/135 MS: 1 EraseBytes-
#179753	REDUCE cov: 4941 ft: 14992 corp: 1614/53Kb lim: 135 exec/s: 11983 rss: 301Mb L: 15/135 MS: 1 EraseBytes-
#179864	REDUCE cov: 4941 ft: 14992 corp: 1614/53Kb lim: 135 exec/s: 11990 rss: 301Mb L: 87/135 MS: 1 EraseBytes-
#179866	NEW    cov: 4941 ft: 14993 corp: 1615/53Kb lim: 135 exec/s: 11991 rss: 301Mb L: 39/135 MS: 2 ChangeByte-PersAutoDict- DE: "U]i\000t"-
#180122	REDUCE cov: 4941 ft: 14993 corp: 1615/53Kb lim: 135 exec/s: 12008 rss: 301Mb L: 23/135 MS: 1 EraseBytes-
#180219	REDUCE cov: 4941 ft: 14993 corp: 1615/53Kb lim: 135 exec/s: 12014 rss: 301Mb L: 71/135 MS: 2 InsertByte-EraseBytes-
#180227	REDUCE cov: 4941 ft: 14993 corp: 1615/53Kb lim: 135 exec/s: 12015 rss: 301Mb L: 16/135 MS: 3 CMP-ChangeBit-EraseBytes- DE: "\010\000"-
#180385	REDUCE cov: 4941 ft: 14999 corp: 1616/53Kb lim: 135 exec/s: 12025 rss: 301Mb L: 46/135 MS: 3 ChangeByte-ChangeBit-ChangeBit-
#180476	REDUCE cov: 4941 ft: 15003 corp: 1617/53Kb lim: 135 exec/s: 12031 rss: 301Mb L: 116/135 MS: 1 CMP- DE: "\203\363\317D"-
#180507	REDUCE cov: 4941 ft: 15003 corp: 1617/53Kb lim: 135 exec/s: 12033 rss: 301Mb L: 18/135 MS: 1 EraseBytes-
#180557	NEW    cov: 4941 ft: 15004 corp: 1618/53Kb lim: 135 exec/s: 12037 rss: 301Mb L: 82/135 MS: 5 CMP-InsertByte-ShuffleBytes-CrossOver-ShuffleBytes- DE: "\000\000\000\000\000\000\000\000"-
#180643	REDUCE cov: 4941 ft: 15004 corp: 1618/53Kb lim: 135 exec/s: 12042 rss: 301Mb L: 52/135 MS: 1 EraseBytes-
#180793	REDUCE cov: 4941 ft: 15004 corp: 1618/53Kb lim: 135 exec/s: 12052 rss: 301Mb L: 25/135 MS: 5 PersAutoDict-EraseBytes-PersAutoDict-ChangeBit-EraseBytes- DE: "\001\000\000\000"-"?\000\0016"-
#180949	NEW    cov: 4946 ft: 15012 corp: 1619/53Kb lim: 135 exec/s: 12063 rss: 301Mb L: 101/135 MS: 1 InsertByte-
#181102	REDUCE cov: 4948 ft: 15016 corp: 1620/53Kb lim: 135 exec/s: 12073 rss: 301Mb L: 75/135 MS: 3 ChangeBit-ChangeBit-CopyPart-
#181338	REDUCE cov: 4948 ft: 15016 corp: 1620/53Kb lim: 135 exec/s: 12089 rss: 301Mb L: 7/135 MS: 1 EraseBytes-
#181382	REDUCE cov: 4948 ft: 15016 corp: 1620/53Kb lim: 135 exec/s: 12092 rss: 301Mb L: 89/135 MS: 4 CopyPart-ChangeByte-ChangeBinInt-EraseBytes-
#181438	NEW    cov: 4948 ft: 15022 corp: 1621/53Kb lim: 135 exec/s: 12095 rss: 301Mb L: 35/135 MS: 1 CMP- DE: "tru1"-
#181455	NEW    cov: 4949 ft: 15023 corp: 1622/54Kb lim: 135 exec/s: 12097 rss: 301Mb L: 98/135 MS: 2 ChangeASCIIInt-ChangeBinInt-
#181548	REDUCE cov: 4949 ft: 15023 corp: 1622/54Kb lim: 135 exec/s: 12103 rss: 301Mb L: 47/135 MS: 3 InsertByte-ShuffleBytes-EraseBytes-
#181570	REDUCE cov: 4949 ft: 15023 corp: 1622/54Kb lim: 135 exec/s: 12104 rss: 301Mb L: 56/135 MS: 2 CopyPart-EraseBytes-
#181692	REDUCE cov: 4949 ft: 15023 corp: 1622/54Kb lim: 135 exec/s: 12112 rss: 301Mb L: 20/135 MS: 2 ChangeBinInt-EraseBytes-
#181719	REDUCE cov: 4949 ft: 15023 corp: 1622/54Kb lim: 135 exec/s: 12114 rss: 301Mb L: 18/135 MS: 2 InsertByte-EraseBytes-
#181980	REDUCE cov: 4949 ft: 15029 corp: 1623/54Kb lim: 135 exec/s: 12132 rss: 301Mb L: 75/135 MS: 1 InsertRepeatedBytes-
#182039	REDUCE cov: 4949 ft: 15029 corp: 1623/54Kb lim: 135 exec/s: 12135 rss: 301Mb L: 62/135 MS: 4 CopyPart-PersAutoDict-ChangeByte-EraseBytes- DE: "\010\000"-
#182070	REDUCE cov: 4949 ft: 15029 corp: 1623/54Kb lim: 135 exec/s: 12138 rss: 301Mb L: 12/135 MS: 1 EraseBytes-
#182136	REDUCE cov: 4949 ft: 15029 corp: 1623/54Kb lim: 135 exec/s: 12142 rss: 301Mb L: 9/135 MS: 1 EraseBytes-
#182512	REDUCE cov: 4949 ft: 15029 corp: 1623/54Kb lim: 135 exec/s: 12167 rss: 301Mb L: 11/135 MS: 1 EraseBytes-
#182581	REDUCE cov: 4949 ft: 15029 corp: 1623/54Kb lim: 135 exec/s: 12172 rss: 301Mb L: 101/135 MS: 4 ChangeASCIIInt-CMP-PersAutoDict-EraseBytes- DE: "\001\000"-"U]i\000t"-
#182692	REDUCE cov: 4949 ft: 15029 corp: 1623/54Kb lim: 135 exec/s: 12179 rss: 301Mb L: 6/135 MS: 1 EraseBytes-
#182780	REDUCE cov: 4949 ft: 15029 corp: 1623/54Kb lim: 135 exec/s: 12185 rss: 301Mb L: 40/135 MS: 3 ChangeByte-ChangeASCIIInt-EraseBytes-
#182878	REDUCE cov: 4949 ft: 15029 corp: 1623/54Kb lim: 135 exec/s: 12191 rss: 301Mb L: 57/135 MS: 3 InsertByte-PersAutoDict-EraseBytes- DE: "t\012\012\012\012"-
#183051	NEW    cov: 4950 ft: 15030 corp: 1624/54Kb lim: 135 exec/s: 12203 rss: 301Mb L: 47/135 MS: 3 InsertByte-CrossOver-InsertByte-
#183052	REDUCE cov: 4950 ft: 15030 corp: 1624/54Kb lim: 135 exec/s: 12203 rss: 301Mb L: 60/135 MS: 1 EraseBytes-
#183079	REDUCE cov: 4950 ft: 15030 corp: 1624/54Kb lim: 135 exec/s: 12205 rss: 301Mb L: 19/135 MS: 2 InsertByte-EraseBytes-
#183235	REDUCE cov: 4950 ft: 15030 corp: 1624/54Kb lim: 135 exec/s: 12215 rss: 301Mb L: 46/135 MS: 1 EraseBytes-
#183511	REDUCE cov: 4950 ft: 15030 corp: 1624/54Kb lim: 135 exec/s: 12234 rss: 301Mb L: 22/135 MS: 1 EraseBytes-
#183787	REDUCE cov: 4950 ft: 15030 corp: 1624/54Kb lim: 135 exec/s: 12252 rss: 301Mb L: 3/135 MS: 1 EraseBytes-
#183950	REDUCE cov: 4950 ft: 15030 corp: 1624/54Kb lim: 135 exec/s: 11496 rss: 301Mb L: 55/135 MS: 3 ChangeBit-ChangeBinInt-EraseBytes-
#184034	REDUCE cov: 4950 ft: 15030 corp: 1624/54Kb lim: 135 exec/s: 11502 rss: 301Mb L: 27/135 MS: 4 ShuffleBytes-ChangeByte-ShuffleBytes-EraseBytes-
#184072	REDUCE cov: 4950 ft: 15030 corp: 1624/53Kb lim: 135 exec/s: 11504 rss: 301Mb L: 27/135 MS: 3 ChangeASCIIInt-InsertByte-EraseBytes-
#184076	REDUCE cov: 4950 ft: 15032 corp: 1625/54Kb lim: 135 exec/s: 11504 rss: 301Mb L: 23/135 MS: 4 ChangeASCIIInt-ShuffleBytes-CopyPart-InsertByte-
#184367	REDUCE cov: 4950 ft: 15032 corp: 1625/54Kb lim: 135 exec/s: 11522 rss: 301Mb L: 19/135 MS: 1 EraseBytes-
#184406	REDUCE cov: 4950 ft: 15032 corp: 1625/53Kb lim: 135 exec/s: 11525 rss: 301Mb L: 49/135 MS: 4 CMP-CopyPart-InsertByte-EraseBytes- DE: "true\""-
#184427	NEW    cov: 4950 ft: 15033 corp: 1626/54Kb lim: 135 exec/s: 11526 rss: 301Mb L: 53/135 MS: 1 ChangeBinInt-
#184453	REDUCE cov: 4950 ft: 15033 corp: 1626/54Kb lim: 135 exec/s: 11528 rss: 301Mb L: 39/135 MS: 1 EraseBytes-
#184535	REDUCE cov: 4950 ft: 15033 corp: 1626/54Kb lim: 135 exec/s: 11533 rss: 301Mb L: 3/135 MS: 2 ChangeBit-EraseBytes-
#184777	NEW    cov: 4950 ft: 15035 corp: 1627/54Kb lim: 135 exec/s: 11548 rss: 301Mb L: 36/135 MS: 2 InsertByte-CopyPart-
#184793	REDUCE cov: 4950 ft: 15035 corp: 1627/54Kb lim: 135 exec/s: 11549 rss: 301Mb L: 52/135 MS: 1 EraseBytes-
#184952	REDUCE cov: 4950 ft: 15035 corp: 1627/54Kb lim: 135 exec/s: 11559 rss: 301Mb L: 10/135 MS: 4 ChangeBinInt-ChangeASCIIInt-ChangeBit-CrossOver-
#184968	NEW    cov: 4950 ft: 15039 corp: 1628/54Kb lim: 135 exec/s: 11560 rss: 301Mb L: 117/135 MS: 1 CopyPart-
#185121	REDUCE cov: 4950 ft: 15039 corp: 1628/54Kb lim: 135 exec/s: 11570 rss: 301Mb L: 31/135 MS: 3 ChangeByte-ChangeBinInt-EraseBytes-
#185233	REDUCE cov: 4950 ft: 15039 corp: 1628/54Kb lim: 135 exec/s: 11577 rss: 301Mb L: 33/135 MS: 2 CopyPart-EraseBytes-
#185304	REDUCE cov: 4950 ft: 15039 corp: 1628/54Kb lim: 135 exec/s: 11581 rss: 301Mb L: 25/135 MS: 1 EraseBytes-
#185380	REDUCE cov: 4950 ft: 15039 corp: 1628/54Kb lim: 135 exec/s: 11586 rss: 301Mb L: 14/135 MS: 1 EraseBytes-
#185527	REDUCE cov: 4950 ft: 15039 corp: 1628/54Kb lim: 135 exec/s: 11595 rss: 301Mb L: 77/135 MS: 2 ChangeByte-EraseBytes-
#185560	REDUCE cov: 4950 ft: 15039 corp: 1628/54Kb lim: 135 exec/s: 11597 rss: 301Mb L: 89/135 MS: 3 InsertByte-ShuffleBytes-EraseBytes-
#185571	REDUCE cov: 4950 ft: 15039 corp: 1628/54Kb lim: 135 exec/s: 11598 rss: 301Mb L: 5/135 MS: 1 EraseBytes-
#185672	REDUCE cov: 4950 ft: 15039 corp: 1628/54Kb lim: 135 exec/s: 11604 rss: 301Mb L: 16/135 MS: 1 EraseBytes-
#185681	REDUCE cov: 4950 ft: 15039 corp: 1628/54Kb lim: 135 exec/s: 11605 rss: 301Mb L: 24/135 MS: 4 ShuffleBytes-ChangeByte-CrossOver-EraseBytes-
#185873	REDUCE cov: 4950 ft: 15039 corp: 1628/54Kb lim: 135 exec/s: 11617 rss: 301Mb L: 63/135 MS: 2 ShuffleBytes-EraseBytes-
#186039	REDUCE cov: 4950 ft: 15039 corp: 1628/54Kb lim: 135 exec/s: 11627 rss: 301Mb L: 59/135 MS: 1 CrossOver-
#186305	NEW    cov: 4950 ft: 15041 corp: 1629/54Kb lim: 135 exec/s: 11644 rss: 301Mb L: 11/135 MS: 1 EraseBytes-
#186589	REDUCE cov: 4950 ft: 15041 corp: 1629/54Kb lim: 135 exec/s: 11661 rss: 301Mb L: 27/135 MS: 1 EraseBytes-
#186642	NEW    cov: 4950 ft: 15047 corp: 1630/54Kb lim: 135 exec/s: 11665 rss: 301Mb L: 98/135 MS: 3 CMP-ChangeASCIIInt-CopyPart- DE: "\001\000\000\021"-
#186698	REDUCE cov: 4950 ft: 15047 corp: 1630/54Kb lim: 135 exec/s: 11668 rss: 301Mb L: 27/135 MS: 1 CrossOver-
#186709	REDUCE cov: 4950 ft: 15047 corp: 1630/54Kb lim: 135 exec/s: 11669 rss: 301Mb L: 12/135 MS: 1 EraseBytes-
#187067	REDUCE cov: 4950 ft: 15048 corp: 1631/54Kb lim: 135 exec/s: 11691 rss: 301Mb L: 64/135 MS: 3 CrossOver-ChangeBinInt-PersAutoDict- DE: "\377\377l\257s$"-
#187108	NEW    cov: 4950 ft: 15050 corp: 1632/54Kb lim: 135 exec/s: 11694 rss: 301Mb L: 11/135 MS: 1 InsertByte-
#187429	REDUCE cov: 4950 ft: 15050 corp: 1632/54Kb lim: 135 exec/s: 11714 rss: 301Mb L: 20/135 MS: 1 EraseBytes-
#187642	NEW    cov: 4951 ft: 15051 corp: 1633/54Kb lim: 135 exec/s: 11727 rss: 301Mb L: 67/135 MS: 3 InsertRepeatedBytes-EraseBytes-ChangeBinInt-
#187686	REDUCE cov: 4951 ft: 15053 corp: 1634/54Kb lim: 135 exec/s: 11730 rss: 301Mb L: 49/135 MS: 4 ChangeByte-ChangeASCIIInt-ChangeASCIIInt-EraseBytes-
#187728	NEW    cov: 4951 ft: 15054 corp: 1635/54Kb lim: 135 exec/s: 11733 rss: 301Mb L: 134/135 MS: 2 ChangeBit-CopyPart-
#187814	REDUCE cov: 4951 ft: 15056 corp: 1636/54Kb lim: 135 exec/s: 11738 rss: 301Mb L: 33/135 MS: 1 CrossOver-
#188001	REDUCE cov: 4951 ft: 15056 corp: 1636/54Kb lim: 135 exec/s: 11750 rss: 301Mb L: 33/135 MS: 2 PersAutoDict-EraseBytes- DE: "\000\000\000\000\000\000\000\014"-
#188067	REDUCE cov: 4951 ft: 15056 corp: 1636/54Kb lim: 135 exec/s: 11754 rss: 301Mb L: 8/135 MS: 1 EraseBytes-
#188408	REDUCE cov: 4951 ft: 15057 corp: 1637/54Kb lim: 135 exec/s: 11775 rss: 301Mb L: 21/135 MS: 1 ShuffleBytes-
#188765	REDUCE cov: 4951 ft: 15057 corp: 1637/54Kb lim: 135 exec/s: 11797 rss: 301Mb L: 19/135 MS: 2 ChangeBit-EraseBytes-
#188941	REDUCE cov: 4951 ft: 15057 corp: 1637/54Kb lim: 135 exec/s: 11808 rss: 301Mb L: 28/135 MS: 1 EraseBytes-
#189182	REDUCE cov: 4951 ft: 15057 corp: 1637/54Kb lim: 135 exec/s: 11823 rss: 301Mb L: 16/135 MS: 1 EraseBytes-
#189429	REDUCE cov: 4951 ft: 15057 corp: 1637/54Kb lim: 135 exec/s: 11839 rss: 301Mb L: 39/135 MS: 2 ChangeASCIIInt-EraseBytes-
#189555	NEW    cov: 4951 ft: 15059 corp: 1638/54Kb lim: 135 exec/s: 11847 rss: 301Mb L: 126/135 MS: 1 InsertRepeatedBytes-
#189662	REDUCE cov: 4951 ft: 15059 corp: 1638/54Kb lim: 135 exec/s: 11853 rss: 301Mb L: 36/135 MS: 2 CopyPart-EraseBytes-
#189693	REDUCE cov: 4951 ft: 15059 corp: 1638/54Kb lim: 135 exec/s: 11855 rss: 301Mb L: 3/135 MS: 1 EraseBytes-
#189701	NEW    cov: 4952 ft: 15060 corp: 1639/54Kb lim: 135 exec/s: 11856 rss: 301Mb L: 131/135 MS: 3 ChangeASCIIInt-CopyPart-CopyPart-
#189752	REDUCE cov: 4952 ft: 15060 corp: 1639/54Kb lim: 135 exec/s: 11859 rss: 301Mb L: 2/135 MS: 1 EraseBytes-
#189959	REDUCE cov: 4952 ft: 15060 corp: 1639/54Kb lim: 135 exec/s: 11872 rss: 301Mb L: 30/135 MS: 2 InsertByte-EraseBytes-
#190061	NEW    cov: 4952 ft: 15066 corp: 1640/54Kb lim: 135 exec/s: 11878 rss: 301Mb L: 89/135 MS: 2 ChangeByte-InsertRepeatedBytes-
#190448	REDUCE cov: 4952 ft: 15066 corp: 1640/54Kb lim: 135 exec/s: 11903 rss: 301Mb L: 17/135 MS: 2 PersAutoDict-EraseBytes- DE: "false\""-
#190990	REDUCE cov: 4952 ft: 15082 corp: 1641/54Kb lim: 135 exec/s: 11936 rss: 301Mb L: 85/135 MS: 2 EraseBytes-CrossOver-
#191066	NEW    cov: 4952 ft: 15083 corp: 1642/54Kb lim: 135 exec/s: 11941 rss: 301Mb L: 33/135 MS: 1 CopyPart-
#191107	REDUCE cov: 4952 ft: 15083 corp: 1642/54Kb lim: 135 exec/s: 11944 rss: 301Mb L: 7/135 MS: 1 EraseBytes-
#191273	NEW    cov: 4952 ft: 15085 corp: 1643/54Kb lim: 135 exec/s: 11954 rss: 301Mb L: 12/135 MS: 1 PersAutoDict- DE: "\000\000\000("-
#191551	REDUCE cov: 4952 ft: 15085 corp: 1643/54Kb lim: 135 exec/s: 11971 rss: 301Mb L: 93/135 MS: 3 CopyPart-CopyPart-EraseBytes-
#191642	REDUCE cov: 4952 ft: 15085 corp: 1643/54Kb lim: 135 exec/s: 11977 rss: 301Mb L: 35/135 MS: 1 EraseBytes-
#191748	REDUCE cov: 4952 ft: 15085 corp: 1643/54Kb lim: 135 exec/s: 11984 rss: 301Mb L: 27/135 MS: 1 EraseBytes-
#191924	REDUCE cov: 4952 ft: 15085 corp: 1643/54Kb lim: 135 exec/s: 11995 rss: 301Mb L: 47/135 MS: 1 EraseBytes-
#192140	REDUCE cov: 4952 ft: 15085 corp: 1643/54Kb lim: 135 exec/s: 12008 rss: 301Mb L: 67/135 MS: 1 EraseBytes-
#192291	REDUCE cov: 4958 ft: 15091 corp: 1644/54Kb lim: 135 exec/s: 12018 rss: 301Mb L: 14/135 MS: 1 PersAutoDict- DE: " a"-
#192367	REDUCE cov: 4958 ft: 15091 corp: 1644/54Kb lim: 135 exec/s: 12022 rss: 301Mb L: 20/135 MS: 1 EraseBytes-
#192380	REDUCE cov: 4958 ft: 15091 corp: 1644/54Kb lim: 135 exec/s: 12023 rss: 301Mb L: 26/135 MS: 3 InsertByte-ChangeBit-EraseBytes-
#192493	REDUCE cov: 4958 ft: 15091 corp: 1644/54Kb lim: 135 exec/s: 12030 rss: 301Mb L: 6/135 MS: 3 ChangeBit-PersAutoDict-EraseBytes- DE: "?\000\0016"-
#192584	REDUCE cov: 4958 ft: 15091 corp: 1644/54Kb lim: 135 exec/s: 12036 rss: 301Mb L: 20/135 MS: 1 EraseBytes-
#192589	REDUCE cov: 4958 ft: 15091 corp: 1644/54Kb lim: 135 exec/s: 12036 rss: 301Mb L: 21/135 MS: 5 ShuffleBytes-InsertByte-ShuffleBytes-ChangeBit-EraseBytes-
#192646	REDUCE cov: 4958 ft: 15091 corp: 1644/54Kb lim: 135 exec/s: 12040 rss: 301Mb L: 9/135 MS: 2 ChangeASCIIInt-EraseBytes-
#192872	REDUCE cov: 4958 ft: 15091 corp: 1644/54Kb lim: 135 exec/s: 12054 rss: 301Mb L: 40/135 MS: 1 EraseBytes-
#193403	REDUCE cov: 4958 ft: 15091 corp: 1644/54Kb lim: 135 exec/s: 12087 rss: 301Mb L: 37/135 MS: 1 CrossOver-
#193504	REDUCE cov: 4958 ft: 15091 corp: 1644/54Kb lim: 135 exec/s: 12094 rss: 301Mb L: 15/135 MS: 1 EraseBytes-
#193573	REDUCE cov: 4958 ft: 15091 corp: 1644/54Kb lim: 135 exec/s: 12098 rss: 301Mb L: 75/135 MS: 4 InsertRepeatedBytes-CMP-ChangeBinInt-EraseBytes- DE: "\377\377\011="-
#193836	REDUCE cov: 4958 ft: 15091 corp: 1644/54Kb lim: 135 exec/s: 12114 rss: 301Mb L: 17/135 MS: 3 ChangeASCIIInt-ChangeBinInt-EraseBytes-
#193904	REDUCE cov: 4958 ft: 15091 corp: 1644/54Kb lim: 135 exec/s: 12119 rss: 301Mb L: 42/135 MS: 3 ShuffleBytes-CMP-EraseBytes- DE: "\000\000\000\000\000\000\000\010"-
#194051	REDUCE cov: 4958 ft: 15091 corp: 1644/54Kb lim: 135 exec/s: 12128 rss: 301Mb L: 36/135 MS: 2 PersAutoDict-EraseBytes- DE: "U])))"-
#194120	REDUCE cov: 4958 ft: 15091 corp: 1644/54Kb lim: 135 exec/s: 12132 rss: 301Mb L: 47/135 MS: 4 InsertRepeatedBytes-ChangeByte-ChangeASCIIInt-EraseBytes-
#194306	REDUCE cov: 4958 ft: 15091 corp: 1644/54Kb lim: 135 exec/s: 12144 rss: 301Mb L: 40/135 MS: 1 EraseBytes-
#194342	REDUCE cov: 4958 ft: 15091 corp: 1644/54Kb lim: 135 exec/s: 12146 rss: 301Mb L: 71/135 MS: 1 EraseBytes-
#194567	NEW    cov: 4958 ft: 15093 corp: 1645/54Kb lim: 135 exec/s: 12160 rss: 301Mb L: 63/135 MS: 5 PersAutoDict-ChangeByte-PersAutoDict-ChangeASCIIInt-EraseBytes- DE: "\377\377\000f"-"\000\000\000\000\000\000\000\010"-
#194623	REDUCE cov: 4958 ft: 15093 corp: 1645/54Kb lim: 135 exec/s: 12163 rss: 301Mb L: 12/135 MS: 1 EraseBytes-
#195170	REDUCE cov: 4958 ft: 15093 corp: 1645/54Kb lim: 135 exec/s: 12198 rss: 301Mb L: 32/135 MS: 2 ChangeByte-EraseBytes-
#195171	REDUCE cov: 4958 ft: 15093 corp: 1645/54Kb lim: 135 exec/s: 12198 rss: 301Mb L: 21/135 MS: 1 EraseBytes-
#195202	REDUCE cov: 4958 ft: 15093 corp: 1645/54Kb lim: 135 exec/s: 12200 rss: 301Mb L: 5/135 MS: 1 EraseBytes-
#195393	REDUCE cov: 4958 ft: 15093 corp: 1645/54Kb lim: 135 exec/s: 12212 rss: 301Mb L: 35/135 MS: 1 EraseBytes-
#195620	REDUCE cov: 4958 ft: 15094 corp: 1646/54Kb lim: 135 exec/s: 12226 rss: 301Mb L: 38/135 MS: 2 ChangeByte-EraseBytes-
#195657	REDUCE cov: 4958 ft: 15094 corp: 1646/54Kb lim: 135 exec/s: 11509 rss: 301Mb L: 13/135 MS: 2 InsertByte-EraseBytes-
#195913	REDUCE cov: 4958 ft: 15094 corp: 1646/54Kb lim: 135 exec/s: 11524 rss: 301Mb L: 17/135 MS: 1 EraseBytes-
#195929	REDUCE cov: 4958 ft: 15094 corp: 1646/54Kb lim: 135 exec/s: 11525 rss: 301Mb L: 30/135 MS: 1 EraseBytes-
#196137	NEW    cov: 4958 ft: 15095 corp: 1647/54Kb lim: 135 exec/s: 11537 rss: 301Mb L: 60/135 MS: 3 InsertByte-EraseBytes-CopyPart-
#196208	NEW    cov: 4958 ft: 15096 corp: 1648/54Kb lim: 135 exec/s: 11541 rss: 301Mb L: 27/135 MS: 1 EraseBytes-
#196431	NEW    cov: 4958 ft: 15097 corp: 1649/54Kb lim: 135 exec/s: 11554 rss: 301Mb L: 29/135 MS: 3 CopyPart-ChangeBinInt-ShuffleBytes-
#196567	REDUCE cov: 4958 ft: 15097 corp: 1649/54Kb lim: 135 exec/s: 11562 rss: 301Mb L: 134/135 MS: 1 EraseBytes-
#196914	REDUCE cov: 4958 ft: 15097 corp: 1649/54Kb lim: 135 exec/s: 11583 rss: 301Mb L: 133/135 MS: 2 ChangeBit-EraseBytes-
#197135	REDUCE cov: 4958 ft: 15097 corp: 1649/54Kb lim: 135 exec/s: 11596 rss: 301Mb L: 28/135 MS: 1 EraseBytes-
#197461	REDUCE cov: 4958 ft: 15097 corp: 1649/54Kb lim: 135 exec/s: 11615 rss: 301Mb L: 34/135 MS: 1 EraseBytes-
#197478	REDUCE cov: 4958 ft: 15097 corp: 1649/54Kb lim: 135 exec/s: 11616 rss: 301Mb L: 59/135 MS: 2 CopyPart-EraseBytes-
#197491	REDUCE cov: 4958 ft: 15097 corp: 1649/54Kb lim: 135 exec/s: 11617 rss: 301Mb L: 39/135 MS: 3 ShuffleBytes-ChangeASCIIInt-EraseBytes-
#197500	REDUCE cov: 4958 ft: 15097 corp: 1649/54Kb lim: 135 exec/s: 11617 rss: 301Mb L: 5/135 MS: 4 InsertByte-PersAutoDict-EraseBytes-EraseBytes- DE: "\000\001"-
#197583	NEW    cov: 4958 ft: 15113 corp: 1650/54Kb lim: 135 exec/s: 11622 rss: 301Mb L: 96/135 MS: 3 CrossOver-ShuffleBytes-ChangeBit-
#197586	REDUCE cov: 4958 ft: 15113 corp: 1650/54Kb lim: 135 exec/s: 11622 rss: 301Mb L: 132/135 MS: 3 ChangeBit-EraseBytes-CopyPart-
#197617	REDUCE cov: 4958 ft: 15113 corp: 1650/54Kb lim: 135 exec/s: 11624 rss: 301Mb L: 76/135 MS: 1 EraseBytes-
#197771	NEW    cov: 4958 ft: 15117 corp: 1651/54Kb lim: 135 exec/s: 11633 rss: 301Mb L: 129/135 MS: 4 InsertRepeatedBytes-CopyPart-CopyPart-PersAutoDict- DE: "Unit"-
#197809	REDUCE cov: 4958 ft: 15117 corp: 1651/54Kb lim: 135 exec/s: 11635 rss: 301Mb L: 53/135 MS: 3 ChangeByte-PersAutoDict-EraseBytes- DE: "tr"-
#197847	REDUCE cov: 4959 ft: 15118 corp: 1652/54Kb lim: 135 exec/s: 11638 rss: 301Mb L: 18/135 MS: 3 ShuffleBytes-ChangeByte-CrossOver-
#197866	NEW    cov: 4959 ft: 15120 corp: 1653/55Kb lim: 135 exec/s: 11639 rss: 301Mb L: 18/135 MS: 4 ChangeBit-CrossOver-ChangeByte-CrossOver-
#197886	REDUCE cov: 4959 ft: 15120 corp: 1653/54Kb lim: 135 exec/s: 11640 rss: 301Mb L: 76/135 MS: 5 InsertRepeatedBytes-ChangeBit-ChangeByte-InsertByte-CrossOver-
#198002	REDUCE cov: 4959 ft: 15120 corp: 1653/54Kb lim: 135 exec/s: 11647 rss: 301Mb L: 16/135 MS: 1 EraseBytes-
#198133	REDUCE cov: 4959 ft: 15120 corp: 1653/54Kb lim: 135 exec/s: 11654 rss: 301Mb L: 30/135 MS: 1 EraseBytes-
#198259	REDUCE cov: 4959 ft: 15120 corp: 1653/54Kb lim: 135 exec/s: 11662 rss: 301Mb L: 29/135 MS: 1 EraseBytes-
#198488	REDUCE cov: 4959 ft: 15120 corp: 1653/54Kb lim: 135 exec/s: 11675 rss: 301Mb L: 79/135 MS: 1 EraseBytes-
#198496	REDUCE cov: 4959 ft: 15120 corp: 1653/54Kb lim: 135 exec/s: 11676 rss: 301Mb L: 54/135 MS: 3 ChangeByte-CrossOver-EraseBytes-
#198587	NEW    cov: 4959 ft: 15122 corp: 1654/54Kb lim: 135 exec/s: 11681 rss: 301Mb L: 15/135 MS: 1 InsertByte-
#198598	REDUCE cov: 4959 ft: 15122 corp: 1654/54Kb lim: 135 exec/s: 11682 rss: 301Mb L: 15/135 MS: 1 EraseBytes-
#198778	NEW    cov: 4959 ft: 15123 corp: 1655/54Kb lim: 135 exec/s: 11692 rss: 301Mb L: 6/135 MS: 5 ChangeBit-ChangeBinInt-ChangeByte-ShuffleBytes-ChangeBit-
#198921	REDUCE cov: 4959 ft: 15123 corp: 1655/54Kb lim: 135 exec/s: 11701 rss: 301Mb L: 19/135 MS: 3 CMP-ChangeBit-EraseBytes- DE: ".2"-
#198993	REDUCE cov: 4959 ft: 15123 corp: 1655/54Kb lim: 135 exec/s: 11705 rss: 301Mb L: 11/135 MS: 2 CopyPart-EraseBytes-
#199090	REDUCE cov: 4959 ft: 15123 corp: 1655/54Kb lim: 135 exec/s: 11711 rss: 301Mb L: 58/135 MS: 2 ChangeByte-EraseBytes-
#199416	REDUCE cov: 4959 ft: 15123 corp: 1655/54Kb lim: 135 exec/s: 11730 rss: 301Mb L: 10/135 MS: 1 EraseBytes-
#199527	REDUCE cov: 4959 ft: 15123 corp: 1655/54Kb lim: 135 exec/s: 11736 rss: 301Mb L: 22/135 MS: 1 EraseBytes-
#199543	REDUCE cov: 4959 ft: 15123 corp: 1655/54Kb lim: 135 exec/s: 11737 rss: 301Mb L: 34/135 MS: 1 EraseBytes-
#199632	REDUCE cov: 4959 ft: 15123 corp: 1655/54Kb lim: 135 exec/s: 11743 rss: 301Mb L: 32/135 MS: 4 ChangeBit-EraseBytes-ChangeBit-ShuffleBytes-
#199664	NEW    cov: 4959 ft: 15124 corp: 1656/54Kb lim: 135 exec/s: 11744 rss: 301Mb L: 11/135 MS: 2 ChangeBinInt-CrossOver-
#199786	REDUCE cov: 4959 ft: 15124 corp: 1656/54Kb lim: 135 exec/s: 11752 rss: 301Mb L: 95/135 MS: 2 ChangeBit-EraseBytes-
#199907	REDUCE cov: 4959 ft: 15124 corp: 1656/54Kb lim: 135 exec/s: 11759 rss: 301Mb L: 19/135 MS: 1 CrossOver-
#199963	REDUCE cov: 4959 ft: 15124 corp: 1656/54Kb lim: 135 exec/s: 11762 rss: 301Mb L: 9/135 MS: 1 EraseBytes-
#200103	REDUCE cov: 4959 ft: 15124 corp: 1656/54Kb lim: 135 exec/s: 11770 rss: 301Mb L: 44/135 MS: 5 ChangeBit-ShuffleBytes-CMP-PersAutoDict-EraseBytes- DE: "frue"-"\0040"-
#200179	REDUCE cov: 4959 ft: 15124 corp: 1656/54Kb lim: 135 exec/s: 11775 rss: 301Mb L: 36/135 MS: 1 EraseBytes-
#200226	REDUCE cov: 4959 ft: 15130 corp: 1657/54Kb lim: 135 exec/s: 11778 rss: 301Mb L: 88/135 MS: 2 InsertRepeatedBytes-PersAutoDict- DE: "\377;"-
#200257	REDUCE cov: 4959 ft: 15130 corp: 1657/54Kb lim: 135 exec/s: 11779 rss: 301Mb L: 37/135 MS: 1 EraseBytes-
#200515	NEW    cov: 4959 ft: 15132 corp: 1658/55Kb lim: 135 exec/s: 11795 rss: 301Mb L: 51/135 MS: 3 InsertRepeatedBytes-CopyPart-CrossOver-
#200591	REDUCE cov: 4959 ft: 15132 corp: 1658/55Kb lim: 135 exec/s: 11799 rss: 301Mb L: 84/135 MS: 1 EraseBytes-
#200653	REDUCE cov: 4959 ft: 15132 corp: 1658/55Kb lim: 135 exec/s: 11803 rss: 301Mb L: 17/135 MS: 2 InsertByte-EraseBytes-
#200912	REDUCE cov: 4959 ft: 15132 corp: 1658/55Kb lim: 135 exec/s: 11818 rss: 301Mb L: 9/135 MS: 4 ChangeByte-CopyPart-ShuffleBytes-EraseBytes-
#200952	REDUCE cov: 4959 ft: 15132 corp: 1658/55Kb lim: 135 exec/s: 11820 rss: 301Mb L: 61/135 MS: 5 CopyPart-ChangeASCIIInt-PersAutoDict-EraseBytes-ChangeBit- DE: "\012\000\000\000\000\000\000\000"-
#200978	REDUCE cov: 4959 ft: 15132 corp: 1658/55Kb lim: 135 exec/s: 11822 rss: 301Mb L: 15/135 MS: 1 EraseBytes-
#201076	REDUCE cov: 4959 ft: 15132 corp: 1658/55Kb lim: 135 exec/s: 11828 rss: 301Mb L: 52/135 MS: 3 CrossOver-ChangeASCIIInt-EraseBytes-
#201139	REDUCE cov: 4959 ft: 15135 corp: 1659/55Kb lim: 135 exec/s: 11831 rss: 301Mb L: 91/135 MS: 3 ChangeBit-ChangeByte-InsertRepeatedBytes-
#201165	REDUCE cov: 4959 ft: 15135 corp: 1659/55Kb lim: 135 exec/s: 11833 rss: 301Mb L: 22/135 MS: 1 EraseBytes-
#201281	NEW    cov: 4959 ft: 15136 corp: 1660/55Kb lim: 135 exec/s: 11840 rss: 301Mb L: 43/135 MS: 1 EraseBytes-
#201587	REDUCE cov: 4959 ft: 15136 corp: 1660/55Kb lim: 135 exec/s: 11858 rss: 301Mb L: 19/135 MS: 1 EraseBytes-
#201655	NEW    cov: 4959 ft: 15137 corp: 1661/55Kb lim: 135 exec/s: 11862 rss: 301Mb L: 48/135 MS: 3 ShuffleBytes-CopyPart-CopyPart-
#202232	REDUCE cov: 4959 ft: 15137 corp: 1661/55Kb lim: 135 exec/s: 11896 rss: 301Mb L: 10/135 MS: 2 ShuffleBytes-EraseBytes-
#202253	REDUCE cov: 4959 ft: 15137 corp: 1661/55Kb lim: 135 exec/s: 11897 rss: 301Mb L: 97/135 MS: 1 EraseBytes-
#202369	NEW    cov: 4959 ft: 15138 corp: 1662/55Kb lim: 135 exec/s: 11904 rss: 301Mb L: 57/135 MS: 1 InsertRepeatedBytes-
#202460	NEW    cov: 4959 ft: 15141 corp: 1663/55Kb lim: 135 exec/s: 11909 rss: 301Mb L: 22/135 MS: 1 InsertByte-
#202556	REDUCE cov: 4959 ft: 15141 corp: 1663/55Kb lim: 135 exec/s: 11915 rss: 301Mb L: 41/135 MS: 1 EraseBytes-
#203212	REDUCE cov: 4959 ft: 15141 corp: 1663/55Kb lim: 135 exec/s: 11953 rss: 301Mb L: 47/135 MS: 1 EraseBytes-
#203284	REDUCE cov: 4959 ft: 15141 corp: 1663/55Kb lim: 135 exec/s: 11957 rss: 301Mb L: 51/135 MS: 2 CopyPart-EraseBytes-
#203408	NEW    cov: 4959 ft: 15142 corp: 1664/55Kb lim: 135 exec/s: 11965 rss: 301Mb L: 131/135 MS: 4 CMP-EraseBytes-ChangeBinInt-InsertRepeatedBytes- DE: "\001\000\004B"-
#203514	NEW    cov: 4959 ft: 15146 corp: 1665/55Kb lim: 135 exec/s: 11971 rss: 301Mb L: 119/135 MS: 1 CopyPart-
#203520	REDUCE cov: 4959 ft: 15146 corp: 1665/55Kb lim: 135 exec/s: 11971 rss: 301Mb L: 54/135 MS: 1 EraseBytes-
#203561	REDUCE cov: 4959 ft: 15146 corp: 1665/55Kb lim: 135 exec/s: 11974 rss: 301Mb L: 24/135 MS: 1 CrossOver-
#203604	REDUCE cov: 4959 ft: 15146 corp: 1665/55Kb lim: 135 exec/s: 11976 rss: 301Mb L: 4/135 MS: 3 CopyPart-ShuffleBytes-EraseBytes-
#203784	REDUCE cov: 4959 ft: 15146 corp: 1665/55Kb lim: 135 exec/s: 11987 rss: 301Mb L: 78/135 MS: 5 CopyPart-ChangeBinInt-PersAutoDict-ChangeByte-EraseBytes- DE: "false\""-
#203987	NEW    cov: 4959 ft: 15148 corp: 1666/55Kb lim: 135 exec/s: 11999 rss: 301Mb L: 96/135 MS: 3 ShuffleBytes-CopyPart-ChangeByte-
#204013	NEW    cov: 4959 ft: 15149 corp: 1667/55Kb lim: 135 exec/s: 12000 rss: 301Mb L: 79/135 MS: 1 CopyPart-
#204309	REDUCE cov: 4959 ft: 15149 corp: 1667/55Kb lim: 135 exec/s: 12018 rss: 301Mb L: 42/135 MS: 1 EraseBytes-
#204530	REDUCE cov: 4959 ft: 15149 corp: 1667/55Kb lim: 135 exec/s: 12031 rss: 301Mb L: 96/135 MS: 1 EraseBytes-
#204546	NEW    cov: 4959 ft: 15151 corp: 1668/55Kb lim: 135 exec/s: 12032 rss: 301Mb L: 29/135 MS: 1 CMP- DE: "'\000\000\000\000\000\000\000"-
#204578	REDUCE cov: 4959 ft: 15151 corp: 1668/55Kb lim: 135 exec/s: 12034 rss: 301Mb L: 74/135 MS: 2 ChangeASCIIInt-EraseBytes-
#204590	REDUCE cov: 4959 ft: 15151 corp: 1668/55Kb lim: 135 exec/s: 12034 rss: 301Mb L: 88/135 MS: 2 ChangeBit-EraseBytes-
#204628	REDUCE cov: 4959 ft: 15151 corp: 1668/55Kb lim: 135 exec/s: 12036 rss: 301Mb L: 76/135 MS: 3 InsertRepeatedBytes-CopyPart-EraseBytes-
#204917	REDUCE cov: 4959 ft: 15151 corp: 1668/55Kb lim: 135 exec/s: 12053 rss: 301Mb L: 78/135 MS: 4 InsertRepeatedBytes-CMP-ChangeByte-EraseBytes- DE: "\377\377\377\373"-
#205136	REDUCE cov: 4959 ft: 15151 corp: 1668/55Kb lim: 135 exec/s: 11396 rss: 301Mb L: 80/135 MS: 4 ShuffleBytes-ChangeBit-ChangeASCIIInt-EraseBytes-
#205227	REDUCE cov: 4959 ft: 15151 corp: 1668/55Kb lim: 135 exec/s: 11401 rss: 301Mb L: 59/135 MS: 1 EraseBytes-
#205589	REDUCE cov: 4959 ft: 15151 corp: 1668/55Kb lim: 135 exec/s: 11421 rss: 301Mb L: 34/135 MS: 2 EraseBytes-CopyPart-
#205616	REDUCE cov: 4959 ft: 15151 corp: 1668/55Kb lim: 135 exec/s: 11423 rss: 301Mb L: 27/135 MS: 2 CMP-EraseBytes- DE: "9 \001\020"-
#205782	NEW    cov: 4959 ft: 15152 corp: 1669/55Kb lim: 135 exec/s: 11432 rss: 301Mb L: 15/135 MS: 1 ChangeBinInt-
#206079	REDUCE cov: 4959 ft: 15152 corp: 1669/55Kb lim: 135 exec/s: 11448 rss: 301Mb L: 6/135 MS: 2 EraseBytes-ChangeBinInt-
#206156	REDUCE cov: 4959 ft: 15152 corp: 1669/55Kb lim: 135 exec/s: 11453 rss: 301Mb L: 6/135 MS: 2 ChangeASCIIInt-EraseBytes-
#206173	REDUCE cov: 4959 ft: 15152 corp: 1669/55Kb lim: 135 exec/s: 11454 rss: 301Mb L: 46/135 MS: 2 ShuffleBytes-EraseBytes-
#206270	NEW    cov: 4959 ft: 15168 corp: 1670/55Kb lim: 135 exec/s: 11459 rss: 301Mb L: 59/135 MS: 2 CopyPart-EraseBytes-
#206450	REDUCE cov: 4959 ft: 15168 corp: 1670/55Kb lim: 135 exec/s: 11469 rss: 301Mb L: 10/135 MS: 5 PersAutoDict-ChangeByte-ChangeASCIIInt-PersAutoDict-EraseBytes- DE: "\000\000\000\373"-"\203\363\317D"-
#206496	REDUCE cov: 4959 ft: 15168 corp: 1670/55Kb lim: 135 exec/s: 11472 rss: 301Mb L: 52/135 MS: 1 EraseBytes-
#206522	NEW    cov: 4959 ft: 15170 corp: 1671/55Kb lim: 135 exec/s: 11473 rss: 301Mb L: 68/135 MS: 1 CopyPart-
#206619	REDUCE cov: 4959 ft: 15170 corp: 1671/55Kb lim: 135 exec/s: 11478 rss: 301Mb L: 11/135 MS: 2 PersAutoDict-EraseBytes- DE: "\377\377\377\377\377\377\377\003"-
#206632	REDUCE cov: 4959 ft: 15170 corp: 1671/55Kb lim: 135 exec/s: 11479 rss: 301Mb L: 33/135 MS: 3 ChangeASCIIInt-PersAutoDict-EraseBytes- DE: "\377\377l\257s$"-
#206769	REDUCE cov: 4959 ft: 15170 corp: 1671/55Kb lim: 135 exec/s: 11487 rss: 301Mb L: 35/135 MS: 2 ChangeBinInt-EraseBytes-
#206907	REDUCE cov: 4963 ft: 15176 corp: 1672/55Kb lim: 135 exec/s: 11494 rss: 301Mb L: 55/135 MS: 3 CopyPart-ChangeBit-CopyPart-
#207153	REDUCE cov: 4963 ft: 15176 corp: 1672/55Kb lim: 135 exec/s: 11508 rss: 301Mb L: 37/135 MS: 1 EraseBytes-
#207199	REDUCE cov: 4963 ft: 15176 corp: 1672/55Kb lim: 135 exec/s: 11511 rss: 301Mb L: 21/135 MS: 1 EraseBytes-
#207226	REDUCE cov: 4963 ft: 15176 corp: 1672/55Kb lim: 135 exec/s: 11512 rss: 301Mb L: 17/135 MS: 2 ShuffleBytes-EraseBytes-
#207272	REDUCE cov: 4963 ft: 15176 corp: 1672/55Kb lim: 135 exec/s: 11515 rss: 301Mb L: 49/135 MS: 1 EraseBytes-
#207284	REDUCE cov: 4963 ft: 15176 corp: 1672/55Kb lim: 135 exec/s: 11515 rss: 301Mb L: 108/135 MS: 1 EraseBytes-
#207326	REDUCE cov: 4963 ft: 15176 corp: 1672/55Kb lim: 135 exec/s: 11518 rss: 301Mb L: 77/135 MS: 2 ChangeASCIIInt-EraseBytes-
#207336	REDUCE cov: 4963 ft: 15176 corp: 1672/55Kb lim: 135 exec/s: 11518 rss: 301Mb L: 18/135 MS: 5 CopyPart-ShuffleBytes-ChangeASCIIInt-ShuffleBytes-EraseBytes-
#207617	REDUCE cov: 4963 ft: 15176 corp: 1672/55Kb lim: 135 exec/s: 11534 rss: 301Mb L: 58/135 MS: 1 EraseBytes-
#207728	REDUCE cov: 4963 ft: 15176 corp: 1672/55Kb lim: 135 exec/s: 11540 rss: 301Mb L: 22/135 MS: 1 EraseBytes-
#207784	REDUCE cov: 4963 ft: 15176 corp: 1672/55Kb lim: 135 exec/s: 11543 rss: 301Mb L: 55/135 MS: 1 EraseBytes-
#207800	NEW    cov: 4964 ft: 15180 corp: 1673/55Kb lim: 135 exec/s: 11544 rss: 301Mb L: 22/135 MS: 1 PersAutoDict- DE: "\012\000\000\000\000\000\000\000"-
#207972	NEW    cov: 4965 ft: 15182 corp: 1674/55Kb lim: 135 exec/s: 11554 rss: 301Mb L: 119/135 MS: 2 PersAutoDict-ChangeASCIIInt- DE: "\000\001"-
#208004	REDUCE cov: 4965 ft: 15182 corp: 1674/55Kb lim: 135 exec/s: 11555 rss: 301Mb L: 8/135 MS: 2 CopyPart-EraseBytes-
#208140	REDUCE cov: 4965 ft: 15182 corp: 1674/55Kb lim: 135 exec/s: 11563 rss: 301Mb L: 72/135 MS: 1 EraseBytes-
#208233	NEW    cov: 4965 ft: 15184 corp: 1675/55Kb lim: 135 exec/s: 11568 rss: 301Mb L: 43/135 MS: 3 InsertByte-ChangeByte-CopyPart-
#208317	REDUCE cov: 4965 ft: 15184 corp: 1675/55Kb lim: 135 exec/s: 11573 rss: 301Mb L: 38/135 MS: 4 CopyPart-EraseBytes-CMP-EraseBytes- DE: "false\""-
#208323	REDUCE cov: 4965 ft: 15184 corp: 1675/55Kb lim: 135 exec/s: 11573 rss: 301Mb L: 61/135 MS: 1 EraseBytes-
#208339	NEW    cov: 4965 ft: 15185 corp: 1676/55Kb lim: 135 exec/s: 11574 rss: 301Mb L: 79/135 MS: 1 ChangeBinInt-
#208361	NEW    cov: 4965 ft: 15189 corp: 1677/55Kb lim: 135 exec/s: 11575 rss: 301Mb L: 75/135 MS: 2 ChangeByte-ChangeBit-
#208367	REDUCE cov: 4965 ft: 15189 corp: 1677/55Kb lim: 135 exec/s: 11575 rss: 301Mb L: 56/135 MS: 1 EraseBytes-
#208508	REDUCE cov: 4965 ft: 15192 corp: 1678/55Kb lim: 135 exec/s: 11583 rss: 301Mb L: 29/135 MS: 1 InsertByte-
#209058	NEW    cov: 4965 ft: 15193 corp: 1679/55Kb lim: 135 exec/s: 11614 rss: 301Mb L: 118/135 MS: 5 ChangeBinInt-CMP-InsertRepeatedBytes-PersAutoDict-InsertRepeatedBytes- DE: "fon"-"tr"-
#209400	REDUCE cov: 4965 ft: 15193 corp: 1679/55Kb lim: 135 exec/s: 11633 rss: 301Mb L: 73/135 MS: 2 CrossOver-EraseBytes-
#209431	REDUCE cov: 4965 ft: 15193 corp: 1679/55Kb lim: 135 exec/s: 11635 rss: 301Mb L: 5/135 MS: 1 EraseBytes-
#209472	REDUCE cov: 4965 ft: 15209 corp: 1680/56Kb lim: 135 exec/s: 11637 rss: 301Mb L: 76/135 MS: 1 PersAutoDict- DE: "\032\000\000\000\000\000\000\000"-
#209624	REDUCE cov: 4965 ft: 15209 corp: 1680/56Kb lim: 135 exec/s: 11645 rss: 301Mb L: 15/135 MS: 2 ChangeBit-EraseBytes-
#209671	REDUCE cov: 4965 ft: 15209 corp: 1680/56Kb lim: 135 exec/s: 11648 rss: 301Mb L: 19/135 MS: 2 InsertByte-EraseBytes-
#209736	REDUCE cov: 4965 ft: 15209 corp: 1680/55Kb lim: 135 exec/s: 11652 rss: 301Mb L: 61/135 MS: 5 CopyPart-ChangeBinInt-ChangeBit-EraseBytes-CrossOver-
#209917	NEW    cov: 4965 ft: 15225 corp: 1681/56Kb lim: 135 exec/s: 11662 rss: 301Mb L: 54/135 MS: 1 EraseBytes-
#210118	NEW    cov: 4965 ft: 15227 corp: 1682/56Kb lim: 135 exec/s: 11673 rss: 301Mb L: 18/135 MS: 1 CopyPart-
#210119	REDUCE cov: 4965 ft: 15227 corp: 1682/56Kb lim: 135 exec/s: 11673 rss: 301Mb L: 38/135 MS: 1 EraseBytes-
#210253	REDUCE cov: 4965 ft: 15227 corp: 1682/56Kb lim: 135 exec/s: 11680 rss: 301Mb L: 23/135 MS: 4 CopyPart-ChangeByte-CMP-EraseBytes- DE: "\001T"-
#210543	NEW    cov: 4966 ft: 15228 corp: 1683/56Kb lim: 135 exec/s: 11696 rss: 301Mb L: 96/135 MS: 5 CopyPart-CopyPart-ChangeBinInt-InsertRepeatedBytes-EraseBytes-
#210734	REDUCE cov: 4966 ft: 15228 corp: 1683/56Kb lim: 135 exec/s: 11707 rss: 301Mb L: 64/135 MS: 1 EraseBytes-
#210791	REDUCE cov: 4966 ft: 15228 corp: 1683/56Kb lim: 135 exec/s: 11710 rss: 301Mb L: 25/135 MS: 2 ChangeBinInt-EraseBytes-
#210893	REDUCE cov: 4966 ft: 15228 corp: 1683/56Kb lim: 135 exec/s: 11716 rss: 301Mb L: 66/135 MS: 2 ChangeByte-EraseBytes-
#211014	REDUCE cov: 4966 ft: 15228 corp: 1683/56Kb lim: 135 exec/s: 11723 rss: 301Mb L: 38/135 MS: 1 EraseBytes-
#211095	REDUCE cov: 4966 ft: 15228 corp: 1683/56Kb lim: 135 exec/s: 11727 rss: 301Mb L: 43/135 MS: 1 EraseBytes-
#211181	NEW    cov: 4966 ft: 15229 corp: 1684/56Kb lim: 135 exec/s: 11732 rss: 301Mb L: 42/135 MS: 1 CopyPart-
#211342	REDUCE cov: 4966 ft: 15229 corp: 1684/56Kb lim: 135 exec/s: 11741 rss: 301Mb L: 8/135 MS: 1 EraseBytes-
#211489	REDUCE cov: 4966 ft: 15229 corp: 1684/56Kb lim: 135 exec/s: 11749 rss: 301Mb L: 12/135 MS: 2 InsertByte-EraseBytes-
#211635	NEW    cov: 4966 ft: 15230 corp: 1685/56Kb lim: 135 exec/s: 11757 rss: 301Mb L: 29/135 MS: 1 InsertByte-
#211636	NEW    cov: 4968 ft: 15234 corp: 1686/56Kb lim: 135 exec/s: 11757 rss: 301Mb L: 40/135 MS: 1 ChangeASCIIInt-
#211822	REDUCE cov: 4968 ft: 15234 corp: 1686/56Kb lim: 135 exec/s: 11767 rss: 301Mb L: 29/135 MS: 1 EraseBytes-
#211898	REDUCE cov: 4968 ft: 15234 corp: 1686/56Kb lim: 135 exec/s: 11772 rss: 301Mb L: 46/135 MS: 1 CrossOver-
#211899	REDUCE cov: 4968 ft: 15234 corp: 1686/56Kb lim: 135 exec/s: 11772 rss: 301Mb L: 87/135 MS: 1 EraseBytes-
#211931	NEW    cov: 4968 ft: 15236 corp: 1687/56Kb lim: 135 exec/s: 11773 rss: 301Mb L: 75/135 MS: 2 ShuffleBytes-ChangeByte-
#211983	NEW    cov: 4968 ft: 15238 corp: 1688/56Kb lim: 135 exec/s: 11776 rss: 301Mb L: 29/135 MS: 2 ChangeASCIIInt-InsertByte-
#212013	REDUCE cov: 4968 ft: 15238 corp: 1688/56Kb lim: 135 exec/s: 11778 rss: 301Mb L: 60/135 MS: 5 InsertByte-ChangeBinInt-ShuffleBytes-ShuffleBytes-CrossOver-
#212055	NEW    cov: 4968 ft: 15239 corp: 1689/56Kb lim: 135 exec/s: 11780 rss: 301Mb L: 129/135 MS: 2 InsertRepeatedBytes-PersAutoDict- DE: "\016\377\377\377\377\377\377\377"-
#212066	NEW    cov: 4968 ft: 15240 corp: 1690/56Kb lim: 135 exec/s: 11781 rss: 301Mb L: 23/135 MS: 1 EraseBytes-
#212117	REDUCE cov: 4968 ft: 15240 corp: 1690/56Kb lim: 135 exec/s: 11784 rss: 301Mb L: 25/135 MS: 1 EraseBytes-
#212305	REDUCE cov: 4968 ft: 15240 corp: 1690/56Kb lim: 135 exec/s: 11794 rss: 301Mb L: 37/135 MS: 3 ChangeBinInt-ShuffleBytes-EraseBytes-
#212346	REDUCE cov: 4968 ft: 15240 corp: 1690/56Kb lim: 135 exec/s: 11797 rss: 301Mb L: 22/135 MS: 1 EraseBytes-
#212374	REDUCE cov: 4968 ft: 15240 corp: 1690/56Kb lim: 135 exec/s: 11798 rss: 301Mb L: 63/135 MS: 3 ChangeBit-ChangeASCIIInt-EraseBytes-
#212510	REDUCE cov: 4968 ft: 15240 corp: 1690/56Kb lim: 135 exec/s: 11806 rss: 301Mb L: 16/135 MS: 1 EraseBytes-
#212609	REDUCE cov: 4968 ft: 15240 corp: 1690/56Kb lim: 135 exec/s: 11811 rss: 301Mb L: 80/135 MS: 4 ChangeByte-ChangeByte-CopyPart-EraseBytes-
#212618	REDUCE cov: 4968 ft: 15240 corp: 1690/56Kb lim: 135 exec/s: 11812 rss: 301Mb L: 22/135 MS: 4 InsertByte-ShuffleBytes-CopyPart-EraseBytes-
#212625	REDUCE cov: 4968 ft: 15240 corp: 1690/56Kb lim: 135 exec/s: 11812 rss: 301Mb L: 17/135 MS: 2 ChangeBit-EraseBytes-
#212826	REDUCE cov: 4968 ft: 15240 corp: 1690/56Kb lim: 135 exec/s: 11823 rss: 301Mb L: 24/135 MS: 1 EraseBytes-
#213058	REDUCE cov: 4968 ft: 15240 corp: 1690/56Kb lim: 135 exec/s: 11836 rss: 301Mb L: 33/135 MS: 2 ChangeASCIIInt-EraseBytes-
#213339	NEW    cov: 4968 ft: 15242 corp: 1691/56Kb lim: 135 exec/s: 11228 rss: 301Mb L: 39/135 MS: 1 ChangeASCIIInt-
#213451	NEW    cov: 4968 ft: 15243 corp: 1692/56Kb lim: 135 exec/s: 11234 rss: 301Mb L: 22/135 MS: 2 EraseBytes-ChangeBinInt-
#213523	NEW    cov: 4968 ft: 15245 corp: 1693/56Kb lim: 135 exec/s: 11238 rss: 301Mb L: 93/135 MS: 2 ChangeBit-InsertRepeatedBytes-
#213650	REDUCE cov: 4968 ft: 15245 corp: 1693/56Kb lim: 135 exec/s: 11244 rss: 301Mb L: 21/135 MS: 2 ChangeBit-EraseBytes-
#213874	REDUCE cov: 4968 ft: 15245 corp: 1693/56Kb lim: 135 exec/s: 11256 rss: 301Mb L: 68/135 MS: 4 ChangeBit-InsertByte-ChangeBit-EraseBytes-
#213973	NEW    cov: 4968 ft: 15246 corp: 1694/56Kb lim: 135 exec/s: 11261 rss: 301Mb L: 62/135 MS: 4 EraseBytes-ChangeASCIIInt-EraseBytes-CrossOver-
#214021	REDUCE cov: 4968 ft: 15246 corp: 1694/56Kb lim: 135 exec/s: 11264 rss: 301Mb L: 40/135 MS: 3 ChangeBinInt-ChangeBit-EraseBytes-
#214116	REDUCE cov: 4968 ft: 15246 corp: 1694/56Kb lim: 135 exec/s: 11269 rss: 301Mb L: 21/135 MS: 5 ShuffleBytes-ShuffleBytes-ShuffleBytes-ChangeBinInt-EraseBytes-
#214192	REDUCE cov: 4968 ft: 15246 corp: 1694/56Kb lim: 135 exec/s: 11273 rss: 301Mb L: 10/135 MS: 1 EraseBytes-
#214200	NEW    cov: 4968 ft: 15248 corp: 1695/56Kb lim: 135 exec/s: 11273 rss: 301Mb L: 71/135 MS: 3 ChangeByte-CMP-CMP- DE: "\004\000"-"\000\000\000\000\000\000\000\000"-
#214272	REDUCE cov: 4968 ft: 15248 corp: 1695/56Kb lim: 135 exec/s: 11277 rss: 301Mb L: 13/135 MS: 2 ChangeBinInt-EraseBytes-
#214468	REDUCE cov: 4968 ft: 15252 corp: 1696/56Kb lim: 135 exec/s: 11287 rss: 301Mb L: 22/135 MS: 1 PersAutoDict- DE: "\002\000\000\000\000\000\000\000"-
#214581	REDUCE cov: 4968 ft: 15252 corp: 1696/56Kb lim: 135 exec/s: 11293 rss: 301Mb L: 49/135 MS: 3 ShuffleBytes-ShuffleBytes-EraseBytes-
#214653	REDUCE cov: 4968 ft: 15252 corp: 1696/56Kb lim: 135 exec/s: 11297 rss: 301Mb L: 20/135 MS: 2 ChangeASCIIInt-EraseBytes-
#214730	REDUCE cov: 4968 ft: 15252 corp: 1696/56Kb lim: 135 exec/s: 11301 rss: 301Mb L: 129/135 MS: 2 EraseBytes-PersAutoDict- DE: "\010\000"-
#214742	REDUCE cov: 4968 ft: 15252 corp: 1696/56Kb lim: 135 exec/s: 11302 rss: 301Mb L: 57/135 MS: 2 ChangeBinInt-EraseBytes-
#214791	REDUCE cov: 4968 ft: 15252 corp: 1696/56Kb lim: 135 exec/s: 11304 rss: 301Mb L: 71/135 MS: 4 ChangeASCIIInt-InsertByte-EraseBytes-EraseBytes-
#214857	REDUCE cov: 4968 ft: 15252 corp: 1696/56Kb lim: 135 exec/s: 11308 rss: 301Mb L: 71/135 MS: 1 EraseBytes-
#215179	REDUCE cov: 4968 ft: 15252 corp: 1696/56Kb lim: 135 exec/s: 11325 rss: 301Mb L: 16/135 MS: 2 CrossOver-EraseBytes-
#215224	REDUCE cov: 4968 ft: 15252 corp: 1696/56Kb lim: 135 exec/s: 11327 rss: 301Mb L: 42/135 MS: 5 CopyPart-ChangeASCIIInt-InsertByte-PersAutoDict-EraseBytes- DE: "\000\000\000\000"-
#215500	REDUCE cov: 4968 ft: 15252 corp: 1696/56Kb lim: 135 exec/s: 11342 rss: 301Mb L: 8/135 MS: 1 EraseBytes-
#215747	REDUCE cov: 4968 ft: 15252 corp: 1696/56Kb lim: 135 exec/s: 11355 rss: 301Mb L: 45/135 MS: 2 InsertByte-EraseBytes-
#216289	REDUCE cov: 4968 ft: 15252 corp: 1696/56Kb lim: 135 exec/s: 11383 rss: 301Mb L: 31/135 MS: 1 CrossOver-
#216310	REDUCE cov: 4968 ft: 15252 corp: 1696/56Kb lim: 135 exec/s: 11384 rss: 301Mb L: 10/135 MS: 1 EraseBytes-
#216381	REDUCE cov: 4968 ft: 15252 corp: 1696/56Kb lim: 135 exec/s: 11388 rss: 301Mb L: 95/135 MS: 1 EraseBytes-
#216407	NEW    cov: 4968 ft: 15253 corp: 1697/56Kb lim: 135 exec/s: 11389 rss: 301Mb L: 98/135 MS: 1 CrossOver-
#216509	REDUCE cov: 4968 ft: 15253 corp: 1697/56Kb lim: 135 exec/s: 11395 rss: 301Mb L: 131/135 MS: 2 InsertByte-EraseBytes-
#216526	REDUCE cov: 4968 ft: 15253 corp: 1697/56Kb lim: 135 exec/s: 11396 rss: 301Mb L: 54/135 MS: 2 CMP-EraseBytes- DE: "\001\000\000\000\000\000\000\001"-
#216548	REDUCE cov: 4968 ft: 15253 corp: 1697/56Kb lim: 135 exec/s: 11397 rss: 301Mb L: 55/135 MS: 2 ChangeBit-EraseBytes-
#216644	REDUCE cov: 4968 ft: 15253 corp: 1697/56Kb lim: 135 exec/s: 11402 rss: 301Mb L: 30/135 MS: 1 EraseBytes-
#216782	REDUCE cov: 4968 ft: 15253 corp: 1697/56Kb lim: 135 exec/s: 11409 rss: 301Mb L: 17/135 MS: 3 CopyPart-ChangeBit-EraseBytes-
#216812	NEW    cov: 4968 ft: 15257 corp: 1698/56Kb lim: 135 exec/s: 11411 rss: 301Mb L: 104/135 MS: 5 CrossOver-CrossOver-CopyPart-ShuffleBytes-CrossOver-
#216853	NEW    cov: 4968 ft: 15259 corp: 1699/56Kb lim: 135 exec/s: 11413 rss: 301Mb L: 17/135 MS: 1 CopyPart-
#216874	REDUCE cov: 4968 ft: 15259 corp: 1699/56Kb lim: 135 exec/s: 11414 rss: 301Mb L: 45/135 MS: 1 EraseBytes-
#216878	REDUCE cov: 4968 ft: 15261 corp: 1700/56Kb lim: 135 exec/s: 11414 rss: 301Mb L: 79/135 MS: 4 CrossOver-ChangeBinInt-ShuffleBytes-CMP- DE: "\001\000\002\223"-
#216890	REDUCE cov: 4968 ft: 15263 corp: 1701/56Kb lim: 135 exec/s: 11415 rss: 301Mb L: 81/135 MS: 2 CMP-ChangeByte- DE: "\007\000\000\000\000\000\000\000"-
#217032	REDUCE cov: 4968 ft: 15265 corp: 1702/56Kb lim: 135 exec/s: 11422 rss: 301Mb L: 74/135 MS: 2 PersAutoDict-InsertByte- DE: "rute"-
#217254	REDUCE cov: 4968 ft: 15265 corp: 1702/56Kb lim: 135 exec/s: 11434 rss: 301Mb L: 51/135 MS: 2 PersAutoDict-EraseBytes- DE: "fruu"-
#217270	REDUCE cov: 4968 ft: 15265 corp: 1702/56Kb lim: 135 exec/s: 11435 rss: 301Mb L: 47/135 MS: 1 EraseBytes-
#217281	REDUCE cov: 4968 ft: 15265 corp: 1702/56Kb lim: 135 exec/s: 11435 rss: 301Mb L: 76/135 MS: 1 EraseBytes-
#217360	REDUCE cov: 4968 ft: 15265 corp: 1702/56Kb lim: 135 exec/s: 11440 rss: 301Mb L: 21/135 MS: 4 ChangeASCIIInt-PersAutoDict-ShuffleBytes-EraseBytes- DE: "fru\000"-
#217442	NEW    cov: 4968 ft: 15268 corp: 1703/56Kb lim: 135 exec/s: 11444 rss: 301Mb L: 51/135 MS: 2 ShuffleBytes-EraseBytes-
#217504	NEW    cov: 4969 ft: 15269 corp: 1704/56Kb lim: 135 exec/s: 11447 rss: 301Mb L: 70/135 MS: 2 ChangeByte-EraseBytes-
#217731	REDUCE cov: 4969 ft: 15269 corp: 1704/56Kb lim: 135 exec/s: 11459 rss: 301Mb L: 30/135 MS: 2 CopyPart-EraseBytes-
#217830	REDUCE cov: 4969 ft: 15269 corp: 1704/56Kb lim: 135 exec/s: 11464 rss: 301Mb L: 100/135 MS: 4 ShuffleBytes-ShuffleBytes-PersAutoDict-EraseBytes- DE: "\000\000\000\372"-
#217834	REDUCE cov: 4969 ft: 15269 corp: 1704/56Kb lim: 135 exec/s: 11464 rss: 301Mb L: 56/135 MS: 4 InsertRepeatedBytes-PersAutoDict-InsertByte-EraseBytes- DE: "\001\000\002\223"-
#217876	REDUCE cov: 4969 ft: 15269 corp: 1704/56Kb lim: 135 exec/s: 11467 rss: 301Mb L: 46/135 MS: 2 ChangeBinInt-EraseBytes-
#218178	REDUCE cov: 4969 ft: 15269 corp: 1704/56Kb lim: 135 exec/s: 11483 rss: 301Mb L: 122/135 MS: 2 ChangeASCIIInt-EraseBytes-
#218315	REDUCE cov: 4969 ft: 15269 corp: 1704/56Kb lim: 135 exec/s: 11490 rss: 301Mb L: 11/135 MS: 2 ChangeByte-EraseBytes-
#218351	REDUCE cov: 4969 ft: 15269 corp: 1704/56Kb lim: 135 exec/s: 11492 rss: 301Mb L: 21/135 MS: 1 EraseBytes-
#218359	REDUCE cov: 4969 ft: 15269 corp: 1704/56Kb lim: 135 exec/s: 11492 rss: 301Mb L: 3/135 MS: 3 ShuffleBytes-PersAutoDict-EraseBytes- DE: "\010\000"-
#218465	REDUCE cov: 4969 ft: 15285 corp: 1705/56Kb lim: 135 exec/s: 11498 rss: 301Mb L: 63/135 MS: 1 ShuffleBytes-
#218890	REDUCE cov: 4969 ft: 15285 corp: 1705/56Kb lim: 135 exec/s: 11520 rss: 301Mb L: 35/135 MS: 5 CMP-PersAutoDict-CrossOver-CopyPart-EraseBytes- DE: "\000\000\000\000\000\000\000\005"-"\011\000"-
#219107	REDUCE cov: 4969 ft: 15286 corp: 1706/56Kb lim: 135 exec/s: 11531 rss: 301Mb L: 81/135 MS: 2 ChangeASCIIInt-CrossOver-
#219108	NEW    cov: 4969 ft: 15287 corp: 1707/57Kb lim: 135 exec/s: 11532 rss: 301Mb L: 30/135 MS: 1 ChangeBit-
#219174	REDUCE cov: 4969 ft: 15287 corp: 1707/57Kb lim: 135 exec/s: 11535 rss: 301Mb L: 9/135 MS: 1 EraseBytes-
#219385	REDUCE cov: 4969 ft: 15287 corp: 1707/56Kb lim: 135 exec/s: 11546 rss: 301Mb L: 35/135 MS: 1 EraseBytes-
#219587	REDUCE cov: 4969 ft: 15287 corp: 1707/56Kb lim: 135 exec/s: 11557 rss: 301Mb L: 18/135 MS: 2 ShuffleBytes-EraseBytes-
#219895	REDUCE cov: 4969 ft: 15287 corp: 1707/56Kb lim: 135 exec/s: 11573 rss: 301Mb L: 73/135 MS: 3 ChangeByte-InsertByte-EraseBytes-
#219897	REDUCE cov: 4969 ft: 15287 corp: 1707/56Kb lim: 135 exec/s: 11573 rss: 301Mb L: 17/135 MS: 2 CopyPart-EraseBytes-
#219923	REDUCE cov: 4969 ft: 15287 corp: 1707/56Kb lim: 135 exec/s: 11574 rss: 301Mb L: 36/135 MS: 1 EraseBytes-
#219980	NEW    cov: 4969 ft: 15288 corp: 1708/57Kb lim: 135 exec/s: 11577 rss: 301Mb L: 52/135 MS: 2 CopyPart-CrossOver-
#220036	REDUCE cov: 4969 ft: 15288 corp: 1708/57Kb lim: 135 exec/s: 11580 rss: 301Mb L: 42/135 MS: 1 EraseBytes-
#220178	REDUCE cov: 4969 ft: 15288 corp: 1708/57Kb lim: 135 exec/s: 11588 rss: 301Mb L: 80/135 MS: 2 EraseBytes-CMP- DE: "d\000\000\000"-
#220266	REDUCE cov: 4969 ft: 15288 corp: 1708/57Kb lim: 135 exec/s: 11592 rss: 301Mb L: 28/135 MS: 3 ChangeBinInt-PersAutoDict-EraseBytes- DE: "\001\000\000\000\000\000\000&"-
#220396	REDUCE cov: 4969 ft: 15288 corp: 1708/57Kb lim: 135 exec/s: 11599 rss: 301Mb L: 36/135 MS: 5 ChangeASCIIInt-ChangeByte-ChangeBit-ShuffleBytes-EraseBytes-
#220585	REDUCE cov: 4969 ft: 15288 corp: 1708/56Kb lim: 135 exec/s: 11609 rss: 301Mb L: 69/135 MS: 4 CrossOver-InsertByte-ChangeASCIIInt-CopyPart-
#220907	REDUCE cov: 4969 ft: 15288 corp: 1708/56Kb lim: 135 exec/s: 11626 rss: 301Mb L: 10/135 MS: 2 ShuffleBytes-EraseBytes-
#220913	REDUCE cov: 4969 ft: 15288 corp: 1708/56Kb lim: 135 exec/s: 11627 rss: 301Mb L: 60/135 MS: 1 EraseBytes-
#221039	REDUCE cov: 4969 ft: 15288 corp: 1708/56Kb lim: 135 exec/s: 11633 rss: 301Mb L: 25/135 MS: 1 EraseBytes-
#221060	REDUCE cov: 4969 ft: 15288 corp: 1708/56Kb lim: 135 exec/s: 11634 rss: 301Mb L: 92/135 MS: 1 EraseBytes-
#221101	NEW    cov: 4969 ft: 15289 corp: 1709/57Kb lim: 135 exec/s: 11636 rss: 301Mb L: 65/135 MS: 1 EraseBytes-
#221118	REDUCE cov: 4969 ft: 15289 corp: 1709/57Kb lim: 135 exec/s: 11637 rss: 301Mb L: 56/135 MS: 2 ChangeBinInt-EraseBytes-
#221325	REDUCE cov: 4969 ft: 15289 corp: 1709/57Kb lim: 135 exec/s: 11648 rss: 301Mb L: 14/135 MS: 2 ChangeByte-EraseBytes-
#221333	REDUCE cov: 4969 ft: 15289 corp: 1709/57Kb lim: 135 exec/s: 11649 rss: 301Mb L: 16/135 MS: 3 PersAutoDict-ChangeBit-EraseBytes- DE: "\001\000\000\020"-
#221353	REDUCE cov: 4969 ft: 15290 corp: 1710/57Kb lim: 135 exec/s: 11650 rss: 301Mb L: 11/135 MS: 5 ChangeByte-InsertByte-ChangeBit-ChangeASCIIInt-CMP- DE: "\003\027"-
#221872	REDUCE cov: 4969 ft: 15290 corp: 1710/56Kb lim: 135 exec/s: 11677 rss: 301Mb L: 35/135 MS: 4 ChangeASCIIInt-ChangeASCIIInt-ChangeBinInt-EraseBytes-
#221898	REDUCE cov: 4969 ft: 15290 corp: 1710/56Kb lim: 135 exec/s: 11678 rss: 301Mb L: 15/135 MS: 1 EraseBytes-
#221991	NEW    cov: 4969 ft: 15291 corp: 1711/57Kb lim: 135 exec/s: 11683 rss: 301Mb L: 133/135 MS: 3 InsertRepeatedBytes-CMP-InsertRepeatedBytes- DE: "\035\001"-
#222028	REDUCE cov: 4969 ft: 15291 corp: 1711/57Kb lim: 135 exec/s: 11685 rss: 301Mb L: 17/135 MS: 2 ShuffleBytes-EraseBytes-
#222549	REDUCE cov: 4969 ft: 15291 corp: 1711/57Kb lim: 135 exec/s: 11127 rss: 301Mb L: 7/135 MS: 1 EraseBytes-
#222566	REDUCE cov: 4969 ft: 15291 corp: 1711/57Kb lim: 135 exec/s: 11128 rss: 301Mb L: 77/135 MS: 2 InsertByte-EraseBytes-
#222762	REDUCE cov: 4969 ft: 15293 corp: 1712/57Kb lim: 135 exec/s: 11138 rss: 301Mb L: 8/135 MS: 1 EraseBytes-
#222913	REDUCE cov: 4969 ft: 15293 corp: 1712/57Kb lim: 135 exec/s: 11145 rss: 301Mb L: 72/135 MS: 1 EraseBytes-
#222979	REDUCE cov: 4969 ft: 15293 corp: 1712/57Kb lim: 135 exec/s: 11148 rss: 301Mb L: 6/135 MS: 1 EraseBytes-
#223298	REDUCE cov: 4969 ft: 15293 corp: 1712/57Kb lim: 135 exec/s: 11164 rss: 301Mb L: 84/135 MS: 4 CMP-CrossOver-InsertByte-CrossOver- DE: "\002\000\000\000\000\000\000\000"-
#223529	REDUCE cov: 4969 ft: 15293 corp: 1712/57Kb lim: 135 exec/s: 11176 rss: 301Mb L: 53/135 MS: 1 EraseBytes-
#223706	NEW    cov: 4969 ft: 15295 corp: 1713/57Kb lim: 135 exec/s: 11185 rss: 301Mb L: 46/135 MS: 2 ShuffleBytes-ChangeByte-
#223807	REDUCE cov: 4969 ft: 15295 corp: 1713/57Kb lim: 135 exec/s: 11190 rss: 301Mb L: 10/135 MS: 1 EraseBytes-
#224063	REDUCE cov: 4969 ft: 15295 corp: 1713/57Kb lim: 135 exec/s: 11203 rss: 301Mb L: 17/135 MS: 1 EraseBytes-
#224077	NEW    cov: 4969 ft: 15296 corp: 1714/57Kb lim: 135 exec/s: 11203 rss: 301Mb L: 132/135 MS: 4 ShuffleBytes-CopyPart-InsertByte-CopyPart-
#224083	REDUCE cov: 4969 ft: 15296 corp: 1714/57Kb lim: 135 exec/s: 11204 rss: 301Mb L: 18/135 MS: 1 EraseBytes-
#224135	NEW    cov: 4969 ft: 15297 corp: 1715/57Kb lim: 135 exec/s: 11206 rss: 301Mb L: 69/135 MS: 2 ChangeBit-CopyPart-
#224184	NEW    cov: 4969 ft: 15298 corp: 1716/57Kb lim: 135 exec/s: 11209 rss: 301Mb L: 55/135 MS: 4 InsertRepeatedBytes-InsertRepeatedBytes-ChangeASCIIInt-CrossOver-
#224226	NEW    cov: 4969 ft: 15300 corp: 1717/57Kb lim: 135 exec/s: 11211 rss: 301Mb L: 22/135 MS: 2 ChangeBit-ShuffleBytes-
#224377	NEW    cov: 4969 ft: 15304 corp: 1718/57Kb lim: 135 exec/s: 11218 rss: 301Mb L: 114/135 MS: 1 InsertRepeatedBytes-
#224394	NEW    cov: 4969 ft: 15305 corp: 1719/57Kb lim: 135 exec/s: 11219 rss: 301Mb L: 135/135 MS: 2 InsertRepeatedBytes-CopyPart-
#224416	NEW    cov: 4969 ft: 15306 corp: 1720/57Kb lim: 135 exec/s: 11220 rss: 301Mb L: 134/135 MS: 2 CrossOver-InsertRepeatedBytes-
#224429	NEW    cov: 4969 ft: 15307 corp: 1721/57Kb lim: 135 exec/s: 11221 rss: 301Mb L: 102/135 MS: 3 ShuffleBytes-ChangeASCIIInt-InsertRepeatedBytes-
#224706	REDUCE cov: 4969 ft: 15307 corp: 1721/57Kb lim: 135 exec/s: 11235 rss: 301Mb L: 64/135 MS: 2 ChangeBinInt-EraseBytes-
#224917	REDUCE cov: 4969 ft: 15307 corp: 1721/57Kb lim: 135 exec/s: 11245 rss: 301Mb L: 7/135 MS: 1 EraseBytes-
#224924	REDUCE cov: 4969 ft: 15307 corp: 1721/57Kb lim: 135 exec/s: 11246 rss: 301Mb L: 53/135 MS: 2 ShuffleBytes-EraseBytes-
#225156	REDUCE cov: 4969 ft: 15307 corp: 1721/57Kb lim: 135 exec/s: 11257 rss: 301Mb L: 19/135 MS: 2 CopyPart-EraseBytes-
#225168	REDUCE cov: 4969 ft: 15307 corp: 1721/57Kb lim: 135 exec/s: 11258 rss: 301Mb L: 44/135 MS: 2 ChangeBit-EraseBytes-
#225189	REDUCE cov: 4969 ft: 15307 corp: 1721/57Kb lim: 135 exec/s: 11259 rss: 301Mb L: 87/135 MS: 1 EraseBytes-
#225250	REDUCE cov: 4969 ft: 15307 corp: 1721/57Kb lim: 135 exec/s: 11262 rss: 301Mb L: 16/135 MS: 1 EraseBytes-
#225296	REDUCE cov: 4969 ft: 15307 corp: 1721/57Kb lim: 135 exec/s: 11264 rss: 301Mb L: 48/135 MS: 1 EraseBytes-
#225327	REDUCE cov: 4969 ft: 15307 corp: 1721/57Kb lim: 135 exec/s: 11266 rss: 301Mb L: 29/135 MS: 1 EraseBytes-
#225854	REDUCE cov: 4969 ft: 15307 corp: 1721/57Kb lim: 135 exec/s: 11292 rss: 301Mb L: 22/135 MS: 2 InsertByte-EraseBytes-
#225920	REDUCE cov: 4969 ft: 15307 corp: 1721/57Kb lim: 135 exec/s: 11296 rss: 301Mb L: 4/135 MS: 1 EraseBytes-
#226042	REDUCE cov: 4969 ft: 15307 corp: 1721/57Kb lim: 135 exec/s: 11302 rss: 301Mb L: 17/135 MS: 2 CopyPart-EraseBytes-
#226394	REDUCE cov: 4969 ft: 15307 corp: 1721/57Kb lim: 135 exec/s: 11319 rss: 301Mb L: 23/135 MS: 2 CrossOver-EraseBytes-
#226645	REDUCE cov: 4969 ft: 15307 corp: 1721/57Kb lim: 135 exec/s: 11332 rss: 301Mb L: 28/135 MS: 1 EraseBytes-
#226707	REDUCE cov: 4969 ft: 15307 corp: 1721/57Kb lim: 135 exec/s: 11335 rss: 301Mb L: 15/135 MS: 2 ChangeBit-EraseBytes-
#227034	REDUCE cov: 4969 ft: 15307 corp: 1721/57Kb lim: 135 exec/s: 11351 rss: 301Mb L: 46/135 MS: 2 CMP-EraseBytes- DE: "\010\000\000\000"-
#227136	NEW    cov: 4970 ft: 15308 corp: 1722/57Kb lim: 135 exec/s: 11356 rss: 301Mb L: 79/135 MS: 2 ChangeByte-InsertByte-
#227194	REDUCE cov: 4970 ft: 15309 corp: 1723/57Kb lim: 135 exec/s: 11359 rss: 301Mb L: 52/135 MS: 3 ShuffleBytes-ChangeBinInt-InsertByte-
#227382	REDUCE cov: 4970 ft: 15309 corp: 1723/57Kb lim: 135 exec/s: 11369 rss: 301Mb L: 7/135 MS: 3 CrossOver-ChangeASCIIInt-EraseBytes-
#227433	NEW    cov: 4970 ft: 15311 corp: 1724/57Kb lim: 135 exec/s: 11371 rss: 301Mb L: 26/135 MS: 1 CopyPart-
#227461	NEW    cov: 4970 ft: 15313 corp: 1725/57Kb lim: 135 exec/s: 11373 rss: 301Mb L: 10/135 MS: 3 EraseBytes-CrossOver-EraseBytes-
#227517	REDUCE cov: 4970 ft: 15313 corp: 1725/57Kb lim: 135 exec/s: 11375 rss: 301Mb L: 98/135 MS: 1 EraseBytes-
#227602	REDUCE cov: 4970 ft: 15313 corp: 1725/57Kb lim: 135 exec/s: 11380 rss: 301Mb L: 31/135 MS: 5 ChangeByte-CMP-ChangeBinInt-ChangeByte-EraseBytes- DE: "<\012"-
#227638	REDUCE cov: 4970 ft: 15313 corp: 1725/57Kb lim: 135 exec/s: 11381 rss: 301Mb L: 17/135 MS: 1 EraseBytes-
#227920	REDUCE cov: 4970 ft: 15313 corp: 1725/57Kb lim: 135 exec/s: 11396 rss: 301Mb L: 58/135 MS: 2 ChangeASCIIInt-EraseBytes-
#227976	REDUCE cov: 4970 ft: 15313 corp: 1725/57Kb lim: 135 exec/s: 11398 rss: 301Mb L: 39/135 MS: 1 EraseBytes-
#228282	REDUCE cov: 4970 ft: 15313 corp: 1725/57Kb lim: 135 exec/s: 11414 rss: 301Mb L: 7/135 MS: 1 EraseBytes-
#228358	REDUCE cov: 4970 ft: 15313 corp: 1725/57Kb lim: 135 exec/s: 11417 rss: 301Mb L: 21/135 MS: 1 EraseBytes-
#228714	REDUCE cov: 4970 ft: 15313 corp: 1725/57Kb lim: 135 exec/s: 11435 rss: 301Mb L: 9/135 MS: 1 EraseBytes-
#228746	REDUCE cov: 4970 ft: 15313 corp: 1725/57Kb lim: 135 exec/s: 11437 rss: 301Mb L: 2/135 MS: 2 CopyPart-EraseBytes-
#228777	REDUCE cov: 4970 ft: 15313 corp: 1725/57Kb lim: 135 exec/s: 11438 rss: 301Mb L: 18/135 MS: 1 EraseBytes-
#228824	REDUCE cov: 4970 ft: 15313 corp: 1725/57Kb lim: 135 exec/s: 11441 rss: 301Mb L: 42/135 MS: 2 ChangeBit-EraseBytes-
#228883	REDUCE cov: 4970 ft: 15313 corp: 1725/57Kb lim: 135 exec/s: 11444 rss: 301Mb L: 45/135 MS: 4 CMP-CMP-PersAutoDict-EraseBytes- DE: "4\004\000\000\000\000\000\000"-"@\000"-"'\000\000\000\000\000\000\000"-
#229084	REDUCE cov: 4970 ft: 15313 corp: 1725/57Kb lim: 135 exec/s: 11454 rss: 301Mb L: 11/135 MS: 1 EraseBytes-
#229256	REDUCE cov: 4970 ft: 15313 corp: 1725/57Kb lim: 135 exec/s: 11462 rss: 301Mb L: 44/135 MS: 2 ShuffleBytes-EraseBytes-
#229414	NEW    cov: 4972 ft: 15315 corp: 1726/57Kb lim: 135 exec/s: 11470 rss: 301Mb L: 21/135 MS: 3 CMP-ChangeBinInt-ChangeBinInt- DE: "t\214ue\""-
#229435	REDUCE cov: 4972 ft: 15315 corp: 1726/57Kb lim: 135 exec/s: 11471 rss: 301Mb L: 12/135 MS: 1 EraseBytes-
#229498	REDUCE cov: 4972 ft: 15315 corp: 1726/57Kb lim: 135 exec/s: 11474 rss: 301Mb L: 11/135 MS: 3 ChangeBit-ChangeBit-EraseBytes-
#229519	NEW    cov: 4972 ft: 15316 corp: 1727/57Kb lim: 135 exec/s: 11475 rss: 301Mb L: 65/135 MS: 1 ShuffleBytes-
#229740	REDUCE cov: 4972 ft: 15316 corp: 1727/57Kb lim: 135 exec/s: 11487 rss: 301Mb L: 36/135 MS: 1 EraseBytes-
#229748	REDUCE cov: 4972 ft: 15317 corp: 1728/58Kb lim: 135 exec/s: 11487 rss: 301Mb L: 108/135 MS: 3 ShuffleBytes-ChangeByte-InsertRepeatedBytes-
#230016	REDUCE cov: 4972 ft: 15317 corp: 1728/58Kb lim: 135 exec/s: 11500 rss: 301Mb L: 12/135 MS: 3 CopyPart-EraseBytes-EraseBytes-
#230288	REDUCE cov: 4972 ft: 15333 corp: 1729/58Kb lim: 135 exec/s: 11514 rss: 301Mb L: 38/135 MS: 2 ChangeBinInt-EraseBytes-
#230310	REDUCE cov: 4972 ft: 15333 corp: 1729/58Kb lim: 135 exec/s: 11515 rss: 301Mb L: 34/135 MS: 2 ShuffleBytes-EraseBytes-

thread '<unnamed>' (306520) panicked at /rustc/0e29c21d93abc9bdc330182be1fbd33cfd5fee68/library/core/src/fmt/mod.rs:2949:38:
end byte index 6 is out of bounds for string of length 3
note: run with `RUST_BACKTRACE=1` environment variable to display a backtrace
==306520== ERROR: libFuzzer: deadly signal
    #0 0x55d0fc70ea41 in __sanitizer_print_stack_trace (/home/meme/Documentos/GitHub/jzon-rs/fuzz/target/x86_64-unknown-linux-gnu/release/map_keys+0x18ca41) (BuildId: 8f1a9773b095f66b818b676fa9843d6e2184660d)
    #1 0x55d0fc84e9b6 in fuzzer::PrintStackTrace() /home/meme/.cargo/registry/src/index.crates.io-1949cf8c6b5b557f/libfuzzer-sys-0.4.13/libfuzzer/FuzzerUtil.cpp:210:38
    #2 0x55d0fc7fa835 in fuzzer::Fuzzer::CrashCallback() /home/meme/.cargo/registry/src/index.crates.io-1949cf8c6b5b557f/libfuzzer-sys-0.4.13/libfuzzer/FuzzerLoop.cpp:231:18
    #3 0x55d0fc7fa835 in fuzzer::Fuzzer::CrashCallback() /home/meme/.cargo/registry/src/index.crates.io-1949cf8c6b5b557f/libfuzzer-sys-0.4.13/libfuzzer/FuzzerLoop.cpp:226:6
    #4 0x7f53c8c44e6f  (/usr/lib/libc.so.6+0x44e6f) (BuildId: e363db7c8fcc7c06c6f0d2839b2a8ad875b75406)
    #5 0x7f53c8caeb8a in __pthread_kill_implementation /usr/src/debug/glibc/glibc/nptl/pthread_kill.c:43:17
    #6 0x7f53c8caeb8a in __pthread_kill_internal /usr/src/debug/glibc/glibc/nptl/pthread_kill.c:89:10
    #7 0x7f53c8caeb8a in pthread_kill /usr/src/debug/glibc/glibc/nptl/pthread_kill.c:100:10
    #8 0x7f53c8c44d47 in raise /usr/src/debug/glibc/glibc/signal/../sysdeps/posix/raise.c:26:13
    #9 0x7f53c8c257c0 in abort /usr/src/debug/glibc/glibc/stdlib/abort.c:77:3
    #10 0x55d0fc8761b9 in std::sys::pal::unix::abort_internal /rustc/0e29c21d93abc9bdc330182be1fbd33cfd5fee68/library/std/src/sys/pal/unix/mod.rs:301:14
    #11 0x55d0fc874e28 in std::process::abort /rustc/0e29c21d93abc9bdc330182be1fbd33cfd5fee68/library/std/src/process.rs:2638:5
    #12 0x55d0fc7f4484 in libfuzzer_sys::initialize::{closure#0} /home/meme/.cargo/registry/src/index.crates.io-1949cf8c6b5b557f/libfuzzer-sys-0.4.13/src/lib.rs:94:9
    #13 0x55d0fc8750b1 in <alloc::boxed::Box<dyn for<'a, 'b> core::ops::function::Fn<(&'a std::panic::PanicHookInfo<'b>,), Output = ()> + core::marker::Send + core::marker::Sync> as core::ops::function::Fn<(&std::panic::PanicHookInfo,)>>::call /rustc/0e29c21d93abc9bdc330182be1fbd33cfd5fee68/library/alloc/src/boxed.rs:2335:9
    #14 0x55d0fc8750b1 in std::panicking::panic_with_hook /rustc/0e29c21d93abc9bdc330182be1fbd33cfd5fee68/library/std/src/panicking.rs:823:13
    #15 0x55d0fc863041 in std::panicking::panic_handler::{closure#0} /rustc/0e29c21d93abc9bdc330182be1fbd33cfd5fee68/library/std/src/panicking.rs:688:13
    #16 0x55d0fc85b758 in std::sys::backtrace::__rust_end_short_backtrace::<std::panicking::panic_handler::{closure#0}, !> /rustc/0e29c21d93abc9bdc330182be1fbd33cfd5fee68/library/std/src/sys/backtrace.rs:182:18
    #17 0x55d0fc86373c in __rustc::rust_begin_unwind /rustc/0e29c21d93abc9bdc330182be1fbd33cfd5fee68/library/std/src/panicking.rs:679:5
    #18 0x55d0fc889edb in core::panicking::panic_fmt /rustc/0e29c21d93abc9bdc330182be1fbd33cfd5fee68/library/core/src/panicking.rs:80:14
    #19 0x55d0fc889878 in core::str::slice_error_fail_rt /rustc/0e29c21d93abc9bdc330182be1fbd33cfd5fee68/library/core/src/str/mod.rs
    #20 0x55d0fc8897e9 in core::str::slice_error_fail /rustc/0e29c21d93abc9bdc330182be1fbd33cfd5fee68/library/core/src/str/mod.rs:70:5
    #21 0x55d0fc8904b1 in <core::range::Range<usize> as core::slice::index::SliceIndex<str>>::index /rustc/0e29c21d93abc9bdc330182be1fbd33cfd5fee68/library/core/src/str/traits.rs:335:21
    #22 0x55d0fc8904b1 in <core::ops::range::Range<usize> as core::slice::index::SliceIndex<str>>::index /rustc/0e29c21d93abc9bdc330182be1fbd33cfd5fee68/library/core/src/str/traits.rs:248:34
    #23 0x55d0fc8904b1 in <str as core::ops::index::Index<core::ops::range::Range<usize>>>::index /rustc/0e29c21d93abc9bdc330182be1fbd33cfd5fee68/library/core/src/str/traits.rs:63:15
    #24 0x55d0fc8904b1 in <str as core::fmt::Debug>::fmt /rustc/0e29c21d93abc9bdc330182be1fbd33cfd5fee68/library/core/src/fmt/mod.rs:2949:38
    #25 0x55d0fc889789 in <core::fmt::rt::Argument>::fmt /rustc/0e29c21d93abc9bdc330182be1fbd33cfd5fee68/library/core/src/fmt/rt.rs:152:76
    #26 0x55d0fc889789 in core::fmt::write /rustc/0e29c21d93abc9bdc330182be1fbd33cfd5fee68/library/core/src/fmt/mod.rs
    #27 0x55d0fc8506d1 in write_fmt /home/meme/.rustup/toolchains/nightly-x86_64-unknown-linux-gnu/lib/rustlib/src/rust/library/core/src/fmt/mod.rs:2132:13
    #28 0x55d0fc8506d1 in <serde_core::de::Unexpected as core::fmt::Display>::fmt /home/meme/.cargo/registry/src/index.crates.io-1949cf8c6b5b557f/serde_core-1.0.229/src/de/mod.rs:410:23
    #29 0x55d0fc7da950 in <serde_json::error::JsonUnexpected as core::fmt::Display>::fmt /home/meme/.cargo/registry/src/index.crates.io-1949cf8c6b5b557f/serde_json-1.0.151/src/error.rs:476:22
    #30 0x55d0fc889789 in <core::fmt::rt::Argument>::fmt /rustc/0e29c21d93abc9bdc330182be1fbd33cfd5fee68/library/core/src/fmt/rt.rs:152:76
    #31 0x55d0fc889789 in core::fmt::write /rustc/0e29c21d93abc9bdc330182be1fbd33cfd5fee68/library/core/src/fmt/mod.rs
    #32 0x55d0fc8861c8 in <&mut alloc::string::String as core::fmt::Write::write_fmt::SpecWriteFmt>::spec_write_fmt /rustc/0e29c21d93abc9bdc330182be1fbd33cfd5fee68/library/core/src/fmt/mod.rs:238:21
    #33 0x55d0fc8861c8 in <alloc::string::String as core::fmt::Write>::write_fmt /rustc/0e29c21d93abc9bdc330182be1fbd33cfd5fee68/library/core/src/fmt/mod.rs:243:14
    #34 0x55d0fc8861c8 in alloc::fmt::format::format_inner /rustc/0e29c21d93abc9bdc330182be1fbd33cfd5fee68/library/alloc/src/fmt.rs:654:14
    #35 0x55d0fc7c8836 in {closure#0} /home/meme/.rustup/toolchains/nightly-x86_64-unknown-linux-gnu/lib/rustlib/src/rust/library/alloc/src/fmt.rs:659:34
    #36 0x55d0fc7c8836 in map_or_else<&str, alloc::string::String, alloc::fmt::format::{closure_env#0}, fn(&str) -> alloc::string::String> /home/meme/.rustup/toolchains/nightly-x86_64-unknown-linux-gnu/lib/rustlib/src/rust/library/core/src/option.rs:1276:21
    #37 0x55d0fc7c8836 in format /home/meme/.rustup/toolchains/nightly-x86_64-unknown-linux-gnu/lib/rustlib/src/rust/library/alloc/src/fmt.rs:659:19
    #38 0x55d0fc7c8836 in spec_to_string /home/meme/.rustup/toolchains/nightly-x86_64-unknown-linux-gnu/lib/rustlib/src/rust/library/alloc/src/string.rs:3115:9
    #39 0x55d0fc7c8836 in to_string<core::fmt::Arguments> /home/meme/.rustup/toolchains/nightly-x86_64-unknown-linux-gnu/lib/rustlib/src/rust/library/alloc/src/string.rs:2931:9
    #40 0x55d0fc7c8836 in <serde_json::error::Error as serde_core::de::Error>::custom::<core::fmt::Arguments> /home/meme/.cargo/registry/src/index.crates.io-1949cf8c6b5b557f/serde_json-1.0.151/src/error.rs:436:24
    #41 0x55d0fc7d9435 in <serde_json::error::Error as serde_core::de::Error>::invalid_type /home/meme/.cargo/registry/src/index.crates.io-1949cf8c6b5b557f/serde_json-1.0.151/src/error.rs:441:9
    #42 0x55d0fc75a8ed in <serde_json::de::MapKey<serde_json::read::StrRead> as serde_core::de::Deserializer>::deserialize_bool::<serde_core::de::impls::BoolVisitor> /home/meme/.cargo/registry/src/index.crates.io-1949cf8c6b5b557f/serde_json-1.0.151/src/de.rs:2268:21
    #43 0x55d0fc79a080 in deserialize<serde_json::de::MapKey<serde_json::read::StrRead>> /home/meme/.cargo/registry/src/index.crates.io-1949cf8c6b5b557f/serde_core-1.0.229/src/de/impls.rs:75:22
    #44 0x55d0fc79a080 in deserialize<bool, serde_json::de::MapKey<serde_json::read::StrRead>> /home/meme/.cargo/registry/src/index.crates.io-1949cf8c6b5b557f/serde_core-1.0.229/src/de/mod.rs:825:9
    #45 0x55d0fc79a080 in next_key_seed<serde_json::read::StrRead, core::marker::PhantomData<bool>> /home/meme/.cargo/registry/src/index.crates.io-1949cf8c6b5b557f/serde_json-1.0.151/src/de.rs:2021:31
    #46 0x55d0fc79a080 in next_entry_seed<serde_json::de::MapAccess<serde_json::read::StrRead>, core::marker::PhantomData<bool>, core::marker::PhantomData<u8>> /home/meme/.cargo/registry/src/index.crates.io-1949cf8c6b5b557f/serde_core-1.0.229/src/de/mod.rs:1882:25
    #47 0x55d0fc79a080 in next_entry<serde_json::de::MapAccess<serde_json::read::StrRead>, bool, u8> /home/meme/.cargo/registry/src/index.crates.io-1949cf8c6b5b557f/serde_core-1.0.229/src/de/mod.rs:1932:14
    #48 0x55d0fc79a080 in visit_map<bool, u8, serde_json::de::MapAccess<serde_json::read::StrRead>> /home/meme/.cargo/registry/src/index.crates.io-1949cf8c6b5b557f/serde_core-1.0.229/src/de/impls.rs:1542:69
    #49 0x55d0fc79a080 in deserialize_map<serde_json::read::StrRead, serde_core::de::impls::{impl#201}::deserialize::MapVisitor<bool, u8>> /home/meme/.cargo/registry/src/index.crates.io-1949cf8c6b5b557f/serde_json-1.0.151/src/de.rs:1803:39
    #50 0x55d0fc79a080 in deserialize<bool, u8, &mut serde_json::de::Deserializer<serde_json::read::StrRead>> /home/meme/.cargo/registry/src/index.crates.io-1949cf8c6b5b557f/serde_core-1.0.229/src/de/impls.rs:1551:30
    #51 0x55d0fc79a080 in from_trait<serde_json::read::StrRead, alloc::collections::btree::map::BTreeMap<bool, u8, alloc::alloc::Global>> /home/meme/.cargo/registry/src/index.crates.io-1949cf8c6b5b557f/serde_json-1.0.151/src/de.rs:2513:22
    #52 0x55d0fc79a080 in from_str<alloc::collections::btree::map::BTreeMap<bool, u8, alloc::alloc::Global>> /home/meme/.cargo/registry/src/index.crates.io-1949cf8c6b5b557f/serde_json-1.0.151/src/de.rs:2713:5
    #53 0x55d0fc79a080 in compare<alloc::collections::btree::map::BTreeMap<bool, u8, alloc::alloc::Global>> /home/meme/Documentos/GitHub/jzon-rs/fuzz/fuzz_targets/map_keys.rs:18:17
    #54 0x55d0fc79a080 in map_keys::_::__libfuzzer_sys_run /home/meme/Documentos/GitHub/jzon-rs/fuzz/fuzz_targets/map_keys.rs:33:5
    #55 0x55d0fc7b9a15 in rust_fuzzer_test_input /home/meme/.cargo/registry/src/index.crates.io-1949cf8c6b5b557f/libfuzzer-sys-0.4.13/src/lib.rs:276:60
    #56 0x55d0fc7f4014 in {closure#0} /home/meme/.cargo/registry/src/index.crates.io-1949cf8c6b5b557f/libfuzzer-sys-0.4.13/src/lib.rs:62:9
    #57 0x55d0fc7f4014 in std::panicking::catch_unwind::do_call::<libfuzzer_sys::test_input_wrap::{closure#0}, i32> /home/meme/.rustup/toolchains/nightly-x86_64-unknown-linux-gnu/lib/rustlib/src/rust/library/std/src/panicking.rs:576:43
    #58 0x55d0fc7f4c58 in __rust_try libfuzzer_sys.3836617bc9536a93-cgu.0
    #59 0x55d0fc7f370d in catch_unwind<i32, libfuzzer_sys::test_input_wrap::{closure_env#0}> /home/meme/.rustup/toolchains/nightly-x86_64-unknown-linux-gnu/lib/rustlib/src/rust/library/std/src/panicking.rs:544:19
    #60 0x55d0fc7f370d in catch_unwind<libfuzzer_sys::test_input_wrap::{closure_env#0}, i32> /home/meme/.rustup/toolchains/nightly-x86_64-unknown-linux-gnu/lib/rustlib/src/rust/library/std/src/panic.rs:359:14
    #61 0x55d0fc7f370d in LLVMFuzzerTestOneInput /home/meme/.cargo/registry/src/index.crates.io-1949cf8c6b5b557f/libfuzzer-sys-0.4.13/src/lib.rs:60:22
    #62 0x55d0fc7faddb in fuzzer::Fuzzer::ExecuteCallback(unsigned char const*, unsigned long) /home/meme/.cargo/registry/src/index.crates.io-1949cf8c6b5b557f/libfuzzer-sys-0.4.13/libfuzzer/FuzzerLoop.cpp:619:15
    #63 0x55d0fc7ff468 in fuzzer::Fuzzer::RunOne(unsigned char const*, unsigned long, bool, fuzzer::InputInfo*, bool, bool*) /home/meme/.cargo/registry/src/index.crates.io-1949cf8c6b5b557f/libfuzzer-sys-0.4.13/libfuzzer/FuzzerLoop.cpp:516:22
    #64 0x55d0fc801fd2 in fuzzer::Fuzzer::MutateAndTestOne() /home/meme/.cargo/registry/src/index.crates.io-1949cf8c6b5b557f/libfuzzer-sys-0.4.13/libfuzzer/FuzzerLoop.cpp:765:25
    #65 0x55d0fc804c37 in fuzzer::Fuzzer::Loop(std::vector<fuzzer::SizedFile, std::allocator<fuzzer::SizedFile>>&) /home/meme/.cargo/registry/src/index.crates.io-1949cf8c6b5b557f/libfuzzer-sys-0.4.13/libfuzzer/FuzzerLoop.cpp:910:21
    #66 0x55d0fc81bd4f in fuzzer::FuzzerDriver(int*, char***, int (*)(unsigned char const*, unsigned long)) /home/meme/.cargo/registry/src/index.crates.io-1949cf8c6b5b557f/libfuzzer-sys-0.4.13/libfuzzer/FuzzerDriver.cpp:923:10
    #67 0x55d0fc833b62 in main /home/meme/.cargo/registry/src/index.crates.io-1949cf8c6b5b557f/libfuzzer-sys-0.4.13/libfuzzer/FuzzerMain.cpp:20:30
    #68 0x7f53c8c27d0d in __libc_start_call_main /usr/src/debug/glibc/glibc/csu/../sysdeps/nptl/libc_start_call_main.h:59:16
    #69 0x7f53c8c27e4a in __libc_start_main /usr/src/debug/glibc/glibc/csu/../csu/libc-start.c:372:3
    #70 0x55d0fc6790a4 in _start (/home/meme/Documentos/GitHub/jzon-rs/fuzz/target/x86_64-unknown-linux-gnu/release/map_keys+0xf70a4) (BuildId: 8f1a9773b095f66b818b676fa9843d6e2184660d)

NOTE: libFuzzer has rudimentary signal handlers.
      Combine libFuzzer with AddressSanitizer or similar for better crash reports.
SUMMARY: libFuzzer: deadly signal
MS: 3 EraseBytes-CopyPart-ChangeBinInt-; base unit: 927e0d1833d343217e24beb724698ed9dc0426dd
0x7b,0x20,0x20,0x22,0xdb,0x8a,0xc9,0x9e,0x22,0x3a,0x20,
{  \"\333\212\311\236\": 
artifact_prefix='/home/meme/Documentos/GitHub/jzon-rs/fuzz/artifacts/map_keys/'; Test unit written to /home/meme/Documentos/GitHub/jzon-rs/fuzz/artifacts/map_keys/crash-7570f0187ffd78179af7f112179c56bcfa484ed0
Base64: eyAgItuKyZ4iOiA=

────────────────────────────────────────────────────────────────────────────────

Failing input:

	artifacts/map_keys/crash-7570f0187ffd78179af7f112179c56bcfa484ed0

Output of `std::fmt::Debug`:

	[123, 32, 32, 34, 219, 138, 201, 158, 34, 58, 32]

Reproduce with:

	cargo fuzz run --features=roundtrip_policy map_keys artifacts/map_keys/crash-7570f0187ffd78179af7f112179c56bcfa484ed0

Minimize test case with:

	cargo fuzz tmin --features=roundtrip_policy map_keys artifacts/map_keys/crash-7570f0187ffd78179af7f112179c56bcfa484ed0

────────────────────────────────────────────────────────────────────────────────

Error: Fuzz target exited with exit status: 77
