   Compiling proc-macro2 v1.0.107
   Compiling unicode-ident v1.0.26
   Compiling quote v1.0.47
   Compiling serde v1.0.229
   Compiling syn v3.0.6
   Compiling serde_derive v1.0.229
   Compiling jzon-rs v0.3.0 (/home/meme/Documentos/GitHub/jzon-rs/crates/jzon)
   Compiling jzon-fuzz v0.0.0 (/home/meme/Documentos/GitHub/jzon-rs/fuzz)
    Finished `release` profile [optimized + debuginfo] target(s) in 16.67s
    Finished `release` profile [optimized + debuginfo] target(s) in 0.04s
     Running `target/x86_64-unknown-linux-gnu/release/map_keys -artifact_prefix=/home/meme/Documentos/GitHub/jzon-rs/fuzz/artifacts/map_keys/ -max_total_time=30 -max_len=4096 -rss_limit_mb=512 /home/meme/Documentos/GitHub/jzon-rs/fuzz/corpus/map_keys`
INFO: Running with entropic power schedule (0xFF, 100).
INFO: Seed: 2884082000
INFO: Loaded 1 modules   (12938 inline 8-bit counters): 12938 [0x564ed78329f0, 0x564ed7835c7a), 
INFO: Loaded 1 PC tables (12938 PCs): 12938 [0x564ed7835c80,0x564ed7868520), 
INFO:      336 files found in /home/meme/Documentos/GitHub/jzon-rs/fuzz/corpus/map_keys
INFO: seed corpus: files: 336 min: 1b max: 1000b total: 4272b rss: 46Mb
#337	INITED cov: 2781 ft: 4276 corp: 73/831b exec/s: 0 rss: 58Mb
#343	NEW    cov: 2789 ft: 4308 corp: 74/929b lim: 110 exec/s: 0 rss: 58Mb L: 98/110 MS: 1 InsertRepeatedBytes-
#350	NEW    cov: 2789 ft: 4316 corp: 75/945b lim: 110 exec/s: 0 rss: 58Mb L: 16/110 MS: 2 InsertByte-InsertRepeatedBytes-
#354	NEW    cov: 2789 ft: 4322 corp: 76/950b lim: 110 exec/s: 0 rss: 59Mb L: 5/110 MS: 4 ChangeByte-ChangeASCIIInt-CrossOver-ChangeBit-
#356	NEW    cov: 2789 ft: 4386 corp: 77/973b lim: 110 exec/s: 0 rss: 59Mb L: 23/110 MS: 2 CrossOver-InsertByte-
#357	NEW    cov: 2791 ft: 4388 corp: 78/977b lim: 110 exec/s: 0 rss: 59Mb L: 4/110 MS: 1 ChangeBit-
#360	NEW    cov: 2791 ft: 4389 corp: 79/999b lim: 110 exec/s: 0 rss: 59Mb L: 22/110 MS: 3 ChangeByte-ChangeBit-CrossOver-
#361	NEW    cov: 2799 ft: 4397 corp: 80/1003b lim: 110 exec/s: 0 rss: 59Mb L: 4/110 MS: 1 ChangeByte-
#385	NEW    cov: 2799 ft: 4443 corp: 81/1016b lim: 110 exec/s: 0 rss: 59Mb L: 13/110 MS: 4 ChangeByte-ChangeBit-ChangeASCIIInt-ChangeBinInt-
#397	NEW    cov: 2803 ft: 4447 corp: 82/1024b lim: 110 exec/s: 0 rss: 59Mb L: 8/110 MS: 2 ChangeByte-ChangeBit-
#399	NEW    cov: 2803 ft: 4450 corp: 83/1089b lim: 110 exec/s: 0 rss: 59Mb L: 65/110 MS: 2 ShuffleBytes-InsertRepeatedBytes-
#400	NEW    cov: 2803 ft: 4451 corp: 84/1091b lim: 110 exec/s: 0 rss: 59Mb L: 2/110 MS: 1 EraseBytes-
#406	NEW    cov: 2803 ft: 4452 corp: 85/1098b lim: 110 exec/s: 0 rss: 59Mb L: 7/110 MS: 1 ChangeByte-
#408	NEW    cov: 2803 ft: 4459 corp: 86/1133b lim: 110 exec/s: 0 rss: 59Mb L: 35/110 MS: 2 CopyPart-InsertRepeatedBytes-
#409	NEW    cov: 2803 ft: 4468 corp: 87/1172b lim: 110 exec/s: 0 rss: 59Mb L: 39/110 MS: 1 InsertRepeatedBytes-
#425	NEW    cov: 2806 ft: 4477 corp: 88/1179b lim: 110 exec/s: 0 rss: 60Mb L: 7/110 MS: 1 CopyPart-
	NEW_FUNC[1/1]: 0x564ed775fcf0 in serde_json::read::error::<serde_json::read::SliceRead, u16> /home/meme/.cargo/registry/src/index.crates.io-1949cf8c6b5b557f/serde_json-1.0.151/src/read.rs:860
#431	NEW    cov: 2813 ft: 4542 corp: 89/1245b lim: 110 exec/s: 215 rss: 60Mb L: 66/110 MS: 1 InsertRepeatedBytes-
#512	pulse  cov: 2813 ft: 4542 corp: 89/1245b lim: 110 exec/s: 256 rss: 63Mb
#558	NEW    cov: 2817 ft: 4560 corp: 90/1265b lim: 110 exec/s: 279 rss: 63Mb L: 20/110 MS: 4 InsertByte-ChangeBit-ShuffleBytes-CrossOver-
#569	NEW    cov: 2820 ft: 4569 corp: 91/1285b lim: 110 exec/s: 284 rss: 63Mb L: 20/110 MS: 1 ChangeBit-
#570	NEW    cov: 2820 ft: 4579 corp: 92/1292b lim: 110 exec/s: 285 rss: 63Mb L: 7/110 MS: 1 ChangeByte-
#575	NEW    cov: 2820 ft: 4581 corp: 93/1350b lim: 110 exec/s: 287 rss: 63Mb L: 58/110 MS: 5 ChangeByte-ShuffleBytes-CrossOver-CrossOver-InsertRepeatedBytes-
#577	NEW    cov: 2820 ft: 4586 corp: 94/1459b lim: 110 exec/s: 288 rss: 63Mb L: 109/110 MS: 2 CopyPart-ChangeBinInt-
#578	NEW    cov: 2820 ft: 4602 corp: 95/1539b lim: 110 exec/s: 289 rss: 63Mb L: 80/110 MS: 1 InsertRepeatedBytes-
#583	NEW    cov: 2820 ft: 4610 corp: 96/1548b lim: 110 exec/s: 291 rss: 63Mb L: 9/110 MS: 5 ChangeASCIIInt-ChangeByte-InsertByte-ChangeASCIIInt-CMP- DE: "\000\000"-
#584	NEW    cov: 2820 ft: 4625 corp: 97/1568b lim: 110 exec/s: 292 rss: 63Mb L: 20/110 MS: 1 ChangeBinInt-
#596	NEW    cov: 2830 ft: 4635 corp: 98/1583b lim: 110 exec/s: 298 rss: 63Mb L: 15/110 MS: 2 ChangeASCIIInt-PersAutoDict- DE: "\000\000"-
#597	NEW    cov: 2831 ft: 4642 corp: 99/1693b lim: 110 exec/s: 298 rss: 64Mb L: 110/110 MS: 1 ShuffleBytes-
#598	NEW    cov: 2831 ft: 4645 corp: 100/1711b lim: 110 exec/s: 299 rss: 64Mb L: 18/110 MS: 1 CrossOver-
#604	NEW    cov: 2833 ft: 4711 corp: 101/1726b lim: 110 exec/s: 302 rss: 64Mb L: 15/110 MS: 1 ChangeByte-
#607	NEW    cov: 2833 ft: 4712 corp: 102/1735b lim: 110 exec/s: 303 rss: 64Mb L: 9/110 MS: 3 ChangeByte-CMP-ChangeBit- DE: "\000\000\000\034"-
#611	NEW    cov: 2834 ft: 4714 corp: 103/1758b lim: 110 exec/s: 305 rss: 64Mb L: 23/110 MS: 4 ChangeBit-ChangeByte-InsertRepeatedBytes-ChangeBinInt-
#612	NEW    cov: 2834 ft: 4738 corp: 104/1769b lim: 110 exec/s: 306 rss: 64Mb L: 11/110 MS: 1 CrossOver-
#620	NEW    cov: 2834 ft: 4742 corp: 105/1795b lim: 110 exec/s: 310 rss: 64Mb L: 26/110 MS: 3 ChangeBinInt-ChangeByte-CrossOver-
#621	NEW    cov: 2834 ft: 4758 corp: 106/1820b lim: 110 exec/s: 310 rss: 64Mb L: 25/110 MS: 1 CMP- DE: "\001\000"-
#627	NEW    cov: 2835 ft: 4763 corp: 107/1832b lim: 110 exec/s: 313 rss: 64Mb L: 12/110 MS: 1 PersAutoDict- DE: "\000\000"-
#628	NEW    cov: 2838 ft: 4767 corp: 108/1838b lim: 110 exec/s: 314 rss: 64Mb L: 6/110 MS: 1 EraseBytes-
#646	NEW    cov: 2838 ft: 4770 corp: 109/1846b lim: 110 exec/s: 323 rss: 64Mb L: 8/110 MS: 3 ChangeASCIIInt-EraseBytes-PersAutoDict- DE: "\000\000"-
#666	REDUCE cov: 2838 ft: 4770 corp: 109/1778b lim: 110 exec/s: 333 rss: 64Mb L: 40/110 MS: 5 ShuffleBytes-CrossOver-ShuffleBytes-CopyPart-CrossOver-
#669	NEW    cov: 2838 ft: 4778 corp: 110/1783b lim: 110 exec/s: 334 rss: 64Mb L: 5/110 MS: 3 CrossOver-EraseBytes-ChangeByte-
#680	NEW    cov: 2838 ft: 4788 corp: 111/1799b lim: 110 exec/s: 340 rss: 64Mb L: 16/110 MS: 1 CrossOver-
#682	NEW    cov: 2842 ft: 4794 corp: 112/1807b lim: 110 exec/s: 341 rss: 64Mb L: 8/110 MS: 2 ChangeBit-CMP- DE: "true\""-
#688	NEW    cov: 2850 ft: 4802 corp: 113/1852b lim: 110 exec/s: 344 rss: 64Mb L: 45/110 MS: 1 CrossOver-
#695	NEW    cov: 2850 ft: 4810 corp: 114/1856b lim: 110 exec/s: 347 rss: 64Mb L: 4/110 MS: 2 ShuffleBytes-ChangeByte-
#697	NEW    cov: 2851 ft: 4813 corp: 115/1869b lim: 110 exec/s: 348 rss: 64Mb L: 13/110 MS: 2 PersAutoDict-PersAutoDict- DE: "\000\000\000\034"-"true\""-
#698	NEW    cov: 2851 ft: 4816 corp: 116/1908b lim: 110 exec/s: 349 rss: 64Mb L: 39/110 MS: 1 ChangeBinInt-
#720	NEW    cov: 2855 ft: 4832 corp: 117/1996b lim: 110 exec/s: 360 rss: 65Mb L: 88/110 MS: 2 InsertByte-InsertRepeatedBytes-
#728	NEW    cov: 2855 ft: 4840 corp: 118/2044b lim: 110 exec/s: 364 rss: 65Mb L: 48/110 MS: 3 EraseBytes-EraseBytes-InsertRepeatedBytes-
#751	NEW    cov: 2859 ft: 4850 corp: 119/2121b lim: 110 exec/s: 375 rss: 65Mb L: 77/110 MS: 3 CopyPart-InsertRepeatedBytes-EraseBytes-
#762	NEW    cov: 2862 ft: 4856 corp: 120/2139b lim: 110 exec/s: 381 rss: 65Mb L: 18/110 MS: 1 ShuffleBytes-
#768	NEW    cov: 2865 ft: 4863 corp: 121/2207b lim: 110 exec/s: 384 rss: 65Mb L: 68/110 MS: 1 EraseBytes-
#774	NEW    cov: 2868 ft: 4877 corp: 122/2270b lim: 110 exec/s: 387 rss: 65Mb L: 63/110 MS: 1 InsertRepeatedBytes-
#783	REDUCE cov: 2868 ft: 4877 corp: 122/2266b lim: 110 exec/s: 391 rss: 65Mb L: 61/110 MS: 4 InsertByte-InsertRepeatedBytes-ChangeBinInt-EraseBytes-
#784	NEW    cov: 2869 ft: 4878 corp: 123/2353b lim: 110 exec/s: 392 rss: 65Mb L: 87/110 MS: 1 InsertRepeatedBytes-
#795	NEW    cov: 2870 ft: 4880 corp: 124/2371b lim: 110 exec/s: 397 rss: 65Mb L: 18/110 MS: 1 CMP- DE: "\001\000\004<"-
#806	NEW    cov: 2873 ft: 4884 corp: 125/2389b lim: 110 exec/s: 403 rss: 65Mb L: 18/110 MS: 1 ChangeByte-
#812	NEW    cov: 2876 ft: 4895 corp: 126/2395b lim: 110 exec/s: 406 rss: 65Mb L: 6/110 MS: 1 InsertByte-
#817	NEW    cov: 2876 ft: 4936 corp: 127/2498b lim: 110 exec/s: 408 rss: 65Mb L: 103/110 MS: 5 CopyPart-ChangeBinInt-ShuffleBytes-ChangeBinInt-InsertRepeatedBytes-
#818	NEW    cov: 2879 ft: 4942 corp: 128/2505b lim: 110 exec/s: 409 rss: 65Mb L: 7/110 MS: 1 ChangeBit-
#819	NEW    cov: 2879 ft: 5006 corp: 129/2512b lim: 110 exec/s: 409 rss: 65Mb L: 7/110 MS: 1 ShuffleBytes-
#825	NEW    cov: 2880 ft: 5007 corp: 130/2557b lim: 110 exec/s: 412 rss: 65Mb L: 45/110 MS: 1 ChangeBinInt-
#841	NEW    cov: 2880 ft: 5016 corp: 131/2575b lim: 110 exec/s: 420 rss: 65Mb L: 18/110 MS: 1 ChangeByte-
#847	NEW    cov: 2881 ft: 5024 corp: 132/2590b lim: 110 exec/s: 423 rss: 65Mb L: 15/110 MS: 1 PersAutoDict- DE: "\000\000"-
#856	NEW    cov: 2881 ft: 5025 corp: 133/2596b lim: 110 exec/s: 428 rss: 66Mb L: 6/110 MS: 4 ChangeBit-InsertByte-CrossOver-EraseBytes-
#860	NEW    cov: 2881 ft: 5026 corp: 134/2600b lim: 110 exec/s: 430 rss: 66Mb L: 4/110 MS: 4 ShuffleBytes-ChangeBit-ChangeBinInt-CrossOver-
#877	NEW    cov: 2913 ft: 5058 corp: 135/2629b lim: 110 exec/s: 438 rss: 66Mb L: 29/110 MS: 2 CopyPart-InsertRepeatedBytes-
#878	NEW    cov: 2914 ft: 5059 corp: 136/2642b lim: 110 exec/s: 439 rss: 66Mb L: 13/110 MS: 1 CMP- DE: "\014\000\000\000\000\000\000\200"-
#880	NEW    cov: 2915 ft: 5060 corp: 137/2740b lim: 110 exec/s: 440 rss: 66Mb L: 98/110 MS: 2 ShuffleBytes-ChangeByte-
#883	NEW    cov: 2915 ft: 5063 corp: 138/2755b lim: 110 exec/s: 441 rss: 66Mb L: 15/110 MS: 3 ChangeBit-ShuffleBytes-PersAutoDict- DE: "\001\000"-
#887	REDUCE cov: 2915 ft: 5063 corp: 138/2714b lim: 110 exec/s: 443 rss: 66Mb L: 62/110 MS: 4 InsertByte-InsertRepeatedBytes-InsertByte-EraseBytes-
#893	NEW    cov: 2916 ft: 5064 corp: 139/2771b lim: 110 exec/s: 446 rss: 66Mb L: 57/110 MS: 1 InsertRepeatedBytes-
#905	NEW    cov: 2916 ft: 5067 corp: 140/2865b lim: 110 exec/s: 452 rss: 66Mb L: 94/110 MS: 2 CopyPart-EraseBytes-
#926	NEW    cov: 2916 ft: 5069 corp: 141/2927b lim: 110 exec/s: 463 rss: 66Mb L: 62/110 MS: 1 EraseBytes-
#937	NEW    cov: 2916 ft: 5070 corp: 142/2940b lim: 110 exec/s: 468 rss: 66Mb L: 13/110 MS: 1 ChangeByte-
#938	NEW    cov: 2925 ft: 5082 corp: 143/2955b lim: 110 exec/s: 469 rss: 66Mb L: 15/110 MS: 1 EraseBytes-
#940	NEW    cov: 2925 ft: 5084 corp: 144/2968b lim: 110 exec/s: 470 rss: 66Mb L: 13/110 MS: 2 CopyPart-PersAutoDict- DE: "\000\000\000\034"-
#942	NEW    cov: 2928 ft: 5087 corp: 145/2975b lim: 110 exec/s: 471 rss: 66Mb L: 7/110 MS: 2 ChangeASCIIInt-ChangeBit-
#948	NEW    cov: 2934 ft: 5108 corp: 146/3003b lim: 110 exec/s: 474 rss: 66Mb L: 28/110 MS: 1 CMP- DE: "\000\000\000\000\000\000\000\000"-
#949	REDUCE cov: 2934 ft: 5108 corp: 146/3002b lim: 110 exec/s: 474 rss: 66Mb L: 19/110 MS: 1 EraseBytes-
#954	NEW    cov: 2935 ft: 5109 corp: 147/3058b lim: 110 exec/s: 477 rss: 66Mb L: 56/110 MS: 5 ChangeBit-InsertRepeatedBytes-PersAutoDict-CrossOver-CrossOver- DE: "\000\000"-
#956	REDUCE cov: 2935 ft: 5109 corp: 147/3044b lim: 110 exec/s: 478 rss: 66Mb L: 14/110 MS: 2 PersAutoDict-EraseBytes- DE: "\000\000\000\034"-
#979	NEW    cov: 2935 ft: 5125 corp: 148/3110b lim: 110 exec/s: 489 rss: 66Mb L: 66/110 MS: 3 InsertRepeatedBytes-ShuffleBytes-ChangeByte-
#1010	REDUCE cov: 2935 ft: 5138 corp: 149/3124b lim: 110 exec/s: 505 rss: 67Mb L: 14/110 MS: 1 CrossOver-
#1016	NEW    cov: 2935 ft: 5146 corp: 150/3148b lim: 110 exec/s: 508 rss: 67Mb L: 24/110 MS: 1 CopyPart-
#1024	pulse  cov: 2935 ft: 5146 corp: 150/3148b lim: 110 exec/s: 512 rss: 67Mb
#1032	NEW    cov: 2936 ft: 5151 corp: 151/3160b lim: 110 exec/s: 516 rss: 67Mb L: 12/110 MS: 1 ChangeBinInt-
#1033	NEW    cov: 2936 ft: 5155 corp: 152/3173b lim: 110 exec/s: 516 rss: 67Mb L: 13/110 MS: 1 CopyPart-
#1034	NEW    cov: 2936 ft: 5168 corp: 153/3189b lim: 110 exec/s: 517 rss: 67Mb L: 16/110 MS: 1 CopyPart-
#1035	NEW    cov: 2960 ft: 5192 corp: 154/3196b lim: 110 exec/s: 517 rss: 67Mb L: 7/110 MS: 1 ShuffleBytes-
#1044	REDUCE cov: 2960 ft: 5192 corp: 154/3188b lim: 110 exec/s: 522 rss: 67Mb L: 31/110 MS: 4 CopyPart-ShuffleBytes-CopyPart-EraseBytes-
#1055	NEW    cov: 2960 ft: 5195 corp: 155/3201b lim: 110 exec/s: 527 rss: 67Mb L: 13/110 MS: 1 PersAutoDict- DE: "true\""-
#1056	NEW    cov: 2960 ft: 5219 corp: 156/3216b lim: 110 exec/s: 528 rss: 67Mb L: 15/110 MS: 1 CMP- DE: "\001\000\000\000\000\000\000\015"-
#1060	NEW    cov: 2960 ft: 5220 corp: 157/3288b lim: 110 exec/s: 530 rss: 67Mb L: 72/110 MS: 4 CrossOver-CopyPart-CMP-ChangeBinInt- DE: "\360\000\000&"-
#1061	NEW    cov: 2960 ft: 5223 corp: 158/3356b lim: 110 exec/s: 530 rss: 67Mb L: 68/110 MS: 1 InsertRepeatedBytes-
#1087	NEW    cov: 2961 ft: 5224 corp: 159/3436b lim: 110 exec/s: 543 rss: 67Mb L: 80/110 MS: 1 ChangeBinInt-
#1092	REDUCE cov: 2961 ft: 5224 corp: 159/3419b lim: 110 exec/s: 546 rss: 67Mb L: 28/110 MS: 5 PersAutoDict-CopyPart-ChangeBinInt-InsertByte-EraseBytes- DE: "\014\000\000\000\000\000\000\200"-
#1099	NEW    cov: 2961 ft: 5281 corp: 160/3441b lim: 110 exec/s: 549 rss: 67Mb L: 22/110 MS: 2 ChangeASCIIInt-ChangeBinInt-
#1104	NEW    cov: 2961 ft: 5282 corp: 161/3449b lim: 110 exec/s: 552 rss: 67Mb L: 8/110 MS: 5 ChangeByte-ChangeASCIIInt-CopyPart-ChangeBit-InsertByte-
#1107	REDUCE cov: 2961 ft: 5282 corp: 161/3425b lim: 110 exec/s: 553 rss: 67Mb L: 48/110 MS: 3 ChangeByte-EraseBytes-PersAutoDict- DE: "\001\000\004<"-
#1124	REDUCE cov: 2961 ft: 5282 corp: 161/3390b lim: 110 exec/s: 562 rss: 67Mb L: 23/110 MS: 2 ChangeByte-CrossOver-
#1126	NEW    cov: 2962 ft: 5301 corp: 162/3423b lim: 110 exec/s: 563 rss: 67Mb L: 33/110 MS: 2 CrossOver-CopyPart-
#1138	REDUCE cov: 2962 ft: 5301 corp: 162/3418b lim: 110 exec/s: 569 rss: 67Mb L: 4/110 MS: 2 PersAutoDict-CrossOver- DE: "\000\000\000\000\000\000\000\000"-
#1164	NEW    cov: 2962 ft: 5321 corp: 163/3528b lim: 110 exec/s: 582 rss: 68Mb L: 110/110 MS: 1 ChangeBinInt-
#1170	NEW    cov: 2963 ft: 5322 corp: 164/3533b lim: 110 exec/s: 585 rss: 68Mb L: 5/110 MS: 1 ChangeByte-
#1171	NEW    cov: 2963 ft: 5323 corp: 165/3622b lim: 110 exec/s: 585 rss: 68Mb L: 89/110 MS: 1 InsertRepeatedBytes-
#1172	NEW    cov: 2964 ft: 5324 corp: 166/3658b lim: 110 exec/s: 586 rss: 68Mb L: 36/110 MS: 1 CopyPart-
#1198	NEW    cov: 2967 ft: 5330 corp: 167/3681b lim: 110 exec/s: 599 rss: 68Mb L: 23/110 MS: 1 CrossOver-
#1199	NEW    cov: 2968 ft: 5331 corp: 168/3753b lim: 110 exec/s: 599 rss: 68Mb L: 72/110 MS: 1 InsertRepeatedBytes-
#1235	NEW    cov: 2968 ft: 5332 corp: 169/3767b lim: 110 exec/s: 617 rss: 68Mb L: 14/110 MS: 1 CrossOver-
#1251	NEW    cov: 2968 ft: 5333 corp: 170/3783b lim: 110 exec/s: 625 rss: 68Mb L: 16/110 MS: 1 InsertByte-
#1253	NEW    cov: 2968 ft: 5334 corp: 171/3793b lim: 110 exec/s: 626 rss: 68Mb L: 10/110 MS: 2 ChangeByte-CopyPart-
#1255	NEW    cov: 2970 ft: 5338 corp: 172/3808b lim: 110 exec/s: 627 rss: 68Mb L: 15/110 MS: 2 CopyPart-ChangeBinInt-
#1263	NEW    cov: 2971 ft: 5339 corp: 173/3903b lim: 110 exec/s: 631 rss: 68Mb L: 95/110 MS: 3 ChangeBinInt-InsertRepeatedBytes-EraseBytes-
#1264	NEW    cov: 2983 ft: 5370 corp: 174/3924b lim: 110 exec/s: 632 rss: 68Mb L: 21/110 MS: 1 InsertByte-
#1270	NEW    cov: 2983 ft: 5380 corp: 175/3948b lim: 110 exec/s: 635 rss: 68Mb L: 24/110 MS: 1 ChangeBit-
#1274	NEW    cov: 2984 ft: 5381 corp: 176/4044b lim: 110 exec/s: 637 rss: 68Mb L: 96/110 MS: 4 PersAutoDict-InsertByte-ChangeByte-CMP- DE: "\000\000"-"foo\" :"-
#1276	NEW    cov: 2984 ft: 5390 corp: 177/4142b lim: 110 exec/s: 638 rss: 68Mb L: 98/110 MS: 2 ChangeBit-CMP- DE: "\001\000\000\000"-
#1292	NEW    cov: 2984 ft: 5391 corp: 178/4237b lim: 110 exec/s: 646 rss: 68Mb L: 95/110 MS: 1 InsertByte-
#1293	NEW    cov: 2984 ft: 5393 corp: 179/4335b lim: 110 exec/s: 646 rss: 68Mb L: 98/110 MS: 1 InsertRepeatedBytes-
#1323	NEW    cov: 2984 ft: 5394 corp: 180/4383b lim: 110 exec/s: 661 rss: 69Mb L: 48/110 MS: 5 CrossOver-InsertByte-InsertByte-ChangeBit-InsertRepeatedBytes-
#1346	REDUCE cov: 2984 ft: 5394 corp: 180/4382b lim: 110 exec/s: 673 rss: 69Mb L: 8/110 MS: 3 ShuffleBytes-EraseBytes-CMP- DE: "x\002"-
#1348	NEW    cov: 2987 ft: 5406 corp: 181/4410b lim: 110 exec/s: 674 rss: 69Mb L: 28/110 MS: 2 ChangeASCIIInt-EraseBytes-
#1350	REDUCE cov: 2987 ft: 5406 corp: 181/4408b lim: 110 exec/s: 675 rss: 69Mb L: 4/110 MS: 2 CopyPart-EraseBytes-
#1351	NEW    cov: 2987 ft: 5414 corp: 182/4420b lim: 110 exec/s: 675 rss: 69Mb L: 12/110 MS: 1 ChangeBit-
#1373	NEW    cov: 2987 ft: 5422 corp: 183/4436b lim: 110 exec/s: 686 rss: 69Mb L: 16/110 MS: 2 CopyPart-InsertByte-
#1380	NEW    cov: 2988 ft: 5427 corp: 184/4447b lim: 110 exec/s: 690 rss: 69Mb L: 11/110 MS: 2 ChangeBit-InsertByte-
#1386	REDUCE cov: 2988 ft: 5427 corp: 184/4439b lim: 110 exec/s: 693 rss: 69Mb L: 40/110 MS: 1 EraseBytes-
#1398	NEW    cov: 2988 ft: 5428 corp: 185/4521b lim: 110 exec/s: 699 rss: 69Mb L: 82/110 MS: 2 InsertRepeatedBytes-ChangeBit-
#1419	NEW    cov: 2990 ft: 5431 corp: 186/4537b lim: 110 exec/s: 709 rss: 69Mb L: 16/110 MS: 1 InsertByte-
#1421	NEW    cov: 2990 ft: 5452 corp: 187/4558b lim: 110 exec/s: 710 rss: 69Mb L: 21/110 MS: 2 ChangeBit-InsertByte-
#1432	NEW    cov: 2990 ft: 5454 corp: 188/4573b lim: 110 exec/s: 716 rss: 69Mb L: 15/110 MS: 1 ChangeBinInt-
#1434	NEW    cov: 2990 ft: 5455 corp: 189/4578b lim: 110 exec/s: 717 rss: 69Mb L: 5/110 MS: 2 InsertByte-EraseBytes-
#1440	NEW    cov: 2990 ft: 5456 corp: 190/4590b lim: 110 exec/s: 720 rss: 69Mb L: 12/110 MS: 1 EraseBytes-
#1446	NEW    cov: 2990 ft: 5464 corp: 191/4597b lim: 110 exec/s: 723 rss: 69Mb L: 7/110 MS: 1 ChangeByte-
#1450	NEW    cov: 2990 ft: 5465 corp: 192/4649b lim: 110 exec/s: 725 rss: 69Mb L: 52/110 MS: 4 CrossOver-CopyPart-ChangeByte-ChangeBit-
#1466	NEW    cov: 2990 ft: 5467 corp: 193/4683b lim: 110 exec/s: 733 rss: 69Mb L: 34/110 MS: 1 EraseBytes-
#1473	NEW    cov: 2990 ft: 5469 corp: 194/4772b lim: 110 exec/s: 736 rss: 70Mb L: 89/110 MS: 2 PersAutoDict-InsertRepeatedBytes- DE: "\014\000\000\000\000\000\000\200"-
#1484	NEW    cov: 2990 ft: 5477 corp: 195/4787b lim: 110 exec/s: 742 rss: 70Mb L: 15/110 MS: 1 CrossOver-
#1499	NEW    cov: 2991 ft: 5478 corp: 196/4809b lim: 110 exec/s: 749 rss: 70Mb L: 22/110 MS: 5 ChangeBinInt-ChangeBinInt-ChangeBinInt-InsertByte-EraseBytes-
#1521	NEW    cov: 2991 ft: 5479 corp: 197/4843b lim: 110 exec/s: 760 rss: 70Mb L: 34/110 MS: 2 CrossOver-InsertRepeatedBytes-
#1523	NEW    cov: 2992 ft: 5480 corp: 198/4872b lim: 110 exec/s: 761 rss: 70Mb L: 29/110 MS: 2 ChangeBinInt-InsertByte-
#1530	NEW    cov: 3003 ft: 5492 corp: 199/4977b lim: 110 exec/s: 765 rss: 70Mb L: 105/110 MS: 2 InsertRepeatedBytes-ChangeBinInt-
#1534	NEW    cov: 3003 ft: 5501 corp: 200/5036b lim: 110 exec/s: 767 rss: 70Mb L: 59/110 MS: 4 ShuffleBytes-CopyPart-EraseBytes-InsertRepeatedBytes-
#1542	NEW    cov: 3003 ft: 5505 corp: 201/5049b lim: 110 exec/s: 771 rss: 70Mb L: 13/110 MS: 3 InsertByte-ChangeByte-CMP- DE: "\377\377\377\377"-
#1543	NEW    cov: 3003 ft: 5513 corp: 202/5099b lim: 110 exec/s: 771 rss: 70Mb L: 50/110 MS: 1 InsertRepeatedBytes-
#1592	NEW    cov: 3003 ft: 5514 corp: 203/5133b lim: 110 exec/s: 796 rss: 70Mb L: 34/110 MS: 4 CrossOver-CopyPart-ChangeASCIIInt-CMP- DE: "\377\377\377\377"-
#1629	NEW    cov: 3003 ft: 5515 corp: 204/5151b lim: 110 exec/s: 814 rss: 70Mb L: 18/110 MS: 2 EraseBytes-ChangeBit-
#1630	NEW    cov: 3003 ft: 5516 corp: 205/5181b lim: 110 exec/s: 815 rss: 70Mb L: 30/110 MS: 1 InsertRepeatedBytes-
#1631	NEW    cov: 3005 ft: 5518 corp: 206/5189b lim: 110 exec/s: 815 rss: 70Mb L: 8/110 MS: 1 ChangeBit-
#1638	NEW    cov: 3006 ft: 5533 corp: 207/5223b lim: 110 exec/s: 819 rss: 70Mb L: 34/110 MS: 2 ShuffleBytes-InsertRepeatedBytes-
	NEW_FUNC[1/2]: 0x564ed776aaa0 in <serde_json::error::Error as serde_core::de::Error>::invalid_value /home/meme/.cargo/registry/src/index.crates.io-1949cf8c6b5b557f/serde_json-1.0.151/src/error.rs:449
	NEW_FUNC[2/2]: 0x564ed777ac20 in jzon::serde_impl::parse_i64 /home/meme/Documentos/GitHub/jzon-rs/crates/jzon/src/serde_impl.rs:1597
#1640	NEW    cov: 3021 ft: 5553 corp: 208/5245b lim: 110 exec/s: 820 rss: 70Mb L: 22/110 MS: 2 CopyPart-CrossOver-
#1652	NEW    cov: 3021 ft: 5558 corp: 209/5301b lim: 110 exec/s: 826 rss: 71Mb L: 56/110 MS: 2 ChangeByte-EraseBytes-
#1654	NEW    cov: 3021 ft: 5566 corp: 210/5309b lim: 110 exec/s: 827 rss: 71Mb L: 8/110 MS: 2 ChangeByte-InsertByte-
#1657	NEW    cov: 3021 ft: 5569 corp: 211/5419b lim: 110 exec/s: 828 rss: 71Mb L: 110/110 MS: 3 ChangeASCIIInt-ChangeASCIIInt-ChangeBit-
#1658	NEW    cov: 3053 ft: 5601 corp: 212/5448b lim: 110 exec/s: 829 rss: 71Mb L: 29/110 MS: 1 ShuffleBytes-
#1700	NEW    cov: 3053 ft: 5602 corp: 213/5477b lim: 110 exec/s: 850 rss: 71Mb L: 29/110 MS: 2 InsertByte-CrossOver-
#1716	NEW    cov: 3056 ft: 5612 corp: 214/5493b lim: 110 exec/s: 858 rss: 71Mb L: 16/110 MS: 1 ChangeASCIIInt-
#1732	NEW    cov: 3056 ft: 5613 corp: 215/5500b lim: 110 exec/s: 866 rss: 71Mb L: 7/110 MS: 1 ShuffleBytes-
#1738	NEW    cov: 3057 ft: 5614 corp: 216/5513b lim: 110 exec/s: 869 rss: 71Mb L: 13/110 MS: 1 CMP- DE: "\001\000\000\000\000\000\000)"-
#1745	REDUCE cov: 3057 ft: 5614 corp: 216/5506b lim: 110 exec/s: 872 rss: 71Mb L: 15/110 MS: 2 CMP-EraseBytes- DE: "tpuex"-
#1750	NEW    cov: 3059 ft: 5616 corp: 217/5606b lim: 110 exec/s: 875 rss: 71Mb L: 100/110 MS: 5 InsertRepeatedBytes-InsertByte-ChangeBinInt-CopyPart-ChangeByte-
#1776	NEW    cov: 3064 ft: 5624 corp: 218/5619b lim: 110 exec/s: 888 rss: 71Mb L: 13/110 MS: 1 CMP- DE: "true\""-
#1784	NEW    cov: 3064 ft: 5625 corp: 219/5652b lim: 110 exec/s: 892 rss: 71Mb L: 33/110 MS: 3 CMP-InsertByte-ChangeASCIIInt- DE: "o\000\000\000\000\000\000\000"-
#1785	NEW    cov: 3064 ft: 5627 corp: 220/5762b lim: 110 exec/s: 892 rss: 71Mb L: 110/110 MS: 1 ChangeBit-
#1793	NEW    cov: 3066 ft: 5629 corp: 221/5770b lim: 110 exec/s: 896 rss: 71Mb L: 8/110 MS: 3 ChangeBinInt-ChangeByte-CopyPart-
#1795	NEW    cov: 3066 ft: 5630 corp: 222/5787b lim: 110 exec/s: 897 rss: 71Mb L: 17/110 MS: 2 ChangeASCIIInt-CopyPart-
#1814	REDUCE cov: 3066 ft: 5630 corp: 222/5769b lim: 110 exec/s: 907 rss: 71Mb L: 34/110 MS: 4 ChangeByte-ChangeBit-InsertByte-EraseBytes-
#1822	NEW    cov: 3066 ft: 5631 corp: 223/5831b lim: 110 exec/s: 911 rss: 71Mb L: 62/110 MS: 3 CrossOver-ChangeByte-ChangeASCIIInt-
#1823	REDUCE cov: 3066 ft: 5631 corp: 223/5829b lim: 110 exec/s: 911 rss: 72Mb L: 3/110 MS: 1 EraseBytes-
#1831	NEW    cov: 3066 ft: 5632 corp: 224/5860b lim: 110 exec/s: 915 rss: 72Mb L: 31/110 MS: 3 CopyPart-PersAutoDict-ShuffleBytes- DE: "\000\000\000\034"-
#1842	NEW    cov: 3066 ft: 5633 corp: 225/5875b lim: 110 exec/s: 921 rss: 72Mb L: 15/110 MS: 1 ChangeByte-
#1844	NEW    cov: 3082 ft: 5657 corp: 226/5878b lim: 110 exec/s: 922 rss: 72Mb L: 3/110 MS: 2 InsertByte-ChangeBit-
#1852	NEW    cov: 3106 ft: 5690 corp: 227/5892b lim: 110 exec/s: 926 rss: 72Mb L: 14/110 MS: 3 CMP-CrossOver-CMP- DE: "\\u"-"\012\000\000\000\000\000\000\000"-
#1854	NEW    cov: 3107 ft: 5691 corp: 228/5899b lim: 110 exec/s: 927 rss: 72Mb L: 7/110 MS: 2 PersAutoDict-ChangeBinInt- DE: "true\""-
#1858	NEW    cov: 3109 ft: 5693 corp: 229/5900b lim: 110 exec/s: 929 rss: 72Mb L: 1/110 MS: 4 InsertByte-ChangeBit-EraseBytes-ChangeBit-
#1871	REDUCE cov: 3109 ft: 5693 corp: 229/5890b lim: 110 exec/s: 935 rss: 72Mb L: 24/110 MS: 3 CrossOver-CMP-EraseBytes- DE: "\000\000\000\000\000\000\000\016"-
#1882	NEW    cov: 3109 ft: 5698 corp: 230/5976b lim: 110 exec/s: 941 rss: 72Mb L: 86/110 MS: 1 InsertRepeatedBytes-
#1919	NEW    cov: 3111 ft: 5700 corp: 231/6048b lim: 110 exec/s: 959 rss: 72Mb L: 72/110 MS: 2 ShuffleBytes-InsertRepeatedBytes-
#1920	NEW    cov: 3111 ft: 5718 corp: 232/6141b lim: 110 exec/s: 960 rss: 72Mb L: 93/110 MS: 1 InsertRepeatedBytes-
#1936	NEW    cov: 3111 ft: 5726 corp: 233/6159b lim: 110 exec/s: 968 rss: 72Mb L: 18/110 MS: 1 ChangeBinInt-
#1941	NEW    cov: 3111 ft: 5728 corp: 234/6174b lim: 110 exec/s: 970 rss: 72Mb L: 15/110 MS: 5 ChangeBit-ChangeBit-ChangeBit-ChangeBit-EraseBytes-
#1953	REDUCE cov: 3111 ft: 5728 corp: 234/6169b lim: 110 exec/s: 976 rss: 72Mb L: 43/110 MS: 2 ChangeASCIIInt-EraseBytes-
#1962	NEW    cov: 3111 ft: 5734 corp: 235/6277b lim: 110 exec/s: 981 rss: 72Mb L: 108/110 MS: 4 ChangeBit-ChangeBinInt-ChangeBit-InsertRepeatedBytes-
#1974	NEW    cov: 3112 ft: 5735 corp: 236/6295b lim: 110 exec/s: 987 rss: 72Mb L: 18/110 MS: 2 ChangeASCIIInt-ShuffleBytes-
#1980	NEW    cov: 3114 ft: 5737 corp: 237/6344b lim: 110 exec/s: 990 rss: 72Mb L: 49/110 MS: 1 EraseBytes-
#1981	REDUCE cov: 3115 ft: 5738 corp: 238/6372b lim: 110 exec/s: 990 rss: 73Mb L: 28/110 MS: 1 ChangeBinInt-
#1988	NEW    cov: 3115 ft: 5739 corp: 239/6387b lim: 110 exec/s: 994 rss: 73Mb L: 15/110 MS: 2 ChangeBit-ChangeBit-
#1996	NEW    cov: 3115 ft: 5760 corp: 240/6407b lim: 110 exec/s: 998 rss: 73Mb L: 20/110 MS: 3 ChangeBit-InsertByte-InsertByte-
#2018	NEW    cov: 3119 ft: 5764 corp: 241/6475b lim: 110 exec/s: 1009 rss: 73Mb L: 68/110 MS: 2 ShuffleBytes-InsertRepeatedBytes-
#2024	NEW    cov: 3119 ft: 5767 corp: 242/6490b lim: 110 exec/s: 1012 rss: 73Mb L: 15/110 MS: 1 ChangeASCIIInt-
#2037	REDUCE cov: 3119 ft: 5767 corp: 242/6487b lim: 110 exec/s: 1018 rss: 73Mb L: 10/110 MS: 3 ChangeBit-PersAutoDict-EraseBytes- DE: "\000\000"-
#2048	pulse  cov: 3119 ft: 5767 corp: 242/6487b lim: 110 exec/s: 1024 rss: 73Mb
#2049	NEW    cov: 3119 ft: 5768 corp: 243/6553b lim: 110 exec/s: 1024 rss: 73Mb L: 66/110 MS: 2 CopyPart-EraseBytes-
#2081	NEW    cov: 3120 ft: 5769 corp: 244/6569b lim: 110 exec/s: 1040 rss: 73Mb L: 16/110 MS: 2 CMP-InsertByte- DE: "\000\000\000\000"-
#2083	REDUCE cov: 3120 ft: 5769 corp: 244/6567b lim: 110 exec/s: 1041 rss: 73Mb L: 13/110 MS: 2 InsertByte-EraseBytes-
#2085	NEW    cov: 3120 ft: 5773 corp: 245/6635b lim: 110 exec/s: 1042 rss: 73Mb L: 68/110 MS: 2 EraseBytes-ChangeBinInt-
#2086	NEW    cov: 3122 ft: 5775 corp: 246/6657b lim: 110 exec/s: 1043 rss: 73Mb L: 22/110 MS: 1 ChangeByte-
#2089	NEW    cov: 3122 ft: 5783 corp: 247/6663b lim: 110 exec/s: 1044 rss: 73Mb L: 6/110 MS: 3 ChangeBit-PersAutoDict-ChangeBinInt- DE: "\001\000\004<"-
#2102	REDUCE cov: 3122 ft: 5783 corp: 247/6662b lim: 110 exec/s: 1051 rss: 73Mb L: 85/110 MS: 3 ChangeBit-CopyPart-EraseBytes-
#2130	REDUCE cov: 3122 ft: 5783 corp: 247/6661b lim: 110 exec/s: 1065 rss: 73Mb L: 22/110 MS: 3 PersAutoDict-ChangeByte-EraseBytes- DE: "\000\000\000\000\000\000\000\000"-
#2132	NEW    cov: 3123 ft: 5784 corp: 248/6712b lim: 110 exec/s: 1066 rss: 73Mb L: 51/110 MS: 2 CopyPart-InsertRepeatedBytes-
#2188	REDUCE cov: 3123 ft: 5784 corp: 248/6711b lim: 110 exec/s: 1094 rss: 74Mb L: 3/110 MS: 1 EraseBytes-
#2199	NEW    cov: 3123 ft: 5785 corp: 249/6810b lim: 110 exec/s: 1099 rss: 74Mb L: 99/110 MS: 1 InsertByte-
#2226	NEW    cov: 3124 ft: 5786 corp: 250/6884b lim: 110 exec/s: 1113 rss: 74Mb L: 74/110 MS: 2 CMP-CrossOver- DE: "\377\377\377\000"-
#2235	REDUCE cov: 3124 ft: 5786 corp: 250/6869b lim: 110 exec/s: 1117 rss: 74Mb L: 79/110 MS: 4 EraseBytes-InsertByte-ChangeBinInt-InsertRepeatedBytes-
#2255	NEW    cov: 3124 ft: 5787 corp: 251/6910b lim: 110 exec/s: 1127 rss: 74Mb L: 41/110 MS: 5 InsertByte-ShuffleBytes-ShuffleBytes-EraseBytes-InsertByte-
#2260	REDUCE cov: 3124 ft: 5787 corp: 251/6884b lim: 110 exec/s: 1130 rss: 74Mb L: 36/110 MS: 5 CrossOver-ChangeByte-PersAutoDict-ChangeByte-EraseBytes- DE: "\001\000"-
#2266	NEW    cov: 3124 ft: 5788 corp: 252/6908b lim: 110 exec/s: 1133 rss: 74Mb L: 24/110 MS: 1 EraseBytes-
#2282	NEW    cov: 3130 ft: 5794 corp: 253/6922b lim: 110 exec/s: 1141 rss: 74Mb L: 14/110 MS: 1 ChangeByte-
#2311	REDUCE cov: 3130 ft: 5794 corp: 253/6908b lim: 110 exec/s: 1155 rss: 74Mb L: 15/110 MS: 4 CopyPart-ChangeByte-ShuffleBytes-EraseBytes-
#2351	NEW    cov: 3132 ft: 5797 corp: 254/6915b lim: 110 exec/s: 1175 rss: 74Mb L: 7/110 MS: 5 ShuffleBytes-ChangeASCIIInt-ChangeBit-ChangeByte-EraseBytes-
#2363	REDUCE cov: 3132 ft: 5797 corp: 254/6913b lim: 110 exec/s: 1181 rss: 74Mb L: 11/110 MS: 2 PersAutoDict-EraseBytes- DE: "\000\000\000\000"-
#2364	NEW    cov: 3132 ft: 5798 corp: 255/6932b lim: 110 exec/s: 1182 rss: 74Mb L: 19/110 MS: 1 InsertByte-
#2379	NEW    cov: 3132 ft: 5799 corp: 256/6979b lim: 110 exec/s: 1189 rss: 74Mb L: 47/110 MS: 5 InsertByte-EraseBytes-ChangeASCIIInt-EraseBytes-ChangeByte-
#2383	REDUCE cov: 3132 ft: 5799 corp: 256/6973b lim: 110 exec/s: 1191 rss: 74Mb L: 18/110 MS: 4 CMP-CMP-ShuffleBytes-EraseBytes- DE: "\377\377\377\377"-"\377\377"-
#2430	NEW    cov: 3135 ft: 5802 corp: 257/7007b lim: 110 exec/s: 1215 rss: 75Mb L: 34/110 MS: 2 ShuffleBytes-EraseBytes-
#2439	NEW    cov: 3138 ft: 5812 corp: 258/7076b lim: 110 exec/s: 1219 rss: 75Mb L: 69/110 MS: 4 PersAutoDict-CopyPart-ChangeBit-CrossOver- DE: "\377\377\377\377"-
#2479	NEW    cov: 3139 ft: 5813 corp: 259/7095b lim: 110 exec/s: 1239 rss: 75Mb L: 19/110 MS: 5 ChangeByte-ChangeByte-ShuffleBytes-CMP-EraseBytes- DE: "\377\377\377\377\377\377\377\004"-
#2487	NEW    cov: 3146 ft: 5834 corp: 260/7191b lim: 110 exec/s: 1243 rss: 75Mb L: 96/110 MS: 3 ShuffleBytes-ShuffleBytes-EraseBytes-
#2493	NEW    cov: 3146 ft: 5837 corp: 261/7207b lim: 110 exec/s: 1246 rss: 75Mb L: 16/110 MS: 1 ChangeByte-
#2495	REDUCE cov: 3146 ft: 5837 corp: 261/7124b lim: 110 exec/s: 1247 rss: 75Mb L: 12/110 MS: 2 CrossOver-CrossOver-
#2496	NEW    cov: 3147 ft: 5838 corp: 262/7139b lim: 110 exec/s: 1248 rss: 75Mb L: 15/110 MS: 1 ChangeByte-
#2498	NEW    cov: 3147 ft: 5839 corp: 263/7223b lim: 110 exec/s: 1249 rss: 75Mb L: 84/110 MS: 2 ChangeASCIIInt-EraseBytes-
#2530	REDUCE cov: 3147 ft: 5839 corp: 263/7186b lim: 110 exec/s: 1265 rss: 75Mb L: 43/110 MS: 2 ChangeByte-EraseBytes-
#2551	REDUCE cov: 3147 ft: 5839 corp: 263/7172b lim: 110 exec/s: 1275 rss: 75Mb L: 42/110 MS: 1 EraseBytes-
#2572	NEW    cov: 3147 ft: 5843 corp: 264/7177b lim: 110 exec/s: 1286 rss: 75Mb L: 5/110 MS: 1 InsertByte-
#2579	NEW    cov: 3148 ft: 5844 corp: 265/7188b lim: 110 exec/s: 1289 rss: 76Mb L: 11/110 MS: 2 InsertByte-PersAutoDict- DE: "\000\000\000\000"-
#2582	NEW    cov: 3148 ft: 5856 corp: 266/7203b lim: 110 exec/s: 1291 rss: 76Mb L: 15/110 MS: 3 ChangeBit-CopyPart-InsertByte-
#2602	NEW    cov: 3151 ft: 5859 corp: 267/7204b lim: 110 exec/s: 1301 rss: 76Mb L: 1/110 MS: 5 ChangeByte-CrossOver-InsertByte-EraseBytes-CrossOver-
#2636	NEW    cov: 3153 ft: 5861 corp: 268/7205b lim: 110 exec/s: 1318 rss: 76Mb L: 1/110 MS: 4 InsertRepeatedBytes-ChangeByte-ChangeByte-CrossOver-
#2647	REDUCE cov: 3153 ft: 5861 corp: 268/7204b lim: 110 exec/s: 1323 rss: 76Mb L: 7/110 MS: 1 EraseBytes-
#2678	REDUCE cov: 3153 ft: 5861 corp: 268/7193b lim: 110 exec/s: 1339 rss: 76Mb L: 23/110 MS: 1 EraseBytes-
#2694	NEW    cov: 3153 ft: 5863 corp: 269/7267b lim: 110 exec/s: 1347 rss: 76Mb L: 74/110 MS: 1 InsertRepeatedBytes-
#2726	REDUCE cov: 3153 ft: 5865 corp: 270/7289b lim: 110 exec/s: 1363 rss: 76Mb L: 22/110 MS: 2 PersAutoDict-ChangeByte- DE: "\001\000\000\000"-
#2732	NEW    cov: 3153 ft: 5892 corp: 271/7308b lim: 110 exec/s: 1366 rss: 76Mb L: 19/110 MS: 1 CMP- DE: "\000\000\000\000"-
#2735	REDUCE cov: 3153 ft: 5894 corp: 272/7338b lim: 110 exec/s: 1367 rss: 76Mb L: 30/110 MS: 3 PersAutoDict-EraseBytes-ChangeBinInt- DE: "\000\000"-
#2742	NEW    cov: 3154 ft: 5895 corp: 273/7366b lim: 110 exec/s: 1371 rss: 76Mb L: 28/110 MS: 2 ChangeBinInt-PersAutoDict- DE: "\360\000\000&"-
#2774	NEW    cov: 3155 ft: 5896 corp: 274/7440b lim: 110 exec/s: 1387 rss: 76Mb L: 74/110 MS: 2 CopyPart-CrossOver-
#2804	REDUCE cov: 3155 ft: 5896 corp: 274/7432b lim: 110 exec/s: 1402 rss: 77Mb L: 20/110 MS: 5 InsertByte-ShuffleBytes-ChangeByte-EraseBytes-EraseBytes-
#2805	NEW    cov: 3155 ft: 5898 corp: 275/7448b lim: 110 exec/s: 1402 rss: 77Mb L: 16/110 MS: 1 ChangeASCIIInt-
#2808	NEW    cov: 3155 ft: 5900 corp: 276/7558b lim: 110 exec/s: 1404 rss: 77Mb L: 110/110 MS: 3 ChangeByte-ChangeBit-ChangeBit-
#2846	NEW    cov: 3155 ft: 5973 corp: 277/7628b lim: 110 exec/s: 1423 rss: 77Mb L: 70/110 MS: 3 ChangeASCIIInt-CopyPart-InsertRepeatedBytes-
#2862	NEW    cov: 3157 ft: 5975 corp: 278/7635b lim: 110 exec/s: 1431 rss: 77Mb L: 7/110 MS: 1 InsertRepeatedBytes-
#2904	NEW    cov: 3160 ft: 5978 corp: 279/7643b lim: 110 exec/s: 1452 rss: 77Mb L: 8/110 MS: 2 ShuffleBytes-EraseBytes-
#2950	REDUCE cov: 3161 ft: 5979 corp: 280/7654b lim: 110 exec/s: 1475 rss: 77Mb L: 11/110 MS: 1 CopyPart-
#2957	NEW    cov: 3161 ft: 5980 corp: 281/7666b lim: 110 exec/s: 1478 rss: 77Mb L: 12/110 MS: 2 ShuffleBytes-ChangeBinInt-
#2960	REDUCE cov: 3161 ft: 5980 corp: 281/7660b lim: 110 exec/s: 1480 rss: 77Mb L: 103/110 MS: 3 PersAutoDict-CopyPart-EraseBytes- DE: "\377\377\377\377"-
#2991	NEW    cov: 3169 ft: 5990 corp: 282/7671b lim: 110 exec/s: 1495 rss: 77Mb L: 11/110 MS: 1 EraseBytes-
#3010	NEW    cov: 3170 ft: 5993 corp: 283/7753b lim: 110 exec/s: 1505 rss: 78Mb L: 82/110 MS: 4 PersAutoDict-CMP-CopyPart-PersAutoDict- DE: "foo\" :"-"\032\000\000\000"-"\012\000\000\000\000\000\000\000"-
#3019	REDUCE cov: 3170 ft: 5997 corp: 284/7774b lim: 110 exec/s: 1509 rss: 78Mb L: 21/110 MS: 4 InsertByte-InsertByte-PersAutoDict-ChangeBinInt- DE: "\\u"-
#3041	NEW    cov: 3170 ft: 5998 corp: 285/7785b lim: 110 exec/s: 1520 rss: 78Mb L: 11/110 MS: 2 ChangeBinInt-InsertByte-
#3073	REDUCE cov: 3170 ft: 6002 corp: 286/7858b lim: 110 exec/s: 1536 rss: 78Mb L: 73/110 MS: 2 ChangeBit-CrossOver-
#3079	NEW    cov: 3170 ft: 6006 corp: 287/7874b lim: 110 exec/s: 1539 rss: 78Mb L: 16/110 MS: 1 ChangeBit-
#3115	NEW    cov: 3186 ft: 6024 corp: 288/7907b lim: 110 exec/s: 1557 rss: 78Mb L: 33/110 MS: 1 InsertRepeatedBytes-
#3141	NEW    cov: 3188 ft: 6026 corp: 289/7910b lim: 110 exec/s: 1570 rss: 78Mb L: 3/110 MS: 1 ChangeBinInt-
#3174	NEW    cov: 3188 ft: 6044 corp: 290/8011b lim: 110 exec/s: 1587 rss: 78Mb L: 101/110 MS: 3 ChangeBit-ShuffleBytes-InsertRepeatedBytes-
#3216	REDUCE cov: 3188 ft: 6045 corp: 291/8065b lim: 110 exec/s: 1608 rss: 78Mb L: 54/110 MS: 2 ShuffleBytes-CrossOver-
#3226	NEW    cov: 3188 ft: 6046 corp: 292/8130b lim: 110 exec/s: 1613 rss: 79Mb L: 65/110 MS: 5 EraseBytes-ChangeBinInt-ChangeASCIIInt-PersAutoDict-CrossOver- DE: "\000\000"-
#3241	NEW    cov: 3193 ft: 6053 corp: 293/8132b lim: 110 exec/s: 1620 rss: 79Mb L: 2/110 MS: 5 ShuffleBytes-ChangeBit-InsertRepeatedBytes-ChangeASCIIInt-CrossOver-
#3252	NEW    cov: 3194 ft: 6057 corp: 294/8163b lim: 110 exec/s: 1626 rss: 79Mb L: 31/110 MS: 1 PersAutoDict- DE: "\377\377"-
#3259	NEW    cov: 3194 ft: 6058 corp: 295/8192b lim: 110 exec/s: 1629 rss: 79Mb L: 29/110 MS: 2 CrossOver-ShuffleBytes-
#3260	NEW    cov: 3202 ft: 6066 corp: 296/8212b lim: 110 exec/s: 1630 rss: 79Mb L: 20/110 MS: 1 PersAutoDict- DE: "\000\000\000\000\000\000\000\000"-
#3261	NEW    cov: 3202 ft: 6070 corp: 297/8236b lim: 110 exec/s: 1630 rss: 79Mb L: 24/110 MS: 1 InsertRepeatedBytes-
#3262	NEW    cov: 3203 ft: 6074 corp: 298/8244b lim: 110 exec/s: 1631 rss: 79Mb L: 8/110 MS: 1 CMP- DE: "\001\0000\026"-
#3279	REDUCE cov: 3203 ft: 6074 corp: 298/8230b lim: 110 exec/s: 1639 rss: 79Mb L: 86/110 MS: 2 InsertRepeatedBytes-EraseBytes-
#3290	NEW    cov: 3203 ft: 6077 corp: 299/8243b lim: 110 exec/s: 1645 rss: 79Mb L: 13/110 MS: 1 CrossOver-
#3314	NEW    cov: 3203 ft: 6080 corp: 300/8308b lim: 110 exec/s: 1657 rss: 79Mb L: 65/110 MS: 4 ChangeByte-ChangeByte-ShuffleBytes-PersAutoDict- DE: "foo\" :"-
#3325	NEW    cov: 3205 ft: 6082 corp: 301/8310b lim: 110 exec/s: 1662 rss: 79Mb L: 2/110 MS: 1 ChangeBinInt-
#3326	NEW    cov: 3205 ft: 6083 corp: 302/8332b lim: 110 exec/s: 1663 rss: 79Mb L: 22/110 MS: 1 InsertByte-
#3332	NEW    cov: 3205 ft: 6084 corp: 303/8342b lim: 110 exec/s: 1666 rss: 79Mb L: 10/110 MS: 1 EraseBytes-
#3334	REDUCE cov: 3205 ft: 6085 corp: 304/8364b lim: 110 exec/s: 1667 rss: 79Mb L: 22/110 MS: 2 ChangeBinInt-ChangeBinInt-
#3338	NEW    cov: 3205 ft: 6086 corp: 305/8473b lim: 110 exec/s: 1669 rss: 79Mb L: 109/110 MS: 4 EraseBytes-CopyPart-PersAutoDict-InsertRepeatedBytes- DE: "foo\" :"-
#3376	REDUCE cov: 3205 ft: 6086 corp: 305/8450b lim: 110 exec/s: 1688 rss: 80Mb L: 34/110 MS: 3 CopyPart-CopyPart-EraseBytes-
#3395	REDUCE cov: 3205 ft: 6086 corp: 305/8419b lim: 110 exec/s: 1697 rss: 80Mb L: 67/110 MS: 4 CopyPart-InsertRepeatedBytes-CMP-EraseBytes- DE: "\001\000\000\000\000\000\000k"-
#3405	NEW    cov: 3206 ft: 6089 corp: 306/8423b lim: 110 exec/s: 1702 rss: 80Mb L: 4/110 MS: 5 ChangeBinInt-ShuffleBytes-ChangeASCIIInt-ShuffleBytes-EraseBytes-
#3406	REDUCE cov: 3206 ft: 6089 corp: 306/8420b lim: 110 exec/s: 1703 rss: 80Mb L: 4/110 MS: 1 EraseBytes-
#3410	NEW    cov: 3206 ft: 6090 corp: 307/8509b lim: 110 exec/s: 1705 rss: 80Mb L: 89/110 MS: 4 ChangeByte-ChangeBinInt-ChangeBit-CrossOver-
#3427	NEW    cov: 3207 ft: 6091 corp: 308/8598b lim: 110 exec/s: 1713 rss: 80Mb L: 89/110 MS: 2 CopyPart-CopyPart-
#3449	REDUCE cov: 3207 ft: 6091 corp: 308/8590b lim: 110 exec/s: 1724 rss: 80Mb L: 42/110 MS: 2 ChangeByte-EraseBytes-
#3457	NEW    cov: 3207 ft: 6099 corp: 309/8610b lim: 110 exec/s: 1728 rss: 80Mb L: 20/110 MS: 3 PersAutoDict-ShuffleBytes-ChangeBit- DE: "\001\0000\026"-
#3480	REDUCE cov: 3207 ft: 6099 corp: 309/8608b lim: 110 exec/s: 1740 rss: 80Mb L: 41/110 MS: 3 ChangeBinInt-CrossOver-EraseBytes-
#3494	NEW    cov: 3219 ft: 6111 corp: 310/8711b lim: 110 exec/s: 1747 rss: 80Mb L: 103/110 MS: 4 CrossOver-CopyPart-InsertByte-CrossOver-
#3510	NEW    cov: 3219 ft: 6117 corp: 311/8724b lim: 110 exec/s: 1755 rss: 80Mb L: 13/110 MS: 1 CrossOver-
#3518	REDUCE cov: 3219 ft: 6117 corp: 311/8723b lim: 110 exec/s: 1759 rss: 80Mb L: 14/110 MS: 3 ChangeASCIIInt-ChangeBit-EraseBytes-
#3535	NEW    cov: 3219 ft: 6120 corp: 312/8782b lim: 110 exec/s: 1767 rss: 81Mb L: 59/110 MS: 2 ShuffleBytes-CMP- DE: "\000\000\200\002"-
#3538	REDUCE cov: 3219 ft: 6120 corp: 312/8779b lim: 110 exec/s: 1769 rss: 81Mb L: 62/110 MS: 3 ChangeByte-ChangeASCIIInt-EraseBytes-
#3559	NEW    cov: 3227 ft: 6128 corp: 313/8798b lim: 110 exec/s: 1779 rss: 81Mb L: 19/110 MS: 1 CMP- DE: "\017\000\000\000\000\000\000\000"-
#3560	REDUCE cov: 3228 ft: 6129 corp: 314/8803b lim: 110 exec/s: 1780 rss: 81Mb L: 5/110 MS: 1 EraseBytes-
#3563	REDUCE cov: 3228 ft: 6129 corp: 314/8802b lim: 110 exec/s: 1781 rss: 81Mb L: 6/110 MS: 3 CMP-ChangeASCIIInt-EraseBytes- DE: "abc"-
#3580	NEW    cov: 3228 ft: 6131 corp: 315/8817b lim: 110 exec/s: 1790 rss: 81Mb L: 15/110 MS: 2 ChangeByte-ChangeBit-
#3603	REDUCE cov: 3228 ft: 6131 corp: 315/8815b lim: 110 exec/s: 1801 rss: 81Mb L: 6/110 MS: 3 ShuffleBytes-EraseBytes-CMP- DE: "\377\377"-
#3614	NEW    cov: 3229 ft: 6169 corp: 316/8835b lim: 110 exec/s: 1807 rss: 81Mb L: 20/110 MS: 1 ChangeBinInt-
#3615	NEW    cov: 3229 ft: 6170 corp: 317/8857b lim: 110 exec/s: 1807 rss: 81Mb L: 22/110 MS: 1 ChangeBinInt-
#3623	NEW    cov: 3229 ft: 6172 corp: 318/8923b lim: 110 exec/s: 1811 rss: 81Mb L: 66/110 MS: 3 ChangeBit-CopyPart-EraseBytes-
#3632	REDUCE cov: 3229 ft: 6172 corp: 318/8920b lim: 110 exec/s: 1816 rss: 81Mb L: 12/110 MS: 4 InsertRepeatedBytes-InsertByte-ChangeByte-EraseBytes-
#3633	REDUCE cov: 3229 ft: 6172 corp: 318/8916b lim: 110 exec/s: 1816 rss: 81Mb L: 6/110 MS: 1 EraseBytes-
#3645	REDUCE cov: 3229 ft: 6172 corp: 318/8901b lim: 110 exec/s: 1822 rss: 81Mb L: 50/110 MS: 2 EraseBytes-EraseBytes-
#3671	NEW    cov: 3231 ft: 6174 corp: 319/8944b lim: 110 exec/s: 1835 rss: 82Mb L: 43/110 MS: 1 InsertRepeatedBytes-
#3692	NEW    cov: 3231 ft: 6193 corp: 320/8976b lim: 110 exec/s: 1846 rss: 82Mb L: 32/110 MS: 1 CrossOver-
#3694	REDUCE cov: 3231 ft: 6193 corp: 320/8941b lim: 110 exec/s: 1847 rss: 82Mb L: 73/110 MS: 2 ChangeByte-EraseBytes-
#3721	NEW    cov: 3235 ft: 6197 corp: 321/8943b lim: 110 exec/s: 1860 rss: 82Mb L: 2/110 MS: 2 ShuffleBytes-ChangeByte-
#3730	REDUCE cov: 3235 ft: 6197 corp: 321/8926b lim: 110 exec/s: 1865 rss: 82Mb L: 51/110 MS: 4 ShuffleBytes-InsertRepeatedBytes-ShuffleBytes-CrossOver-
#3786	REDUCE cov: 3235 ft: 6199 corp: 322/8936b lim: 110 exec/s: 1893 rss: 82Mb L: 10/110 MS: 1 EraseBytes-
#3808	NEW    cov: 3235 ft: 6200 corp: 323/8942b lim: 110 exec/s: 1904 rss: 82Mb L: 6/110 MS: 2 ChangeBinInt-EraseBytes-
#3820	NEW    cov: 3236 ft: 6206 corp: 324/8967b lim: 110 exec/s: 1910 rss: 82Mb L: 25/110 MS: 2 InsertByte-PersAutoDict- DE: "\001\0000\026"-
#3827	NEW    cov: 3236 ft: 6212 corp: 325/9001b lim: 110 exec/s: 1913 rss: 82Mb L: 34/110 MS: 2 InsertByte-ChangeBinInt-
#3844	NEW    cov: 3237 ft: 6213 corp: 326/9110b lim: 110 exec/s: 1922 rss: 82Mb L: 109/110 MS: 2 InsertByte-InsertRepeatedBytes-
#3874	NEW    cov: 3237 ft: 6216 corp: 327/9209b lim: 110 exec/s: 1937 rss: 82Mb L: 99/110 MS: 5 ShuffleBytes-ChangeBinInt-ShuffleBytes-ShuffleBytes-InsertRepeatedBytes-
#3891	NEW    cov: 3237 ft: 6217 corp: 328/9220b lim: 110 exec/s: 1945 rss: 82Mb L: 11/110 MS: 2 ChangeASCIIInt-EraseBytes-
#3903	REDUCE cov: 3237 ft: 6217 corp: 328/9200b lim: 110 exec/s: 1951 rss: 83Mb L: 31/110 MS: 2 PersAutoDict-EraseBytes- DE: "\000\000\000\000"-
#3906	NEW    cov: 3241 ft: 6221 corp: 329/9222b lim: 110 exec/s: 1953 rss: 83Mb L: 22/110 MS: 3 ChangeByte-PersAutoDict-EraseBytes- DE: "\\u"-
#3948	NEW    cov: 3242 ft: 6222 corp: 330/9242b lim: 110 exec/s: 1974 rss: 83Mb L: 20/110 MS: 2 ChangeBit-InsertByte-
#3951	NEW    cov: 3242 ft: 6227 corp: 331/9267b lim: 110 exec/s: 1975 rss: 83Mb L: 25/110 MS: 3 ChangeASCIIInt-EraseBytes-CopyPart-
#3953	NEW    cov: 3242 ft: 6231 corp: 332/9282b lim: 110 exec/s: 1976 rss: 83Mb L: 15/110 MS: 2 ChangeBit-ChangeByte-
#3956	NEW    cov: 3243 ft: 6232 corp: 333/9378b lim: 110 exec/s: 1978 rss: 83Mb L: 96/110 MS: 3 ChangeBit-ChangeByte-CrossOver-
#3960	REDUCE cov: 3243 ft: 6232 corp: 333/9365b lim: 110 exec/s: 1980 rss: 83Mb L: 48/110 MS: 4 CopyPart-CrossOver-CrossOver-EraseBytes-
#3976	REDUCE cov: 3243 ft: 6232 corp: 333/9364b lim: 110 exec/s: 1988 rss: 83Mb L: 6/110 MS: 1 EraseBytes-
#4012	NEW    cov: 3243 ft: 6237 corp: 334/9433b lim: 110 exec/s: 2006 rss: 83Mb L: 69/110 MS: 1 ChangeBit-
#4029	NEW    cov: 3244 ft: 6238 corp: 335/9448b lim: 110 exec/s: 2014 rss: 83Mb L: 15/110 MS: 2 ChangeBinInt-CMP- DE: "\366\377\377\377"-
#4055	NEW    cov: 3244 ft: 6239 corp: 336/9464b lim: 110 exec/s: 2027 rss: 83Mb L: 16/110 MS: 1 InsertByte-
#4068	NEW    cov: 3245 ft: 6240 corp: 337/9480b lim: 110 exec/s: 2034 rss: 83Mb L: 16/110 MS: 3 ChangeByte-PersAutoDict-CrossOver- DE: "\000\000\000\000"-
#4074	NEW    cov: 3246 ft: 6241 corp: 338/9494b lim: 110 exec/s: 2037 rss: 84Mb L: 14/110 MS: 1 CopyPart-
#4080	NEW    cov: 3246 ft: 6252 corp: 339/9537b lim: 110 exec/s: 2040 rss: 84Mb L: 43/110 MS: 1 InsertRepeatedBytes-
#4081	REDUCE cov: 3246 ft: 6252 corp: 339/9534b lim: 110 exec/s: 2040 rss: 84Mb L: 12/110 MS: 1 EraseBytes-
#4082	NEW    cov: 3246 ft: 6254 corp: 340/9542b lim: 110 exec/s: 2041 rss: 84Mb L: 8/110 MS: 1 EraseBytes-
#4085	REDUCE cov: 3246 ft: 6254 corp: 340/9539b lim: 110 exec/s: 2042 rss: 84Mb L: 11/110 MS: 3 InsertByte-EraseBytes-EraseBytes-
#4096	pulse  cov: 3246 ft: 6254 corp: 340/9539b lim: 110 exec/s: 2048 rss: 84Mb
#4109	NEW    cov: 3246 ft: 6255 corp: 341/9649b lim: 110 exec/s: 2054 rss: 84Mb L: 110/110 MS: 4 ChangeASCIIInt-CMP-ChangeASCIIInt-InsertRepeatedBytes- DE: "\000\000\000\000\000\000\000\000"-
#4125	NEW    cov: 3248 ft: 6265 corp: 342/9698b lim: 110 exec/s: 2062 rss: 84Mb L: 49/110 MS: 1 InsertRepeatedBytes-
#4170	REDUCE cov: 3248 ft: 6265 corp: 342/9684b lim: 110 exec/s: 2085 rss: 84Mb L: 59/110 MS: 5 ShuffleBytes-ShuffleBytes-CMP-CMP-EraseBytes- DE: "\000\000\000\000\000\000\000)"-"\000\000\003\310i&\032\202"-
#4190	NEW    cov: 3252 ft: 6271 corp: 343/9699b lim: 110 exec/s: 2095 rss: 84Mb L: 15/110 MS: 5 PersAutoDict-ChangeBinInt-EraseBytes-ShuffleBytes-CrossOver- DE: "abc"-
#4231	REDUCE cov: 3252 ft: 6272 corp: 344/9748b lim: 110 exec/s: 2115 rss: 84Mb L: 49/110 MS: 1 CrossOver-
#4248	NEW    cov: 3252 ft: 6276 corp: 345/9771b lim: 110 exec/s: 2124 rss: 84Mb L: 23/110 MS: 2 ChangeBit-PersAutoDict- DE: "\000\000\000\000\000\000\000\000"-
#4250	NEW    cov: 3252 ft: 6283 corp: 346/9871b lim: 110 exec/s: 2125 rss: 85Mb L: 100/110 MS: 2 InsertByte-ChangeBinInt-
#4261	NEW    cov: 3252 ft: 6286 corp: 347/9976b lim: 110 exec/s: 2130 rss: 85Mb L: 105/110 MS: 1 ChangeBit-
#4278	NEW    cov: 3252 ft: 6287 corp: 348/9981b lim: 110 exec/s: 2139 rss: 85Mb L: 5/110 MS: 2 ChangeByte-CopyPart-
#4279	REDUCE cov: 3252 ft: 6287 corp: 348/9978b lim: 110 exec/s: 2139 rss: 85Mb L: 15/110 MS: 1 EraseBytes-
#4305	NEW    cov: 3252 ft: 6291 corp: 349/9988b lim: 110 exec/s: 1435 rss: 85Mb L: 10/110 MS: 1 EraseBytes-
#4333	REDUCE cov: 3252 ft: 6291 corp: 349/9977b lim: 110 exec/s: 1444 rss: 85Mb L: 20/110 MS: 3 PersAutoDict-InsertByte-EraseBytes- DE: "\000\000\000\034"-
#4380	REDUCE cov: 3252 ft: 6291 corp: 349/9972b lim: 110 exec/s: 1460 rss: 85Mb L: 10/110 MS: 2 CopyPart-EraseBytes-
#4395	NEW    cov: 3254 ft: 6293 corp: 350/9973b lim: 110 exec/s: 1465 rss: 85Mb L: 1/110 MS: 5 EraseBytes-ShuffleBytes-ChangeBit-CrossOver-EraseBytes-
#4396	NEW    cov: 3256 ft: 6295 corp: 351/9975b lim: 110 exec/s: 1465 rss: 85Mb L: 2/110 MS: 1 EraseBytes-
#4422	REDUCE cov: 3256 ft: 6295 corp: 351/9971b lim: 110 exec/s: 1474 rss: 85Mb L: 11/110 MS: 1 EraseBytes-
#4423	NEW    cov: 3256 ft: 6296 corp: 352/10056b lim: 110 exec/s: 1474 rss: 85Mb L: 85/110 MS: 1 InsertRepeatedBytes-
#4434	NEW    cov: 3256 ft: 6297 corp: 353/10080b lim: 110 exec/s: 1478 rss: 85Mb L: 24/110 MS: 1 PersAutoDict- DE: "\000\000\003\310i&\032\202"-
#4450	NEW    cov: 3256 ft: 6308 corp: 354/10098b lim: 110 exec/s: 1483 rss: 85Mb L: 18/110 MS: 1 CMP- DE: "\021\000\000\000\000\000\000\000"-
#4456	NEW    cov: 3264 ft: 6316 corp: 355/10132b lim: 110 exec/s: 1485 rss: 86Mb L: 34/110 MS: 1 InsertRepeatedBytes-
#4458	NEW    cov: 3264 ft: 6318 corp: 356/10241b lim: 110 exec/s: 1486 rss: 86Mb L: 109/110 MS: 2 PersAutoDict-ChangeByte- DE: "\377\377\377\377"-
#4505	REDUCE cov: 3264 ft: 6318 corp: 356/10225b lim: 110 exec/s: 1501 rss: 86Mb L: 94/110 MS: 2 CopyPart-EraseBytes-
#4520	NEW    cov: 3264 ft: 6320 corp: 357/10312b lim: 110 exec/s: 1506 rss: 86Mb L: 87/110 MS: 5 InsertByte-ChangeBinInt-CMP-CMP-PersAutoDict- DE: "\025\000\000\000\000\000\000\000"-"\001\000\000\000\000\000\000\001"-"\000\000\200\002"-
#4523	NEW    cov: 3264 ft: 6325 corp: 358/10318b lim: 110 exec/s: 1507 rss: 86Mb L: 6/110 MS: 3 CopyPart-ChangeASCIIInt-CopyPart-
#4527	REDUCE cov: 3264 ft: 6325 corp: 358/10317b lim: 110 exec/s: 1509 rss: 86Mb L: 17/110 MS: 4 CrossOver-InsertByte-ChangeByte-EraseBytes-
#4558	REDUCE cov: 3266 ft: 6329 corp: 359/10327b lim: 110 exec/s: 1519 rss: 86Mb L: 10/110 MS: 1 CrossOver-
#4579	NEW    cov: 3266 ft: 6330 corp: 360/10339b lim: 110 exec/s: 1526 rss: 86Mb L: 12/110 MS: 1 ChangeBit-
#4611	NEW    cov: 3266 ft: 6333 corp: 361/10449b lim: 110 exec/s: 1537 rss: 86Mb L: 110/110 MS: 2 ChangeBinInt-ChangeByte-
#4626	REDUCE cov: 3266 ft: 6333 corp: 361/10439b lim: 110 exec/s: 1542 rss: 86Mb L: 13/110 MS: 5 CopyPart-ChangeBinInt-InsertByte-CopyPart-EraseBytes-
#4630	NEW    cov: 3266 ft: 6334 corp: 362/10549b lim: 110 exec/s: 1543 rss: 86Mb L: 110/110 MS: 4 ChangeBinInt-ChangeBinInt-ChangeBit-CopyPart-
#4660	REDUCE cov: 3266 ft: 6334 corp: 362/10548b lim: 110 exec/s: 1553 rss: 86Mb L: 28/110 MS: 5 InsertByte-ChangeBinInt-ChangeByte-ChangeASCIIInt-EraseBytes-
#4676	NEW    cov: 3267 ft: 6335 corp: 363/10559b lim: 110 exec/s: 1558 rss: 87Mb L: 11/110 MS: 1 InsertByte-
#4697	NEW    cov: 3267 ft: 6337 corp: 364/10662b lim: 110 exec/s: 1565 rss: 87Mb L: 103/110 MS: 1 CopyPart-
#4698	NEW    cov: 3269 ft: 6339 corp: 365/10747b lim: 110 exec/s: 1566 rss: 87Mb L: 85/110 MS: 1 ChangeBit-
#4728	NEW    cov: 3269 ft: 6340 corp: 366/10761b lim: 110 exec/s: 1576 rss: 87Mb L: 14/110 MS: 5 CMP-ChangeBit-InsertByte-CopyPart-EraseBytes- DE: "\001\000\000\000"-
#4776	NEW    cov: 3269 ft: 6343 corp: 367/10836b lim: 110 exec/s: 1592 rss: 87Mb L: 75/110 MS: 3 ShuffleBytes-InsertByte-ChangeByte-
#4787	NEW    cov: 3270 ft: 6347 corp: 368/10862b lim: 110 exec/s: 1595 rss: 87Mb L: 26/110 MS: 1 InsertRepeatedBytes-
#4798	NEW    cov: 3274 ft: 6357 corp: 369/10897b lim: 110 exec/s: 1599 rss: 87Mb L: 35/110 MS: 1 ChangeBinInt-
#4867	REDUCE cov: 3274 ft: 6357 corp: 369/10892b lim: 110 exec/s: 1622 rss: 87Mb L: 23/110 MS: 4 CrossOver-ChangeByte-CMP-CrossOver- DE: "\001\000\000\000\000\000\000+"-
#4895	NEW    cov: 3274 ft: 6358 corp: 370/10976b lim: 110 exec/s: 1631 rss: 87Mb L: 84/110 MS: 3 ChangeBinInt-ShuffleBytes-CrossOver-
#4902	NEW    cov: 3274 ft: 6365 corp: 371/10982b lim: 110 exec/s: 1634 rss: 87Mb L: 6/110 MS: 2 ChangeASCIIInt-ChangeByte-
#4910	NEW    cov: 3274 ft: 6366 corp: 372/11060b lim: 110 exec/s: 1636 rss: 88Mb L: 78/110 MS: 3 ChangeBit-InsertRepeatedBytes-ChangeBinInt-
#4916	NEW    cov: 3274 ft: 6372 corp: 373/11071b lim: 110 exec/s: 1638 rss: 88Mb L: 11/110 MS: 1 ChangeBinInt-
#4919	NEW    cov: 3274 ft: 6373 corp: 374/11181b lim: 110 exec/s: 1639 rss: 88Mb L: 110/110 MS: 3 ChangeBit-ChangeBinInt-CMP- DE: "n\000\000\000\000\000\000\000"-
#4936	REDUCE cov: 3274 ft: 6373 corp: 374/11171b lim: 110 exec/s: 1645 rss: 88Mb L: 21/110 MS: 2 CopyPart-EraseBytes-
#4982	NEW    cov: 3275 ft: 6374 corp: 375/11195b lim: 110 exec/s: 1660 rss: 88Mb L: 24/110 MS: 1 CMP- DE: "\377\377\321M"-
#4987	NEW    cov: 3275 ft: 6378 corp: 376/11239b lim: 110 exec/s: 1662 rss: 88Mb L: 44/110 MS: 5 EraseBytes-CopyPart-ChangeASCIIInt-PersAutoDict-PersAutoDict- DE: "\001\000\000\000"-"\021\000\000\000\000\000\000\000"-
#5018	REDUCE cov: 3275 ft: 6378 corp: 376/11232b lim: 110 exec/s: 1672 rss: 88Mb L: 103/110 MS: 1 EraseBytes-
#5128	NEW    cov: 3275 ft: 6379 corp: 377/11338b lim: 110 exec/s: 1709 rss: 88Mb L: 106/110 MS: 5 InsertByte-ChangeASCIIInt-ShuffleBytes-CopyPart-CopyPart-
#5145	REDUCE cov: 3275 ft: 6379 corp: 377/11331b lim: 110 exec/s: 1715 rss: 89Mb L: 82/110 MS: 2 ChangeBinInt-EraseBytes-
#5176	REDUCE cov: 3275 ft: 6379 corp: 377/11325b lim: 110 exec/s: 1725 rss: 89Mb L: 10/110 MS: 1 EraseBytes-
#5192	NEW    cov: 3275 ft: 6382 corp: 378/11376b lim: 110 exec/s: 1730 rss: 89Mb L: 51/110 MS: 1 CrossOver-
#5198	REDUCE cov: 3275 ft: 6382 corp: 378/11374b lim: 110 exec/s: 1732 rss: 89Mb L: 11/110 MS: 1 EraseBytes-
#5209	REDUCE cov: 3275 ft: 6383 corp: 379/11385b lim: 110 exec/s: 1736 rss: 89Mb L: 11/110 MS: 1 InsertByte-
#5211	NEW    cov: 3276 ft: 6384 corp: 380/11396b lim: 110 exec/s: 1737 rss: 89Mb L: 11/110 MS: 2 CMP-ShuffleBytes- DE: "\377\377\377\006"-
#5222	NEW    cov: 3276 ft: 6386 corp: 381/11429b lim: 110 exec/s: 1740 rss: 89Mb L: 33/110 MS: 1 ChangeBinInt-
#5283	NEW    cov: 3276 ft: 6388 corp: 382/11539b lim: 110 exec/s: 1761 rss: 89Mb L: 110/110 MS: 1 PersAutoDict- DE: "\000\000\003\310i&\032\202"-
#5284	REDUCE cov: 3276 ft: 6388 corp: 382/11537b lim: 110 exec/s: 1761 rss: 89Mb L: 49/110 MS: 1 EraseBytes-
#5285	NEW    cov: 3276 ft: 6389 corp: 383/11642b lim: 110 exec/s: 1761 rss: 89Mb L: 105/110 MS: 1 PersAutoDict- DE: "\001\000\000\000\000\000\000+"-
#5306	NEW    cov: 3277 ft: 6390 corp: 384/11651b lim: 110 exec/s: 1768 rss: 89Mb L: 9/110 MS: 1 EraseBytes-
#5310	NEW    cov: 3279 ft: 6394 corp: 385/11705b lim: 110 exec/s: 1770 rss: 90Mb L: 54/110 MS: 4 InsertRepeatedBytes-CMP-InsertByte-ChangeByte- DE: "\001\000\000\000"-
#5314	REDUCE cov: 3279 ft: 6394 corp: 385/11701b lim: 110 exec/s: 1771 rss: 90Mb L: 21/110 MS: 4 PersAutoDict-ChangeASCIIInt-CMP-EraseBytes- DE: "\021\000\000\000\000\000\000\000"-"UniT"-
#5320	REDUCE cov: 3279 ft: 6394 corp: 385/11700b lim: 110 exec/s: 1773 rss: 90Mb L: 99/110 MS: 1 EraseBytes-
#5327	NEW    cov: 3279 ft: 6397 corp: 386/11706b lim: 110 exec/s: 1775 rss: 90Mb L: 6/110 MS: 2 ShuffleBytes-ShuffleBytes-
#5334	NEW    cov: 3279 ft: 6398 corp: 387/11719b lim: 110 exec/s: 1778 rss: 90Mb L: 13/110 MS: 2 PersAutoDict-InsertByte- DE: "UniT"-
#5346	NEW    cov: 3279 ft: 6401 corp: 388/11806b lim: 110 exec/s: 1782 rss: 90Mb L: 87/110 MS: 2 CMP-CopyPart- DE: "tru\036\036"-
#5382	NEW    cov: 3287 ft: 6412 corp: 389/11842b lim: 110 exec/s: 1794 rss: 90Mb L: 36/110 MS: 1 InsertByte-
#5387	REDUCE cov: 3287 ft: 6412 corp: 389/11840b lim: 110 exec/s: 1795 rss: 90Mb L: 8/110 MS: 5 CrossOver-CopyPart-ShuffleBytes-CMP-EraseBytes- DE: "\377\377\377\367"-
#5388	REDUCE cov: 3287 ft: 6412 corp: 389/11835b lim: 110 exec/s: 1796 rss: 90Mb L: 11/110 MS: 1 EraseBytes-
#5409	REDUCE cov: 3287 ft: 6412 corp: 389/11822b lim: 110 exec/s: 1803 rss: 90Mb L: 11/110 MS: 1 CrossOver-
#5413	NEW    cov: 3287 ft: 6413 corp: 390/11841b lim: 110 exec/s: 1804 rss: 90Mb L: 19/110 MS: 4 CrossOver-ChangeByte-CopyPart-EraseBytes-
#5435	NEW    cov: 3287 ft: 6414 corp: 391/11913b lim: 110 exec/s: 1811 rss: 90Mb L: 72/110 MS: 2 ChangeBinInt-CrossOver-
#5436	REDUCE cov: 3287 ft: 6416 corp: 392/11924b lim: 110 exec/s: 1812 rss: 90Mb L: 11/110 MS: 1 EraseBytes-
#5465	NEW    cov: 3291 ft: 6436 corp: 393/11968b lim: 110 exec/s: 1821 rss: 91Mb L: 44/110 MS: 4 InsertByte-PersAutoDict-EraseBytes-CopyPart- DE: "\000\000\000\000\000\000\000)"-
#5472	NEW    cov: 3291 ft: 6437 corp: 394/11997b lim: 110 exec/s: 1824 rss: 91Mb L: 29/110 MS: 2 CMP-ChangeBit- DE: "true:"-
#5498	REDUCE cov: 3291 ft: 6437 corp: 394/11994b lim: 110 exec/s: 1832 rss: 91Mb L: 15/110 MS: 1 EraseBytes-
#5517	REDUCE cov: 3291 ft: 6437 corp: 394/11983b lim: 110 exec/s: 1839 rss: 91Mb L: 23/110 MS: 4 PersAutoDict-InsertRepeatedBytes-ChangeBit-CrossOver- DE: "\000\000\003\310i&\032\202"-
#5548	NEW    cov: 3291 ft: 6438 corp: 395/12071b lim: 110 exec/s: 1849 rss: 91Mb L: 88/110 MS: 1 CrossOver-
#5549	NEW    cov: 3291 ft: 6441 corp: 396/12084b lim: 110 exec/s: 1849 rss: 91Mb L: 13/110 MS: 1 EraseBytes-
#5590	NEW    cov: 3291 ft: 6442 corp: 397/12171b lim: 110 exec/s: 1863 rss: 91Mb L: 87/110 MS: 1 EraseBytes-
#5603	REDUCE cov: 3291 ft: 6443 corp: 398/12184b lim: 110 exec/s: 1867 rss: 91Mb L: 13/110 MS: 3 ChangeBit-EraseBytes-CopyPart-
#5640	NEW    cov: 3291 ft: 6447 corp: 399/12288b lim: 110 exec/s: 1880 rss: 91Mb L: 104/110 MS: 2 ShuffleBytes-CrossOver-
#5642	NEW    cov: 3291 ft: 6448 corp: 400/12305b lim: 110 exec/s: 1880 rss: 91Mb L: 17/110 MS: 2 ChangeBinInt-CrossOver-
#5644	NEW    cov: 3291 ft: 6449 corp: 401/12389b lim: 110 exec/s: 1881 rss: 91Mb L: 84/110 MS: 2 ChangeBinInt-EraseBytes-
#5650	NEW    cov: 3291 ft: 6451 corp: 402/12471b lim: 110 exec/s: 1883 rss: 91Mb L: 82/110 MS: 1 ShuffleBytes-
#5656	NEW    cov: 3292 ft: 6452 corp: 403/12503b lim: 110 exec/s: 1885 rss: 91Mb L: 32/110 MS: 1 InsertRepeatedBytes-
#5692	NEW    cov: 3292 ft: 6453 corp: 404/12514b lim: 110 exec/s: 1897 rss: 92Mb L: 11/110 MS: 1 CopyPart-
#5697	NEW    cov: 3292 ft: 6454 corp: 405/12549b lim: 110 exec/s: 1899 rss: 92Mb L: 35/110 MS: 5 PersAutoDict-InsertRepeatedBytes-InsertByte-ChangeBinInt-EraseBytes- DE: "\000\000\000\000"-
#5724	REDUCE cov: 3292 ft: 6454 corp: 405/12523b lim: 110 exec/s: 1908 rss: 92Mb L: 61/110 MS: 2 ShuffleBytes-EraseBytes-
#5729	REDUCE cov: 3292 ft: 6454 corp: 405/12502b lim: 110 exec/s: 1909 rss: 92Mb L: 51/110 MS: 5 ChangeBit-ShuffleBytes-ChangeByte-CrossOver-EraseBytes-
#5792	NEW    cov: 3293 ft: 6455 corp: 406/12512b lim: 110 exec/s: 1930 rss: 92Mb L: 10/110 MS: 3 ChangeASCIIInt-ChangeBit-EraseBytes-
#5850	NEW    cov: 3293 ft: 6456 corp: 407/12537b lim: 110 exec/s: 1950 rss: 92Mb L: 25/110 MS: 3 ChangeASCIIInt-CrossOver-ChangeBinInt-
#5853	REDUCE cov: 3301 ft: 6467 corp: 408/12546b lim: 110 exec/s: 1951 rss: 92Mb L: 9/110 MS: 3 ChangeByte-CrossOver-ChangeBinInt-
#5904	NEW    cov: 3301 ft: 6469 corp: 409/12647b lim: 110 exec/s: 1968 rss: 93Mb L: 101/110 MS: 1 InsertRepeatedBytes-
#5990	NEW    cov: 3301 ft: 6470 corp: 410/12731b lim: 110 exec/s: 1996 rss: 93Mb L: 84/110 MS: 1 ChangeByte-
#6052	NEW    cov: 3302 ft: 6474 corp: 411/12841b lim: 110 exec/s: 2017 rss: 93Mb L: 110/110 MS: 2 CopyPart-ShuffleBytes-
#6055	REDUCE cov: 3302 ft: 6474 corp: 411/12818b lim: 110 exec/s: 2018 rss: 93Mb L: 75/110 MS: 3 PersAutoDict-ChangeBinInt-EraseBytes- DE: "n\000\000\000\000\000\000\000"-
#6061	NEW    cov: 3302 ft: 6475 corp: 412/12832b lim: 110 exec/s: 2020 rss: 93Mb L: 14/110 MS: 1 ShuffleBytes-
#6096	NEW    cov: 3303 ft: 6478 corp: 413/12851b lim: 110 exec/s: 2032 rss: 93Mb L: 19/110 MS: 5 CrossOver-ChangeByte-CopyPart-InsertByte-EraseBytes-
#6144	REDUCE cov: 3303 ft: 6478 corp: 413/12831b lim: 110 exec/s: 2048 rss: 93Mb L: 28/110 MS: 3 InsertByte-ShuffleBytes-EraseBytes-
#6186	NEW    cov: 3303 ft: 6479 corp: 414/12860b lim: 110 exec/s: 2062 rss: 93Mb L: 29/110 MS: 2 InsertRepeatedBytes-PersAutoDict- DE: "\000\000\000\000\000\000\000\016"-
#6223	REDUCE cov: 3303 ft: 6479 corp: 414/12836b lim: 110 exec/s: 2074 rss: 94Mb L: 77/110 MS: 2 PersAutoDict-EraseBytes- DE: "\001\000\000\000\000\000\000+"-
#6293	REDUCE cov: 3303 ft: 6479 corp: 414/12833b lim: 110 exec/s: 2097 rss: 94Mb L: 106/110 MS: 5 ShuffleBytes-CopyPart-ChangeByte-CopyPart-CrossOver-
#6326	NEW    cov: 3303 ft: 6480 corp: 415/12842b lim: 110 exec/s: 2108 rss: 94Mb L: 9/110 MS: 3 CMP-ChangeBit-EraseBytes- DE: "o\000\200\377"-
#6351	NEW    cov: 3303 ft: 6491 corp: 416/12864b lim: 110 exec/s: 2117 rss: 94Mb L: 22/110 MS: 5 ChangeASCIIInt-CopyPart-ChangeBinInt-ChangeASCIIInt-ShuffleBytes-
#6357	REDUCE cov: 3303 ft: 6491 corp: 416/12851b lim: 110 exec/s: 2119 rss: 94Mb L: 17/110 MS: 1 EraseBytes-
#6368	REDUCE cov: 3303 ft: 6491 corp: 416/12850b lim: 110 exec/s: 2122 rss: 94Mb L: 87/110 MS: 1 EraseBytes-
#6369	REDUCE cov: 3303 ft: 6491 corp: 416/12848b lim: 110 exec/s: 2123 rss: 94Mb L: 13/110 MS: 1 EraseBytes-
#6425	REDUCE cov: 3303 ft: 6491 corp: 416/12832b lim: 110 exec/s: 2141 rss: 94Mb L: 94/110 MS: 1 EraseBytes-
#6453	REDUCE cov: 3303 ft: 6491 corp: 416/12820b lim: 110 exec/s: 2151 rss: 94Mb L: 16/110 MS: 3 ChangeBinInt-CopyPart-EraseBytes-
#6490	NEW    cov: 3303 ft: 6492 corp: 417/12836b lim: 110 exec/s: 2163 rss: 95Mb L: 16/110 MS: 2 ChangeByte-CrossOver-
#6499	NEW    cov: 3303 ft: 6493 corp: 418/12870b lim: 110 exec/s: 2166 rss: 95Mb L: 34/110 MS: 4 InsertByte-ChangeASCIIInt-EraseBytes-EraseBytes-
#6506	NEW    cov: 3303 ft: 6499 corp: 419/12883b lim: 110 exec/s: 2168 rss: 95Mb L: 13/110 MS: 2 EraseBytes-CrossOver-
#6602	NEW    cov: 3303 ft: 6500 corp: 420/12974b lim: 110 exec/s: 2200 rss: 95Mb L: 91/110 MS: 1 InsertRepeatedBytes-
#6608	NEW    cov: 3304 ft: 6501 corp: 421/12991b lim: 110 exec/s: 2202 rss: 95Mb L: 17/110 MS: 1 CrossOver-
#6649	NEW    cov: 3304 ft: 6509 corp: 422/12998b lim: 110 exec/s: 2216 rss: 95Mb L: 7/110 MS: 1 ChangeBinInt-
#6688	NEW    cov: 3304 ft: 6515 corp: 423/13029b lim: 110 exec/s: 2229 rss: 95Mb L: 31/110 MS: 4 InsertRepeatedBytes-ShuffleBytes-ChangeBit-ChangeBit-
#6695	REDUCE cov: 3304 ft: 6515 corp: 423/13022b lim: 110 exec/s: 2231 rss: 95Mb L: 11/110 MS: 2 ChangeBinInt-EraseBytes-
#6703	REDUCE cov: 3304 ft: 6516 corp: 424/13088b lim: 110 exec/s: 2234 rss: 95Mb L: 66/110 MS: 3 ChangeBit-CrossOver-ChangeBinInt-
#6705	REDUCE cov: 3304 ft: 6516 corp: 424/13079b lim: 110 exec/s: 2235 rss: 96Mb L: 52/110 MS: 2 InsertRepeatedBytes-EraseBytes-
#6734	REDUCE cov: 3304 ft: 6521 corp: 425/13175b lim: 110 exec/s: 2244 rss: 96Mb L: 96/110 MS: 4 CrossOver-InsertRepeatedBytes-ChangeASCIIInt-PersAutoDict- DE: "\012\000\000\000\000\000\000\000"-
#6754	REDUCE cov: 3304 ft: 6521 corp: 425/13139b lim: 110 exec/s: 2251 rss: 96Mb L: 50/110 MS: 5 CopyPart-CrossOver-PersAutoDict-ShuffleBytes-EraseBytes- DE: "\001\000\000\000\000\000\000k"-
#6770	REDUCE cov: 3304 ft: 6521 corp: 425/13136b lim: 110 exec/s: 2256 rss: 96Mb L: 59/110 MS: 1 EraseBytes-
#6771	REDUCE cov: 3306 ft: 6526 corp: 426/13209b lim: 110 exec/s: 2257 rss: 96Mb L: 73/110 MS: 1 InsertRepeatedBytes-
#6772	NEW    cov: 3306 ft: 6528 corp: 427/13230b lim: 110 exec/s: 2257 rss: 96Mb L: 21/110 MS: 1 PersAutoDict- DE: "\017\000\000\000\000\000\000\000"-
#6778	NEW    cov: 3306 ft: 6529 corp: 428/13245b lim: 110 exec/s: 2259 rss: 96Mb L: 15/110 MS: 1 EraseBytes-
#6793	REDUCE cov: 3306 ft: 6529 corp: 428/13237b lim: 110 exec/s: 2264 rss: 96Mb L: 34/110 MS: 5 InsertByte-EraseBytes-InsertByte-CrossOver-InsertByte-
#6815	NEW    cov: 3306 ft: 6530 corp: 429/13256b lim: 110 exec/s: 2271 rss: 96Mb L: 19/110 MS: 2 ChangeBinInt-ChangeBinInt-
#6892	REDUCE cov: 3307 ft: 6531 corp: 430/13270b lim: 110 exec/s: 2297 rss: 96Mb L: 14/110 MS: 2 ShuffleBytes-EraseBytes-
#6899	REDUCE cov: 3307 ft: 6531 corp: 430/13239b lim: 110 exec/s: 2299 rss: 97Mb L: 72/110 MS: 2 InsertRepeatedBytes-EraseBytes-
#6934	REDUCE cov: 3307 ft: 6531 corp: 430/13234b lim: 110 exec/s: 2311 rss: 97Mb L: 10/110 MS: 5 CopyPart-CopyPart-PersAutoDict-CrossOver-EraseBytes- DE: "\377\377\377\000"-
#6946	NEW    cov: 3307 ft: 6535 corp: 431/13266b lim: 110 exec/s: 2315 rss: 97Mb L: 32/110 MS: 2 PersAutoDict-ShuffleBytes- DE: "o\000\000\000\000\000\000\000"-
#6985	NEW    cov: 3307 ft: 6536 corp: 432/13292b lim: 110 exec/s: 2328 rss: 97Mb L: 26/110 MS: 4 ChangeBit-ChangeASCIIInt-ChangeASCIIInt-PersAutoDict- DE: "\012\000\000\000\000\000\000\000"-
	NEW_FUNC[1/1]: 0x564ed775fb10 in serde_json::read::error::<serde_json::read::SliceRead, u8> /home/meme/.cargo/registry/src/index.crates.io-1949cf8c6b5b557f/serde_json-1.0.151/src/read.rs:860
#7002	NEW    cov: 3311 ft: 6542 corp: 433/13295b lim: 110 exec/s: 2334 rss: 97Mb L: 3/110 MS: 2 CopyPart-CrossOver-
#7010	NEW    cov: 3312 ft: 6543 corp: 434/13324b lim: 110 exec/s: 2336 rss: 97Mb L: 29/110 MS: 3 ChangeBit-CrossOver-CrossOver-
#7026	NEW    cov: 3314 ft: 6545 corp: 435/13344b lim: 110 exec/s: 2342 rss: 97Mb L: 20/110 MS: 1 ChangeBit-
#7059	REDUCE cov: 3314 ft: 6547 corp: 436/13359b lim: 110 exec/s: 2353 rss: 97Mb L: 15/110 MS: 3 CMP-ShuffleBytes-InsertByte- DE: "\001\000\000\000\000\000\000\000"-
#7082	REDUCE cov: 3314 ft: 6547 corp: 436/13353b lim: 110 exec/s: 2360 rss: 97Mb L: 9/110 MS: 3 CopyPart-ChangeBit-EraseBytes-
#7092	NEW    cov: 3314 ft: 6548 corp: 437/13364b lim: 110 exec/s: 2364 rss: 98Mb L: 11/110 MS: 5 ChangeBinInt-CopyPart-ShuffleBytes-ChangeByte-EraseBytes-
#7100	REDUCE cov: 3314 ft: 6548 corp: 437/13363b lim: 110 exec/s: 2366 rss: 98Mb L: 21/110 MS: 3 CrossOver-ChangeBit-EraseBytes-
#7126	NEW    cov: 3314 ft: 6552 corp: 438/13376b lim: 110 exec/s: 2375 rss: 98Mb L: 13/110 MS: 1 ChangeByte-
#7137	REDUCE cov: 3314 ft: 6554 corp: 439/13461b lim: 110 exec/s: 2379 rss: 98Mb L: 85/110 MS: 1 PersAutoDict- DE: "\012\000\000\000\000\000\000\000"-
#7186	NEW    cov: 3324 ft: 6564 corp: 440/13464b lim: 110 exec/s: 2395 rss: 98Mb L: 3/110 MS: 4 InsertByte-CopyPart-ChangeByte-CrossOver-
#7227	NEW    cov: 3328 ft: 6573 corp: 441/13484b lim: 110 exec/s: 2409 rss: 98Mb L: 20/110 MS: 1 ShuffleBytes-
#7254	NEW    cov: 3328 ft: 6576 corp: 442/13505b lim: 110 exec/s: 2418 rss: 98Mb L: 21/110 MS: 2 ChangeBit-CMP- DE: "\377\377\377\234"-
#7265	REDUCE cov: 3328 ft: 6576 corp: 442/13504b lim: 110 exec/s: 2421 rss: 98Mb L: 10/110 MS: 1 EraseBytes-
#7279	REDUCE cov: 3328 ft: 6576 corp: 442/13472b lim: 110 exec/s: 2426 rss: 98Mb L: 48/110 MS: 4 ChangeBit-ShuffleBytes-ChangeByte-EraseBytes-
#7281	REDUCE cov: 3328 ft: 6577 corp: 443/13570b lim: 110 exec/s: 2427 rss: 98Mb L: 98/110 MS: 2 CMP-ChangeByte- DE: "\000\000\000\000"-
#7300	NEW    cov: 3329 ft: 6585 corp: 444/13602b lim: 110 exec/s: 2433 rss: 99Mb L: 32/110 MS: 4 ChangeByte-InsertByte-InsertByte-PersAutoDict- DE: "\012\000\000\000\000\000\000\000"-
#7302	REDUCE cov: 3330 ft: 6614 corp: 445/13697b lim: 110 exec/s: 2434 rss: 99Mb L: 95/110 MS: 2 InsertByte-PersAutoDict- DE: "\001\000\000\000\000\000\000\000"-
#7409	NEW    cov: 3334 ft: 6618 corp: 446/13710b lim: 110 exec/s: 2469 rss: 99Mb L: 13/110 MS: 2 ChangeBit-CMP- DE: "true\""-
#7424	NEW    cov: 3334 ft: 6619 corp: 447/13763b lim: 110 exec/s: 2474 rss: 99Mb L: 53/110 MS: 5 ChangeBinInt-ChangeASCIIInt-InsertRepeatedBytes-CMP-PersAutoDict- DE: "\011\000"-"\012\000\000\000\000\000\000\000"-
#7470	REDUCE cov: 3334 ft: 6620 corp: 448/13849b lim: 110 exec/s: 2490 rss: 99Mb L: 86/110 MS: 1 InsertRepeatedBytes-
#7489	NEW    cov: 3334 ft: 6621 corp: 449/13881b lim: 110 exec/s: 2496 rss: 99Mb L: 32/110 MS: 4 CMP-CMP-ChangeBinInt-PersAutoDict- DE: "\001\000\000\000\000\000\000\000"-"\004\000\000\000\000\000\000\000"-"abc"-
#7491	REDUCE cov: 3334 ft: 6621 corp: 449/13860b lim: 110 exec/s: 2497 rss: 99Mb L: 64/110 MS: 2 InsertRepeatedBytes-EraseBytes-
#7523	NEW    cov: 3336 ft: 6628 corp: 450/13959b lim: 110 exec/s: 2507 rss: 100Mb L: 99/110 MS: 2 CopyPart-InsertByte-
#7533	REDUCE cov: 3352 ft: 6644 corp: 451/13971b lim: 110 exec/s: 2511 rss: 100Mb L: 12/110 MS: 5 CopyPart-ShuffleBytes-ChangeBinInt-ChangeBit-CopyPart-
#7582	NEW    cov: 3352 ft: 6645 corp: 452/13995b lim: 110 exec/s: 2527 rss: 100Mb L: 24/110 MS: 4 CMP-ShuffleBytes-ShuffleBytes-CrossOver- DE: "\377\377\0030"-
#7583	NEW    cov: 3352 ft: 6648 corp: 453/14101b lim: 110 exec/s: 2527 rss: 100Mb L: 106/110 MS: 1 InsertByte-
#7614	REDUCE cov: 3353 ft: 6652 corp: 454/14116b lim: 110 exec/s: 2538 rss: 100Mb L: 15/110 MS: 1 ChangeASCIIInt-
#7703	REDUCE cov: 3353 ft: 6652 corp: 454/14114b lim: 110 exec/s: 2567 rss: 100Mb L: 82/110 MS: 4 ChangeBit-ShuffleBytes-ChangeByte-CrossOver-
#7744	NEW    cov: 3353 ft: 6654 corp: 455/14133b lim: 110 exec/s: 2581 rss: 100Mb L: 19/110 MS: 1 PersAutoDict- DE: "\377\377\377\234"-
#7746	NEW    cov: 3354 ft: 6656 corp: 456/14149b lim: 110 exec/s: 2582 rss: 100Mb L: 16/110 MS: 2 ChangeByte-EraseBytes-
#7773	NEW    cov: 3354 ft: 6657 corp: 457/14256b lim: 110 exec/s: 2591 rss: 100Mb L: 107/110 MS: 2 CrossOver-CopyPart-
#7794	NEW    cov: 3354 ft: 6658 corp: 458/14355b lim: 110 exec/s: 2598 rss: 101Mb L: 99/110 MS: 1 ChangeBinInt-
#7826	NEW    cov: 3355 ft: 6659 corp: 459/14379b lim: 110 exec/s: 2608 rss: 101Mb L: 24/110 MS: 2 CopyPart-PersAutoDict- DE: "foo\" :"-
#7872	REDUCE cov: 3355 ft: 6659 corp: 459/14378b lim: 110 exec/s: 2624 rss: 101Mb L: 28/110 MS: 1 EraseBytes-
#7883	REDUCE cov: 3355 ft: 6659 corp: 459/14376b lim: 110 exec/s: 2627 rss: 101Mb L: 13/110 MS: 1 EraseBytes-
#7984	REDUCE cov: 3355 ft: 6659 corp: 459/14375b lim: 110 exec/s: 2661 rss: 101Mb L: 3/110 MS: 1 EraseBytes-
#7985	REDUCE cov: 3355 ft: 6659 corp: 459/14366b lim: 110 exec/s: 2661 rss: 101Mb L: 32/110 MS: 1 EraseBytes-
#7992	NEW    cov: 3357 ft: 6661 corp: 460/14426b lim: 110 exec/s: 2664 rss: 101Mb L: 60/110 MS: 2 CMP-InsertRepeatedBytes- DE: "false2"-
#8043	REDUCE cov: 3357 ft: 6662 corp: 461/14480b lim: 110 exec/s: 2681 rss: 102Mb L: 54/110 MS: 1 EraseBytes-
#8045	REDUCE cov: 3357 ft: 6662 corp: 461/14470b lim: 110 exec/s: 2681 rss: 102Mb L: 49/110 MS: 2 InsertByte-EraseBytes-
#8052	REDUCE cov: 3357 ft: 6662 corp: 461/14462b lim: 110 exec/s: 2684 rss: 102Mb L: 91/110 MS: 2 PersAutoDict-EraseBytes- DE: "\377\377\0030"-
#8057	NEW    cov: 3357 ft: 6663 corp: 462/14473b lim: 110 exec/s: 2685 rss: 102Mb L: 11/110 MS: 5 ChangeBit-ChangeBinInt-ChangeByte-ShuffleBytes-ChangeBit-
#8068	NEW    cov: 3357 ft: 6666 corp: 463/14522b lim: 110 exec/s: 2689 rss: 102Mb L: 49/110 MS: 1 ChangeBit-
#8069	REDUCE cov: 3358 ft: 6667 corp: 464/14528b lim: 110 exec/s: 2689 rss: 102Mb L: 6/110 MS: 1 ChangeBinInt-
#8070	NEW    cov: 3358 ft: 6668 corp: 465/14544b lim: 110 exec/s: 2690 rss: 102Mb L: 16/110 MS: 1 EraseBytes-
#8085	REDUCE cov: 3358 ft: 6668 corp: 465/14540b lim: 110 exec/s: 2695 rss: 102Mb L: 106/110 MS: 5 ChangeBit-ChangeBit-ChangeBinInt-ShuffleBytes-EraseBytes-
#8161	REDUCE cov: 3358 ft: 6668 corp: 465/14539b lim: 110 exec/s: 2720 rss: 102Mb L: 21/110 MS: 1 EraseBytes-
#8167	NEW    cov: 3359 ft: 6672 corp: 466/14574b lim: 110 exec/s: 2722 rss: 102Mb L: 35/110 MS: 1 CopyPart-
#8192	pulse  cov: 3359 ft: 6672 corp: 466/14574b lim: 110 exec/s: 2730 rss: 103Mb
	NEW_FUNC[1/2]: 0x564ed7721060 in <serde_json::de::Deserializer<serde_json::read::SliceRead>>::parse_long_integer /home/meme/.cargo/registry/src/index.crates.io-1949cf8c6b5b557f/serde_json-1.0.151/src/de.rs:717
	NEW_FUNC[2/2]: 0x564ed7762480 in <serde_json::de::Deserializer<serde_json::read::StrRead>>::parse_long_integer /home/meme/.cargo/registry/src/index.crates.io-1949cf8c6b5b557f/serde_json-1.0.151/src/de.rs:717
#8213	NEW    cov: 3393 ft: 6716 corp: 467/14636b lim: 110 exec/s: 2737 rss: 103Mb L: 62/110 MS: 1 InsertRepeatedBytes-
#8274	NEW    cov: 3394 ft: 6718 corp: 468/14671b lim: 110 exec/s: 2758 rss: 103Mb L: 35/110 MS: 1 ChangeBit-
#8300	REDUCE cov: 3394 ft: 6718 corp: 468/14665b lim: 110 exec/s: 2766 rss: 103Mb L: 12/110 MS: 1 EraseBytes-
#8311	NEW    cov: 3395 ft: 6719 corp: 469/14681b lim: 110 exec/s: 2770 rss: 103Mb L: 16/110 MS: 1 ChangeASCIIInt-
#8367	NEW    cov: 3395 ft: 6720 corp: 470/14752b lim: 110 exec/s: 2789 rss: 103Mb L: 71/110 MS: 1 InsertRepeatedBytes-
#8378	NEW    cov: 3396 ft: 6726 corp: 471/14778b lim: 110 exec/s: 2792 rss: 103Mb L: 26/110 MS: 1 CMP- DE: "\000\000\000\000"-
#8380	REDUCE cov: 3396 ft: 6726 corp: 471/14769b lim: 110 exec/s: 2793 rss: 103Mb L: 27/110 MS: 2 ChangeBinInt-EraseBytes-
#8386	REDUCE cov: 3396 ft: 6726 corp: 471/14766b lim: 110 exec/s: 2795 rss: 103Mb L: 4/110 MS: 1 EraseBytes-
#8397	REDUCE cov: 3396 ft: 6726 corp: 471/14765b lim: 110 exec/s: 2799 rss: 103Mb L: 2/110 MS: 1 EraseBytes-
#8410	NEW    cov: 3396 ft: 6728 corp: 472/14871b lim: 110 exec/s: 2803 rss: 104Mb L: 106/110 MS: 3 InsertRepeatedBytes-InsertByte-ChangeBinInt-
#8412	REDUCE cov: 3396 ft: 6728 corp: 472/14855b lim: 110 exec/s: 2804 rss: 104Mb L: 36/110 MS: 2 ChangeByte-EraseBytes-
#8430	REDUCE cov: 3396 ft: 6728 corp: 472/14832b lim: 110 exec/s: 2810 rss: 104Mb L: 86/110 MS: 3 ChangeASCIIInt-ChangeASCIIInt-CrossOver-
#8432	NEW    cov: 3396 ft: 6736 corp: 473/14881b lim: 110 exec/s: 2810 rss: 104Mb L: 49/110 MS: 2 ChangeASCIIInt-CopyPart-
#8475	REDUCE cov: 3396 ft: 6736 corp: 473/14871b lim: 110 exec/s: 2825 rss: 104Mb L: 26/110 MS: 3 CMP-ShuffleBytes-EraseBytes- DE: "\007\000\000\000\000\000\000\000"-
#8484	NEW    cov: 3396 ft: 6737 corp: 474/14952b lim: 110 exec/s: 2828 rss: 104Mb L: 81/110 MS: 4 CopyPart-CrossOver-ChangeByte-PersAutoDict- DE: "\012\000\000\000\000\000\000\000"-
#8495	REDUCE cov: 3396 ft: 6737 corp: 474/14942b lim: 110 exec/s: 2831 rss: 104Mb L: 41/110 MS: 1 EraseBytes-
#8516	REDUCE cov: 3396 ft: 6737 corp: 474/14938b lim: 110 exec/s: 2838 rss: 104Mb L: 91/110 MS: 1 EraseBytes-
#8552	NEW    cov: 3400 ft: 6741 corp: 475/14945b lim: 110 exec/s: 2850 rss: 104Mb L: 7/110 MS: 1 EraseBytes-
#8583	NEW    cov: 3403 ft: 6746 corp: 476/14958b lim: 110 exec/s: 2861 rss: 104Mb L: 13/110 MS: 1 ChangeByte-
#8636	REDUCE cov: 3403 ft: 6759 corp: 477/15012b lim: 110 exec/s: 2878 rss: 105Mb L: 54/110 MS: 3 InsertRepeatedBytes-EraseBytes-CrossOver-
#8654	REDUCE cov: 3403 ft: 6759 corp: 477/14998b lim: 110 exec/s: 2884 rss: 105Mb L: 22/110 MS: 3 ShuffleBytes-ShuffleBytes-EraseBytes-
#8655	REDUCE cov: 3403 ft: 6759 corp: 477/14989b lim: 110 exec/s: 2885 rss: 105Mb L: 96/110 MS: 1 EraseBytes-
#8656	REDUCE cov: 3403 ft: 6759 corp: 477/14976b lim: 110 exec/s: 2885 rss: 105Mb L: 31/110 MS: 1 EraseBytes-
#8692	NEW    cov: 3403 ft: 6763 corp: 478/15081b lim: 110 exec/s: 2897 rss: 105Mb L: 105/110 MS: 1 PersAutoDict- DE: "\011\000"-
#8696	NEW    cov: 3405 ft: 6766 corp: 479/15159b lim: 110 exec/s: 2898 rss: 105Mb L: 78/110 MS: 4 InsertByte-ChangeBit-CopyPart-CrossOver-
#8706	REDUCE cov: 3405 ft: 6768 corp: 480/15202b lim: 110 exec/s: 2902 rss: 105Mb L: 43/110 MS: 5 CrossOver-EraseBytes-ChangeByte-PersAutoDict-CrossOver- DE: "\007\000\000\000\000\000\000\000"-
#8733	REDUCE cov: 3405 ft: 6768 corp: 480/15201b lim: 110 exec/s: 2911 rss: 105Mb L: 3/110 MS: 2 InsertByte-EraseBytes-
#8794	NEW    cov: 3406 ft: 6769 corp: 481/15217b lim: 110 exec/s: 2931 rss: 105Mb L: 16/110 MS: 1 ShuffleBytes-
#8821	REDUCE cov: 3406 ft: 6769 corp: 481/15207b lim: 110 exec/s: 2940 rss: 105Mb L: 39/110 MS: 2 ChangeBinInt-EraseBytes-
#8823	REDUCE cov: 3406 ft: 6769 corp: 481/15203b lim: 110 exec/s: 2941 rss: 106Mb L: 8/110 MS: 2 PersAutoDict-EraseBytes- DE: "\001\0000\026"-
#8849	REDUCE cov: 3406 ft: 6769 corp: 481/15199b lim: 110 exec/s: 2949 rss: 106Mb L: 20/110 MS: 1 EraseBytes-
#8860	REDUCE cov: 3406 ft: 6769 corp: 481/15198b lim: 110 exec/s: 2953 rss: 106Mb L: 30/110 MS: 1 EraseBytes-
#8876	NEW    cov: 3406 ft: 6770 corp: 482/15224b lim: 110 exec/s: 2958 rss: 106Mb L: 26/110 MS: 1 ChangeByte-
#8909	NEW    cov: 3406 ft: 6774 corp: 483/15234b lim: 110 exec/s: 2969 rss: 106Mb L: 10/110 MS: 3 CrossOver-ChangeBinInt-ChangeBinInt-
#8985	NEW    cov: 3406 ft: 6776 corp: 484/15275b lim: 110 exec/s: 2995 rss: 106Mb L: 41/110 MS: 1 CrossOver-
#8990	REDUCE cov: 3406 ft: 6776 corp: 484/15244b lim: 110 exec/s: 2996 rss: 106Mb L: 42/110 MS: 5 CopyPart-ChangeBit-ShuffleBytes-ChangeBit-EraseBytes-
#9058	NEW    cov: 3406 ft: 6779 corp: 485/15278b lim: 110 exec/s: 3019 rss: 106Mb L: 34/110 MS: 3 ChangeBinInt-ChangeByte-ShuffleBytes-
#9216	REDUCE cov: 3406 ft: 6779 corp: 485/15271b lim: 110 exec/s: 3072 rss: 107Mb L: 75/110 MS: 3 CMP-CMP-EraseBytes- DE: " \000\000\000\000\000\000\000"-"false\""-
#9247	NEW    cov: 3407 ft: 6783 corp: 486/15363b lim: 110 exec/s: 3082 rss: 107Mb L: 92/110 MS: 1 CMP- DE: "\012\000\000\000"-
#9275	NEW    cov: 3410 ft: 6786 corp: 487/15380b lim: 110 exec/s: 3091 rss: 107Mb L: 17/110 MS: 3 ChangeBinInt-CopyPart-EraseBytes-
#9296	NEW    cov: 3410 ft: 6787 corp: 488/15398b lim: 110 exec/s: 3098 rss: 107Mb L: 18/110 MS: 1 ChangeByte-
#9298	NEW    cov: 3410 ft: 6788 corp: 489/15477b lim: 110 exec/s: 3099 rss: 107Mb L: 79/110 MS: 2 ShuffleBytes-InsertByte-
#9299	NEW    cov: 3410 ft: 6789 corp: 490/15501b lim: 110 exec/s: 3099 rss: 107Mb L: 24/110 MS: 1 ChangeByte-
#9307	NEW    cov: 3411 ft: 6797 corp: 491/15528b lim: 110 exec/s: 3102 rss: 107Mb L: 27/110 MS: 3 ChangeByte-InsertByte-PersAutoDict- DE: "\377\377\377\006"-
#9328	NEW    cov: 3411 ft: 6800 corp: 492/15538b lim: 110 exec/s: 3109 rss: 107Mb L: 10/110 MS: 1 InsertByte-
#9329	REDUCE cov: 3411 ft: 6800 corp: 492/15513b lim: 110 exec/s: 3109 rss: 107Mb L: 46/110 MS: 1 EraseBytes-
#9380	NEW    cov: 3411 ft: 6804 corp: 493/15532b lim: 110 exec/s: 3126 rss: 108Mb L: 19/110 MS: 1 CopyPart-
#9387	NEW    cov: 3412 ft: 6805 corp: 494/15543b lim: 110 exec/s: 3129 rss: 108Mb L: 11/110 MS: 2 ChangeBit-EraseBytes-
#9408	NEW    cov: 3412 ft: 6806 corp: 495/15583b lim: 110 exec/s: 3136 rss: 108Mb L: 40/110 MS: 1 CrossOver-
#9422	REDUCE cov: 3412 ft: 6806 corp: 495/15575b lim: 110 exec/s: 3140 rss: 108Mb L: 21/110 MS: 4 PersAutoDict-PersAutoDict-CrossOver-EraseBytes- DE: "\366\377\377\377"-"\001\000\000\000\000\000\000)"-
#9455	REDUCE cov: 3412 ft: 6806 corp: 495/15544b lim: 110 exec/s: 3151 rss: 108Mb L: 79/110 MS: 3 ShuffleBytes-CrossOver-EraseBytes-
#9467	REDUCE cov: 3412 ft: 6806 corp: 495/15539b lim: 110 exec/s: 3155 rss: 108Mb L: 29/110 MS: 2 ChangeBinInt-EraseBytes-
#9476	REDUCE cov: 3412 ft: 6806 corp: 495/15538b lim: 110 exec/s: 3158 rss: 108Mb L: 41/110 MS: 4 ChangeBit-PersAutoDict-ChangeASCIIInt-CrossOver- DE: "tru\036\036"-
#9483	NEW    cov: 3412 ft: 6807 corp: 496/15620b lim: 110 exec/s: 3161 rss: 108Mb L: 82/110 MS: 2 ShuffleBytes-ShuffleBytes-
#9539	NEW    cov: 3412 ft: 6808 corp: 497/15690b lim: 110 exec/s: 3179 rss: 108Mb L: 70/110 MS: 1 PersAutoDict- DE: "\001\000\000\000"-
#9540	NEW    cov: 3412 ft: 6809 corp: 498/15701b lim: 110 exec/s: 3180 rss: 108Mb L: 11/110 MS: 1 InsertByte-
#9656	REDUCE cov: 3412 ft: 6809 corp: 498/15699b lim: 110 exec/s: 3218 rss: 109Mb L: 21/110 MS: 1 EraseBytes-
#9773	REDUCE cov: 3412 ft: 6809 corp: 498/15698b lim: 110 exec/s: 3257 rss: 109Mb L: 15/110 MS: 2 ShuffleBytes-EraseBytes-
#9789	NEW    cov: 3415 ft: 6820 corp: 499/15733b lim: 110 exec/s: 3263 rss: 109Mb L: 35/110 MS: 1 ChangeBit-
#9796	NEW    cov: 3416 ft: 6821 corp: 500/15828b lim: 110 exec/s: 3265 rss: 109Mb L: 95/110 MS: 2 InsertRepeatedBytes-ChangeBinInt-
#9862	REDUCE cov: 3416 ft: 6822 corp: 501/15839b lim: 110 exec/s: 3287 rss: 109Mb L: 11/110 MS: 1 InsertByte-
#9878	NEW    cov: 3416 ft: 6828 corp: 502/15862b lim: 110 exec/s: 3292 rss: 110Mb L: 23/110 MS: 1 ChangeBinInt-
#9891	REDUCE cov: 3416 ft: 6828 corp: 502/15860b lim: 110 exec/s: 3297 rss: 110Mb L: 10/110 MS: 3 ShuffleBytes-InsertByte-EraseBytes-
#9897	NEW    cov: 3417 ft: 6829 corp: 503/15861b lim: 110 exec/s: 3299 rss: 110Mb L: 1/110 MS: 1 ChangeBit-
#9902	NEW    cov: 3417 ft: 6901 corp: 504/15867b lim: 110 exec/s: 3300 rss: 110Mb L: 6/110 MS: 5 ShuffleBytes-PersAutoDict-CopyPart-ShuffleBytes-CrossOver- DE: "\000\000"-
#9959	NEW    cov: 3417 ft: 6903 corp: 505/15893b lim: 110 exec/s: 3319 rss: 110Mb L: 26/110 MS: 2 CrossOver-CrossOver-
#9999	NEW    cov: 3419 ft: 6905 corp: 506/15907b lim: 110 exec/s: 3333 rss: 110Mb L: 14/110 MS: 5 CMP-CopyPart-ChangeBinInt-ShuffleBytes-EraseBytes- DE: "\001\000\000\000\000\000\0008"-
#10071	NEW    cov: 3419 ft: 6906 corp: 507/15918b lim: 110 exec/s: 3357 rss: 110Mb L: 11/110 MS: 2 ChangeByte-ChangeBinInt-
#10079	NEW    cov: 3419 ft: 6912 corp: 508/16007b lim: 110 exec/s: 3359 rss: 110Mb L: 89/110 MS: 3 CMP-ChangeBinInt-CMP- DE: "5\000\000\000\000\000\000\000"-"x#::"-
#10145	NEW    cov: 3419 ft: 6913 corp: 509/16021b lim: 110 exec/s: 3381 rss: 111Mb L: 14/110 MS: 1 CMP- DE: "\000\000\000\000\000\000\000\000"-
#10156	REDUCE cov: 3419 ft: 6913 corp: 509/16018b lim: 110 exec/s: 3385 rss: 111Mb L: 81/110 MS: 1 EraseBytes-
#10217	NEW    cov: 3433 ft: 6927 corp: 510/16025b lim: 110 exec/s: 3405 rss: 111Mb L: 7/110 MS: 1 EraseBytes-
#10245	REDUCE cov: 3433 ft: 6927 corp: 510/16010b lim: 110 exec/s: 3415 rss: 111Mb L: 21/110 MS: 3 PersAutoDict-ChangeBit-CrossOver- DE: "n\000\000\000\000\000\000\000"-
#10261	REDUCE cov: 3433 ft: 6927 corp: 510/15974b lim: 110 exec/s: 3420 rss: 111Mb L: 59/110 MS: 1 EraseBytes-
#10262	NEW    cov: 3434 ft: 6931 corp: 511/15985b lim: 110 exec/s: 3420 rss: 111Mb L: 11/110 MS: 1 ShuffleBytes-
#10399	NEW    cov: 3434 ft: 6949 corp: 512/16040b lim: 110 exec/s: 3466 rss: 112Mb L: 55/110 MS: 2 ChangeBinInt-EraseBytes-
#10411	REDUCE cov: 3434 ft: 6949 corp: 512/16038b lim: 110 exec/s: 3470 rss: 112Mb L: 57/110 MS: 2 ChangeBinInt-CrossOver-
#10447	NEW    cov: 3436 ft: 6951 corp: 513/16058b lim: 110 exec/s: 3482 rss: 112Mb L: 20/110 MS: 1 PersAutoDict- DE: "\012\000\000\000\000\000\000\000"-
#10474	NEW    cov: 3436 ft: 6952 corp: 514/16148b lim: 110 exec/s: 3491 rss: 112Mb L: 90/110 MS: 2 ChangeBit-InsertRepeatedBytes-
#10521	REDUCE cov: 3436 ft: 6952 corp: 514/16139b lim: 110 exec/s: 3507 rss: 112Mb L: 13/110 MS: 2 ShuffleBytes-EraseBytes-
#10563	REDUCE cov: 3436 ft: 6953 corp: 515/16181b lim: 110 exec/s: 3521 rss: 112Mb L: 42/110 MS: 2 ShuffleBytes-ChangeBit-
#10609	REDUCE cov: 3436 ft: 6953 corp: 515/16171b lim: 110 exec/s: 3536 rss: 113Mb L: 84/110 MS: 1 EraseBytes-
#10615	NEW    cov: 3436 ft: 6957 corp: 516/16199b lim: 110 exec/s: 3538 rss: 113Mb L: 28/110 MS: 1 CMP- DE: "New"-
#10621	REDUCE cov: 3436 ft: 6957 corp: 516/16189b lim: 110 exec/s: 3540 rss: 113Mb L: 11/110 MS: 1 EraseBytes-
#10623	REDUCE cov: 3436 ft: 6957 corp: 516/16175b lim: 110 exec/s: 3541 rss: 113Mb L: 29/110 MS: 2 ChangeBit-EraseBytes-
#10634	NEW    cov: 3436 ft: 6961 corp: 517/16207b lim: 110 exec/s: 3544 rss: 113Mb L: 32/110 MS: 1 EraseBytes-
#10685	NEW    cov: 3436 ft: 7014 corp: 518/16282b lim: 110 exec/s: 3561 rss: 113Mb L: 75/110 MS: 1 InsertRepeatedBytes-
#10724	NEW    cov: 3437 ft: 7015 corp: 519/16295b lim: 110 exec/s: 3574 rss: 113Mb L: 13/110 MS: 4 ChangeBit-EraseBytes-InsertByte-CopyPart-
#10740	NEW    cov: 3437 ft: 7016 corp: 520/16310b lim: 110 exec/s: 3580 rss: 113Mb L: 15/110 MS: 1 ShuffleBytes-
#10806	NEW    cov: 3437 ft: 7019 corp: 521/16346b lim: 110 exec/s: 3602 rss: 114Mb L: 36/110 MS: 1 PersAutoDict- DE: "\001\000\000\000"-
#10813	REDUCE cov: 3438 ft: 7040 corp: 522/16370b lim: 110 exec/s: 3604 rss: 114Mb L: 24/110 MS: 2 ChangeByte-CrossOver-
#10822	REDUCE cov: 3438 ft: 7040 corp: 522/16368b lim: 110 exec/s: 3607 rss: 114Mb L: 9/110 MS: 4 CopyPart-ShuffleBytes-EraseBytes-EraseBytes-
#10850	REDUCE cov: 3438 ft: 7040 corp: 522/16349b lim: 110 exec/s: 3616 rss: 114Mb L: 91/110 MS: 3 ShuffleBytes-ChangeBit-EraseBytes-
#10852	NEW    cov: 3438 ft: 7042 corp: 523/16Kb lim: 110 exec/s: 3617 rss: 114Mb L: 53/110 MS: 2 CrossOver-ChangeBinInt-
#10856	REDUCE cov: 3438 ft: 7043 corp: 524/16Kb lim: 110 exec/s: 3618 rss: 114Mb L: 58/110 MS: 4 CopyPart-CrossOver-CMP-PersAutoDict- DE: "\001\000\000\000\000\000\000\000"-"\007\000\000\000\000\000\000\000"-
#10857	NEW    cov: 3442 ft: 7047 corp: 525/16Kb lim: 110 exec/s: 3619 rss: 114Mb L: 20/110 MS: 1 InsertRepeatedBytes-
#10858	NEW    cov: 3442 ft: 7051 corp: 526/16Kb lim: 110 exec/s: 3619 rss: 114Mb L: 7/110 MS: 1 CopyPart-
#10869	NEW    cov: 3442 ft: 7052 corp: 527/16Kb lim: 110 exec/s: 3623 rss: 114Mb L: 14/110 MS: 1 ChangeBinInt-
#10875	NEW    cov: 3444 ft: 7054 corp: 528/16Kb lim: 110 exec/s: 3625 rss: 114Mb L: 24/110 MS: 1 CopyPart-
#10881	NEW    cov: 3444 ft: 7058 corp: 529/16Kb lim: 110 exec/s: 3627 rss: 114Mb L: 49/110 MS: 1 ChangeBit-
#10899	NEW    cov: 3444 ft: 7060 corp: 530/16Kb lim: 110 exec/s: 3633 rss: 115Mb L: 35/110 MS: 3 ChangeBit-ChangeByte-ChangeByte-
#10906	REDUCE cov: 3444 ft: 7060 corp: 530/16Kb lim: 110 exec/s: 3635 rss: 115Mb L: 16/110 MS: 2 InsertByte-EraseBytes-
#10937	REDUCE cov: 3444 ft: 7062 corp: 531/16Kb lim: 110 exec/s: 3645 rss: 115Mb L: 21/110 MS: 1 CopyPart-
#10956	REDUCE cov: 3444 ft: 7062 corp: 531/16Kb lim: 110 exec/s: 3652 rss: 115Mb L: 17/110 MS: 4 CrossOver-ChangeByte-PersAutoDict-EraseBytes- DE: "\360\000\000&"-
#10967	NEW    cov: 3444 ft: 7065 corp: 532/16Kb lim: 110 exec/s: 3655 rss: 115Mb L: 109/110 MS: 1 InsertRepeatedBytes-
#10969	NEW    cov: 3444 ft: 7066 corp: 533/16Kb lim: 110 exec/s: 3656 rss: 115Mb L: 8/110 MS: 2 ShuffleBytes-InsertByte-
#11015	REDUCE cov: 3444 ft: 7066 corp: 533/16Kb lim: 110 exec/s: 3671 rss: 115Mb L: 29/110 MS: 1 EraseBytes-
#11053	REDUCE cov: 3444 ft: 7066 corp: 533/16Kb lim: 110 exec/s: 3684 rss: 115Mb L: 6/110 MS: 3 ChangeBit-ChangeASCIIInt-EraseBytes-
#11062	NEW    cov: 3445 ft: 7070 corp: 534/16Kb lim: 110 exec/s: 3687 rss: 116Mb L: 96/110 MS: 4 CopyPart-PersAutoDict-EraseBytes-InsertRepeatedBytes- DE: "\032\000\000\000"-
#11098	NEW    cov: 3445 ft: 7071 corp: 535/16Kb lim: 110 exec/s: 3699 rss: 116Mb L: 17/110 MS: 1 ChangeBinInt-
#11137	REDUCE cov: 3445 ft: 7071 corp: 535/16Kb lim: 110 exec/s: 3712 rss: 116Mb L: 17/110 MS: 4 ChangeBit-ShuffleBytes-CrossOver-EraseBytes-
#11153	NEW    cov: 3448 ft: 7075 corp: 536/16Kb lim: 110 exec/s: 3717 rss: 116Mb L: 19/110 MS: 1 ChangeByte-
#11158	NEW    cov: 3448 ft: 7077 corp: 537/16Kb lim: 110 exec/s: 3719 rss: 116Mb L: 36/110 MS: 5 ChangeByte-ChangeASCIIInt-InsertByte-ChangeBinInt-CopyPart-
#11167	REDUCE cov: 3448 ft: 7077 corp: 537/16Kb lim: 110 exec/s: 3722 rss: 116Mb L: 56/110 MS: 4 CopyPart-InsertByte-ChangeBit-EraseBytes-
#11193	NEW    cov: 3449 ft: 7106 corp: 538/16Kb lim: 110 exec/s: 3731 rss: 116Mb L: 49/110 MS: 1 CopyPart-
#11198	NEW    cov: 3449 ft: 7110 corp: 539/16Kb lim: 110 exec/s: 3732 rss: 116Mb L: 37/110 MS: 5 ChangeByte-ChangeByte-ChangeBit-CrossOver-EraseBytes-
#11200	NEW    cov: 3449 ft: 7111 corp: 540/16Kb lim: 110 exec/s: 3733 rss: 116Mb L: 98/110 MS: 2 EraseBytes-InsertRepeatedBytes-
#11201	NEW    cov: 3449 ft: 7112 corp: 541/16Kb lim: 110 exec/s: 3733 rss: 117Mb L: 4/110 MS: 1 ChangeBit-
#11357	NEW    cov: 3449 ft: 7114 corp: 542/16Kb lim: 110 exec/s: 3785 rss: 117Mb L: 23/110 MS: 1 CopyPart-
#11404	REDUCE cov: 3449 ft: 7114 corp: 542/16Kb lim: 110 exec/s: 3801 rss: 117Mb L: 3/110 MS: 2 CrossOver-EraseBytes-
#11441	REDUCE cov: 3449 ft: 7114 corp: 542/16Kb lim: 110 exec/s: 3813 rss: 117Mb L: 56/110 MS: 2 ChangeASCIIInt-EraseBytes-
#11495	REDUCE cov: 3449 ft: 7114 corp: 542/16Kb lim: 110 exec/s: 3831 rss: 118Mb L: 42/110 MS: 4 ChangeBinInt-ChangeBinInt-ChangeByte-EraseBytes-
#11511	REDUCE cov: 3449 ft: 7114 corp: 542/16Kb lim: 110 exec/s: 3837 rss: 118Mb L: 21/110 MS: 1 EraseBytes-
#11519	NEW    cov: 3451 ft: 7116 corp: 543/16Kb lim: 110 exec/s: 3839 rss: 118Mb L: 21/110 MS: 3 ChangeBinInt-CopyPart-CMP- DE: "false\""-
#11533	REDUCE cov: 3451 ft: 7116 corp: 543/16Kb lim: 110 exec/s: 3844 rss: 118Mb L: 9/110 MS: 4 ChangeByte-ShuffleBytes-ChangeASCIIInt-EraseBytes-
#11556	NEW    cov: 3451 ft: 7118 corp: 544/16Kb lim: 110 exec/s: 3852 rss: 118Mb L: 24/110 MS: 3 ChangeBit-ChangeByte-ChangeBinInt-
#11609	NEW    cov: 3460 ft: 7127 corp: 545/16Kb lim: 110 exec/s: 3869 rss: 118Mb L: 10/110 MS: 3 PersAutoDict-ShuffleBytes-CMP- DE: "o\000\200\377"-"\015\000\000\000\000\000\000\200"-
#11671	REDUCE cov: 3460 ft: 7127 corp: 545/16Kb lim: 110 exec/s: 3890 rss: 118Mb L: 12/110 MS: 2 ChangeBit-EraseBytes-
#11685	NEW    cov: 3460 ft: 7128 corp: 546/16Kb lim: 110 exec/s: 3895 rss: 119Mb L: 36/110 MS: 4 PersAutoDict-ShuffleBytes-CMP-CrossOver- DE: "\015\000\000\000\000\000\000\200"-"\001\000\000z"-
#11741	REDUCE cov: 3460 ft: 7128 corp: 546/16Kb lim: 110 exec/s: 3913 rss: 119Mb L: 78/110 MS: 1 EraseBytes-
#11843	NEW    cov: 3460 ft: 7129 corp: 547/16Kb lim: 110 exec/s: 3947 rss: 119Mb L: 102/110 MS: 2 InsertByte-CopyPart-
#11855	NEW    cov: 3460 ft: 7132 corp: 548/16Kb lim: 110 exec/s: 3951 rss: 119Mb L: 31/110 MS: 2 CMP-ChangeBit- DE: "foo"-
#11864	REDUCE cov: 3460 ft: 7132 corp: 548/16Kb lim: 110 exec/s: 3954 rss: 119Mb L: 77/110 MS: 4 ChangeByte-ChangeASCIIInt-ChangeByte-EraseBytes-
#11865	NEW    cov: 3460 ft: 7135 corp: 549/16Kb lim: 110 exec/s: 3955 rss: 119Mb L: 94/110 MS: 1 InsertRepeatedBytes-
#11890	REDUCE cov: 3460 ft: 7135 corp: 549/16Kb lim: 110 exec/s: 3963 rss: 120Mb L: 58/110 MS: 5 ChangeBit-InsertByte-PersAutoDict-InsertRepeatedBytes-EraseBytes- DE: "\377\377\377\377"-
#11930	NEW    cov: 3461 ft: 7140 corp: 550/16Kb lim: 110 exec/s: 3976 rss: 120Mb L: 34/110 MS: 5 CrossOver-CrossOver-ChangeBinInt-ShuffleBytes-CrossOver-
#11956	NEW    cov: 3461 ft: 7145 corp: 551/16Kb lim: 110 exec/s: 3985 rss: 120Mb L: 17/110 MS: 1 PersAutoDict- DE: "false\""-
#11973	NEW    cov: 3461 ft: 7148 corp: 552/16Kb lim: 110 exec/s: 3991 rss: 120Mb L: 14/110 MS: 2 ShuffleBytes-InsertRepeatedBytes-
#11994	REDUCE cov: 3461 ft: 7148 corp: 552/16Kb lim: 110 exec/s: 3998 rss: 120Mb L: 4/110 MS: 1 EraseBytes-
#12033	REDUCE cov: 3461 ft: 7149 corp: 553/16Kb lim: 110 exec/s: 4011 rss: 120Mb L: 33/110 MS: 4 PersAutoDict-InsertByte-CMP-EraseBytes- DE: "\012\000\000\000"-"\000\000\000\000\000\000\000\000"-
#12044	NEW    cov: 3461 ft: 7150 corp: 554/16Kb lim: 110 exec/s: 4014 rss: 120Mb L: 10/110 MS: 1 CopyPart-
#12067	REDUCE cov: 3461 ft: 7150 corp: 554/16Kb lim: 110 exec/s: 4022 rss: 120Mb L: 58/110 MS: 3 ShuffleBytes-ShuffleBytes-EraseBytes-
#12068	NEW    cov: 3462 ft: 7153 corp: 555/17Kb lim: 110 exec/s: 4022 rss: 121Mb L: 78/110 MS: 1 ShuffleBytes-
#12095	NEW    cov: 3462 ft: 7157 corp: 556/17Kb lim: 110 exec/s: 4031 rss: 121Mb L: 20/110 MS: 2 ChangeASCIIInt-CrossOver-
#12103	NEW    cov: 3466 ft: 7164 corp: 557/17Kb lim: 110 exec/s: 4034 rss: 121Mb L: 30/110 MS: 3 ChangeASCIIInt-ChangeASCIIInt-CMP- DE: "t\216\377\377\016"-
#12225	REDUCE cov: 3466 ft: 7164 corp: 557/17Kb lim: 110 exec/s: 4075 rss: 121Mb L: 60/110 MS: 2 PersAutoDict-EraseBytes- DE: "tru\036\036"-
#12226	NEW    cov: 3466 ft: 7204 corp: 558/17Kb lim: 110 exec/s: 4075 rss: 121Mb L: 7/110 MS: 1 InsertByte-
#12282	NEW    cov: 3466 ft: 7205 corp: 559/17Kb lim: 110 exec/s: 4094 rss: 122Mb L: 15/110 MS: 1 InsertByte-
#12294	REDUCE cov: 3470 ft: 7212 corp: 560/17Kb lim: 110 exec/s: 4098 rss: 122Mb L: 58/110 MS: 2 ChangeBit-CrossOver-
#12320	NEW    cov: 3470 ft: 7227 corp: 561/17Kb lim: 110 exec/s: 4106 rss: 122Mb L: 32/110 MS: 1 EraseBytes-
#12322	NEW    cov: 3472 ft: 7232 corp: 562/17Kb lim: 110 exec/s: 4107 rss: 122Mb L: 92/110 MS: 2 ChangeASCIIInt-InsertRepeatedBytes-
#12338	REDUCE cov: 3472 ft: 7232 corp: 562/17Kb lim: 110 exec/s: 4112 rss: 122Mb L: 10/110 MS: 1 EraseBytes-
#12379	REDUCE cov: 3472 ft: 7232 corp: 562/17Kb lim: 110 exec/s: 4126 rss: 122Mb L: 30/110 MS: 1 EraseBytes-
#12383	NEW    cov: 3472 ft: 7234 corp: 563/17Kb lim: 110 exec/s: 4127 rss: 122Mb L: 45/110 MS: 4 PersAutoDict-InsertByte-ChangeByte-InsertRepeatedBytes- DE: "\000\000\000\000\000\000\000\000"-
#12402	NEW    cov: 3472 ft: 7236 corp: 564/17Kb lim: 110 exec/s: 4134 rss: 122Mb L: 17/110 MS: 4 InsertByte-ChangeByte-CopyPart-ShuffleBytes-
#12403	REDUCE cov: 3472 ft: 7236 corp: 564/17Kb lim: 110 exec/s: 4134 rss: 122Mb L: 31/110 MS: 1 EraseBytes-
#12445	REDUCE cov: 3475 ft: 7246 corp: 565/17Kb lim: 110 exec/s: 4148 rss: 123Mb L: 62/110 MS: 2 ShuffleBytes-EraseBytes-
#12448	NEW    cov: 3475 ft: 7247 corp: 566/17Kb lim: 110 exec/s: 4149 rss: 123Mb L: 48/110 MS: 3 ChangeBinInt-CMP-InsertRepeatedBytes- DE: "\022\000\000\000\000\000\000\000"-
#12455	REDUCE cov: 3475 ft: 7247 corp: 566/17Kb lim: 110 exec/s: 4151 rss: 123Mb L: 29/110 MS: 2 ChangeByte-EraseBytes-
#12458	NEW    cov: 3475 ft: 7248 corp: 567/17Kb lim: 110 exec/s: 4152 rss: 123Mb L: 15/110 MS: 3 ChangeBinInt-ChangeByte-CMP- DE: "\377\377\377\377\377\377\377\012"-
#12469	REDUCE cov: 3475 ft: 7248 corp: 567/17Kb lim: 110 exec/s: 4156 rss: 123Mb L: 53/110 MS: 1 EraseBytes-
#12475	NEW    cov: 3475 ft: 7252 corp: 568/17Kb lim: 110 exec/s: 4158 rss: 123Mb L: 110/110 MS: 1 CopyPart-
#12508	REDUCE cov: 3475 ft: 7252 corp: 568/17Kb lim: 110 exec/s: 4169 rss: 123Mb L: 47/110 MS: 3 ChangeBinInt-InsertByte-EraseBytes-
#12575	NEW    cov: 3475 ft: 7254 corp: 569/17Kb lim: 110 exec/s: 4191 rss: 123Mb L: 107/110 MS: 2 CopyPart-ChangeBinInt-
#12593	REDUCE cov: 3475 ft: 7254 corp: 569/17Kb lim: 110 exec/s: 4197 rss: 123Mb L: 50/110 MS: 3 InsertByte-ShuffleBytes-EraseBytes-
#12599	REDUCE cov: 3475 ft: 7254 corp: 569/17Kb lim: 110 exec/s: 4199 rss: 123Mb L: 47/110 MS: 1 EraseBytes-
#12601	NEW    cov: 3475 ft: 7255 corp: 570/17Kb lim: 110 exec/s: 4200 rss: 124Mb L: 56/110 MS: 2 ChangeBinInt-InsertRepeatedBytes-
#12608	NEW    cov: 3476 ft: 7256 corp: 571/17Kb lim: 110 exec/s: 4202 rss: 124Mb L: 24/110 MS: 2 PersAutoDict-CopyPart- DE: "\377\377\0030"-
#12611	NEW    cov: 3476 ft: 7292 corp: 572/17Kb lim: 110 exec/s: 4203 rss: 124Mb L: 96/110 MS: 3 ChangeBit-InsertRepeatedBytes-InsertRepeatedBytes-
#12619	NEW    cov: 3477 ft: 7293 corp: 573/17Kb lim: 110 exec/s: 4206 rss: 130Mb L: 44/110 MS: 3 PersAutoDict-CrossOver-CMP- DE: "\017\000\000\000\000\000\000\000"-"f\036\000\000\000\000"-
#12621	REDUCE cov: 3477 ft: 7294 corp: 574/17Kb lim: 110 exec/s: 4207 rss: 130Mb L: 28/110 MS: 2 InsertByte-ShuffleBytes-
#12630	NEW    cov: 3485 ft: 7310 corp: 575/17Kb lim: 110 exec/s: 4210 rss: 130Mb L: 8/110 MS: 4 InsertByte-ShuffleBytes-PersAutoDict-CrossOver- DE: "\015\000\000\000\000\000\000\200"-
#12632	REDUCE cov: 3485 ft: 7310 corp: 575/17Kb lim: 110 exec/s: 4210 rss: 130Mb L: 42/110 MS: 2 PersAutoDict-EraseBytes- DE: "\001\000"-
#12639	NEW    cov: 3485 ft: 7334 corp: 576/17Kb lim: 110 exec/s: 4213 rss: 130Mb L: 104/110 MS: 2 ChangeByte-CMP- DE: "\377\377\377\377\377\377\377\377"-
#12659	REDUCE cov: 3485 ft: 7334 corp: 576/17Kb lim: 110 exec/s: 4219 rss: 131Mb L: 36/110 MS: 5 PersAutoDict-ChangeByte-PersAutoDict-EraseBytes-CrossOver- DE: "\377\377\377\006"-"\001\000\000\000\000\000\0008"-
#12700	NEW    cov: 3485 ft: 7344 corp: 577/17Kb lim: 110 exec/s: 4233 rss: 131Mb L: 14/110 MS: 1 ChangeBinInt-
#12712	NEW    cov: 3485 ft: 7345 corp: 578/17Kb lim: 110 exec/s: 4237 rss: 131Mb L: 17/110 MS: 2 ChangeBit-InsertByte-
#12738	NEW    cov: 3486 ft: 7355 corp: 579/17Kb lim: 110 exec/s: 4246 rss: 131Mb L: 75/110 MS: 1 ChangeBit-
#12739	NEW    cov: 3487 ft: 7357 corp: 580/17Kb lim: 110 exec/s: 4246 rss: 131Mb L: 16/110 MS: 1 ChangeByte-
#12785	REDUCE cov: 3487 ft: 7357 corp: 580/17Kb lim: 110 exec/s: 4261 rss: 131Mb L: 76/110 MS: 1 EraseBytes-
#12881	NEW    cov: 3487 ft: 7358 corp: 581/17Kb lim: 110 exec/s: 4293 rss: 132Mb L: 75/110 MS: 1 ChangeASCIIInt-
#12893	NEW    cov: 3487 ft: 7360 corp: 582/18Kb lim: 110 exec/s: 4297 rss: 132Mb L: 38/110 MS: 2 InsertByte-PersAutoDict- DE: "x\002"-
#12894	NEW    cov: 3487 ft: 7361 corp: 583/18Kb lim: 110 exec/s: 4298 rss: 132Mb L: 36/110 MS: 1 PersAutoDict- DE: "\001\0000\026"-
#12976	NEW    cov: 3487 ft: 7364 corp: 584/18Kb lim: 110 exec/s: 4325 rss: 132Mb L: 33/110 MS: 2 InsertByte-CopyPart-
#12992	REDUCE cov: 3487 ft: 7364 corp: 584/18Kb lim: 110 exec/s: 4330 rss: 132Mb L: 17/110 MS: 1 EraseBytes-
#13013	REDUCE cov: 3487 ft: 7364 corp: 584/18Kb lim: 110 exec/s: 4337 rss: 132Mb L: 51/110 MS: 1 EraseBytes-
#13029	REDUCE cov: 3487 ft: 7364 corp: 584/18Kb lim: 110 exec/s: 4343 rss: 132Mb L: 14/110 MS: 1 EraseBytes-
#13135	REDUCE cov: 3487 ft: 7364 corp: 584/18Kb lim: 110 exec/s: 4378 rss: 133Mb L: 15/110 MS: 1 EraseBytes-
#13193	NEW    cov: 3487 ft: 7365 corp: 585/18Kb lim: 110 exec/s: 4397 rss: 133Mb L: 102/110 MS: 3 InsertByte-InsertByte-InsertRepeatedBytes-
#13202	REDUCE cov: 3488 ft: 7366 corp: 586/18Kb lim: 110 exec/s: 4400 rss: 133Mb L: 25/110 MS: 4 PersAutoDict-PersAutoDict-ChangeBinInt-InsertByte- DE: "false\""-"\000\000\000\034"-
#13206	REDUCE cov: 3552 ft: 7462 corp: 587/18Kb lim: 110 exec/s: 4402 rss: 133Mb L: 13/110 MS: 4 EraseBytes-ShuffleBytes-CMP-ShuffleBytes- DE: "\004\000\000\000\000\000\000\000"-
#13264	REDUCE cov: 3552 ft: 7466 corp: 588/18Kb lim: 110 exec/s: 4421 rss: 133Mb L: 105/110 MS: 3 InsertRepeatedBytes-ChangeByte-CrossOver-
#13275	REDUCE cov: 3552 ft: 7466 corp: 588/18Kb lim: 110 exec/s: 4425 rss: 133Mb L: 20/110 MS: 1 EraseBytes-
#13288	NEW    cov: 3552 ft: 7490 corp: 589/18Kb lim: 110 exec/s: 4429 rss: 133Mb L: 14/110 MS: 3 EraseBytes-CopyPart-CrossOver-
#13289	REDUCE cov: 3552 ft: 7490 corp: 589/18Kb lim: 110 exec/s: 4429 rss: 134Mb L: 34/110 MS: 1 EraseBytes-
#13295	REDUCE cov: 3552 ft: 7491 corp: 590/18Kb lim: 110 exec/s: 4431 rss: 134Mb L: 23/110 MS: 1 InsertRepeatedBytes-
#13421	REDUCE cov: 3552 ft: 7492 corp: 591/18Kb lim: 110 exec/s: 4473 rss: 134Mb L: 8/110 MS: 1 EraseBytes-
#13478	NEW    cov: 3552 ft: 7508 corp: 592/18Kb lim: 110 exec/s: 4492 rss: 134Mb L: 23/110 MS: 2 ChangeBinInt-InsertRepeatedBytes-
#13509	REDUCE cov: 3552 ft: 7508 corp: 592/18Kb lim: 110 exec/s: 4503 rss: 134Mb L: 7/110 MS: 1 EraseBytes-
#13547	REDUCE cov: 3552 ft: 7508 corp: 592/18Kb lim: 110 exec/s: 4515 rss: 134Mb L: 17/110 MS: 3 ChangeBinInt-InsertByte-EraseBytes-
#13591	REDUCE cov: 3552 ft: 7508 corp: 592/18Kb lim: 110 exec/s: 4530 rss: 135Mb L: 58/110 MS: 4 CMP-InsertByte-ChangeBinInt-EraseBytes- DE: "Unid"-
#13597	REDUCE cov: 3552 ft: 7508 corp: 592/18Kb lim: 110 exec/s: 4532 rss: 135Mb L: 38/110 MS: 1 EraseBytes-
#13641	NEW    cov: 3553 ft: 7509 corp: 593/18Kb lim: 110 exec/s: 4547 rss: 135Mb L: 107/110 MS: 4 InsertRepeatedBytes-CopyPart-ShuffleBytes-CopyPart-
#13656	NEW    cov: 3560 ft: 7516 corp: 594/18Kb lim: 110 exec/s: 4552 rss: 135Mb L: 20/110 MS: 5 ChangeBinInt-ChangeASCIIInt-InsertByte-ChangeByte-CMP- DE: "false"-
#13657	REDUCE cov: 3561 ft: 7517 corp: 595/18Kb lim: 110 exec/s: 4552 rss: 135Mb L: 5/110 MS: 1 CrossOver-
#13889	NEW    cov: 3569 ft: 7525 corp: 596/18Kb lim: 110 exec/s: 4629 rss: 136Mb L: 31/110 MS: 2 EraseBytes-InsertRepeatedBytes-
#13915	REDUCE cov: 3569 ft: 7525 corp: 596/18Kb lim: 110 exec/s: 4638 rss: 136Mb L: 52/110 MS: 1 EraseBytes-
#13951	REDUCE cov: 3569 ft: 7525 corp: 596/18Kb lim: 110 exec/s: 4650 rss: 136Mb L: 49/110 MS: 1 EraseBytes-
#14000	NEW    cov: 3569 ft: 7527 corp: 597/18Kb lim: 110 exec/s: 4666 rss: 136Mb L: 49/110 MS: 4 ChangeByte-ChangeByte-ChangeBit-ChangeByte-
#14021	REDUCE cov: 3569 ft: 7527 corp: 597/18Kb lim: 110 exec/s: 4673 rss: 136Mb L: 13/110 MS: 1 EraseBytes-
#14077	REDUCE cov: 3569 ft: 7527 corp: 597/18Kb lim: 110 exec/s: 4692 rss: 137Mb L: 58/110 MS: 1 EraseBytes-
#14119	REDUCE cov: 3569 ft: 7527 corp: 597/18Kb lim: 110 exec/s: 4706 rss: 137Mb L: 25/110 MS: 2 PersAutoDict-EraseBytes- DE: "\000\000\000\000"-
#14125	NEW    cov: 3569 ft: 7528 corp: 598/18Kb lim: 110 exec/s: 4708 rss: 137Mb L: 8/110 MS: 1 InsertByte-
#14176	REDUCE cov: 3569 ft: 7528 corp: 598/18Kb lim: 110 exec/s: 4725 rss: 137Mb L: 36/110 MS: 1 EraseBytes-
#14177	REDUCE cov: 3569 ft: 7528 corp: 598/18Kb lim: 110 exec/s: 4725 rss: 137Mb L: 41/110 MS: 1 EraseBytes-
#14198	REDUCE cov: 3569 ft: 7528 corp: 598/18Kb lim: 110 exec/s: 4732 rss: 137Mb L: 78/110 MS: 1 EraseBytes-
#14249	NEW    cov: 3570 ft: 7529 corp: 599/18Kb lim: 110 exec/s: 4749 rss: 138Mb L: 21/110 MS: 1 CrossOver-
#14250	NEW    cov: 3570 ft: 7546 corp: 600/18Kb lim: 110 exec/s: 4750 rss: 138Mb L: 104/110 MS: 1 CrossOver-
#14251	NEW    cov: 3570 ft: 7547 corp: 601/18Kb lim: 110 exec/s: 4750 rss: 138Mb L: 17/110 MS: 1 PersAutoDict- DE: "\377\377"-
#14292	REDUCE cov: 3570 ft: 7547 corp: 601/18Kb lim: 110 exec/s: 4764 rss: 138Mb L: 52/110 MS: 1 EraseBytes-
#14339	NEW    cov: 3570 ft: 7549 corp: 602/18Kb lim: 110 exec/s: 4779 rss: 138Mb L: 85/110 MS: 2 PersAutoDict-InsertRepeatedBytes- DE: "\000\000\000\000"-
#14376	REDUCE cov: 3570 ft: 7549 corp: 602/18Kb lim: 110 exec/s: 4792 rss: 138Mb L: 31/110 MS: 2 ChangeBit-EraseBytes-
#14422	REDUCE cov: 3570 ft: 7549 corp: 602/18Kb lim: 110 exec/s: 4807 rss: 138Mb L: 2/110 MS: 1 EraseBytes-
#14509	REDUCE cov: 3570 ft: 7549 corp: 602/18Kb lim: 110 exec/s: 4836 rss: 139Mb L: 45/110 MS: 2 ChangeBit-EraseBytes-
#14545	REDUCE cov: 3571 ft: 7550 corp: 603/18Kb lim: 110 exec/s: 4848 rss: 139Mb L: 99/110 MS: 1 CrossOver-
#14562	REDUCE cov: 3571 ft: 7550 corp: 603/18Kb lim: 110 exec/s: 4854 rss: 139Mb L: 22/110 MS: 2 CopyPart-EraseBytes-
#14583	NEW    cov: 3571 ft: 7552 corp: 604/18Kb lim: 110 exec/s: 4861 rss: 139Mb L: 49/110 MS: 1 CopyPart-
#14584	REDUCE cov: 3571 ft: 7554 corp: 605/18Kb lim: 110 exec/s: 4861 rss: 139Mb L: 67/110 MS: 1 CMP- DE: "\000\000\000\000\000\000\000$"-
#14614	REDUCE cov: 3571 ft: 7554 corp: 605/18Kb lim: 110 exec/s: 4871 rss: 139Mb L: 10/110 MS: 5 InsertByte-CMP-ChangeBit-ChangeByte-EraseBytes- DE: "\004;"-
#14625	REDUCE cov: 3571 ft: 7557 corp: 606/18Kb lim: 110 exec/s: 4875 rss: 139Mb L: 66/110 MS: 1 CopyPart-
#14710	REDUCE cov: 3571 ft: 7557 corp: 606/18Kb lim: 110 exec/s: 4903 rss: 140Mb L: 47/110 MS: 5 ChangeBinInt-CMP-InsertRepeatedBytes-CrossOver-EraseBytes- DE: "fae"-
#14803	REDUCE cov: 3571 ft: 7557 corp: 606/18Kb lim: 110 exec/s: 4934 rss: 140Mb L: 12/110 MS: 3 ChangeByte-ChangeBinInt-EraseBytes-
#14824	REDUCE cov: 3571 ft: 7557 corp: 606/18Kb lim: 110 exec/s: 4941 rss: 140Mb L: 73/110 MS: 1 EraseBytes-
#14850	NEW    cov: 3571 ft: 7558 corp: 607/18Kb lim: 110 exec/s: 4950 rss: 140Mb L: 31/110 MS: 1 PersAutoDict- DE: "tru\036\036"-
#14892	REDUCE cov: 3571 ft: 7558 corp: 607/18Kb lim: 110 exec/s: 4964 rss: 141Mb L: 25/110 MS: 2 ChangeBinInt-EraseBytes-
#14918	REDUCE cov: 3571 ft: 7558 corp: 607/18Kb lim: 110 exec/s: 4972 rss: 141Mb L: 7/110 MS: 1 EraseBytes-
#14928	REDUCE cov: 3572 ft: 7559 corp: 608/18Kb lim: 110 exec/s: 4976 rss: 141Mb L: 110/110 MS: 5 ChangeBit-ChangeBit-InsertRepeatedBytes-CopyPart-InsertByte-
#14944	NEW    cov: 3572 ft: 7561 corp: 609/18Kb lim: 110 exec/s: 4981 rss: 141Mb L: 11/110 MS: 1 ChangeByte-
#14956	NEW    cov: 3573 ft: 7562 corp: 610/18Kb lim: 110 exec/s: 4985 rss: 141Mb L: 14/110 MS: 2 EraseBytes-CrossOver-
#14994	REDUCE cov: 3573 ft: 7562 corp: 610/18Kb lim: 110 exec/s: 4998 rss: 141Mb L: 47/110 MS: 3 ChangeByte-CMP-EraseBytes- DE: "Unit"-
#15009	NEW    cov: 3573 ft: 7563 corp: 611/19Kb lim: 110 exec/s: 5003 rss: 141Mb L: 95/110 MS: 5 CrossOver-ShuffleBytes-InsertRepeatedBytes-ShuffleBytes-ChangeBit-
#15020	REDUCE cov: 3573 ft: 7564 corp: 612/19Kb lim: 110 exec/s: 5006 rss: 141Mb L: 47/110 MS: 1 ShuffleBytes-
#15046	REDUCE cov: 3573 ft: 7565 corp: 613/19Kb lim: 110 exec/s: 5015 rss: 141Mb L: 63/110 MS: 1 CrossOver-
#15053	NEW    cov: 3573 ft: 7566 corp: 614/19Kb lim: 110 exec/s: 5017 rss: 141Mb L: 23/110 MS: 2 InsertRepeatedBytes-PersAutoDict- DE: "\014\000\000\000\000\000\000\200"-
#15058	REDUCE cov: 3573 ft: 7567 corp: 615/19Kb lim: 110 exec/s: 5019 rss: 142Mb L: 14/110 MS: 5 PersAutoDict-ShuffleBytes-CMP-ChangeASCIIInt-CMP- DE: "x#::"-"t\\u00"-"true"-
#15109	NEW    cov: 3573 ft: 7568 corp: 616/19Kb lim: 110 exec/s: 5036 rss: 142Mb L: 102/110 MS: 1 InsertRepeatedBytes-
#15135	NEW    cov: 3573 ft: 7592 corp: 617/19Kb lim: 110 exec/s: 5045 rss: 142Mb L: 20/110 MS: 1 CrossOver-
#15202	REDUCE cov: 3573 ft: 7592 corp: 617/19Kb lim: 110 exec/s: 5067 rss: 142Mb L: 64/110 MS: 2 ChangeByte-EraseBytes-
#15204	NEW    cov: 3573 ft: 7593 corp: 618/19Kb lim: 110 exec/s: 5068 rss: 142Mb L: 34/110 MS: 2 ShuffleBytes-EraseBytes-
#15261	NEW    cov: 3574 ft: 7597 corp: 619/19Kb lim: 110 exec/s: 5087 rss: 143Mb L: 78/110 MS: 2 ChangeBit-ChangeByte-
#15262	REDUCE cov: 3574 ft: 7597 corp: 619/19Kb lim: 110 exec/s: 5087 rss: 143Mb L: 42/110 MS: 1 EraseBytes-
#15301	REDUCE cov: 3575 ft: 7600 corp: 620/19Kb lim: 110 exec/s: 5100 rss: 143Mb L: 67/110 MS: 4 InsertRepeatedBytes-CrossOver-ChangeBinInt-ChangeByte-
#15317	NEW    cov: 3575 ft: 7608 corp: 621/19Kb lim: 110 exec/s: 5105 rss: 143Mb L: 104/110 MS: 1 ChangeBinInt-
#15319	REDUCE cov: 3575 ft: 7608 corp: 621/19Kb lim: 110 exec/s: 5106 rss: 143Mb L: 54/110 MS: 2 PersAutoDict-EraseBytes- DE: "\007\000\000\000\000\000\000\000"-
#15454	REDUCE cov: 3575 ft: 7608 corp: 621/19Kb lim: 110 exec/s: 5151 rss: 143Mb L: 57/110 MS: 5 InsertRepeatedBytes-ChangeByte-ChangeBinInt-ChangeBit-EraseBytes-
#15559	NEW    cov: 3575 ft: 7609 corp: 622/19Kb lim: 110 exec/s: 5186 rss: 144Mb L: 25/110 MS: 5 PersAutoDict-CopyPart-ChangeBinInt-InsertByte-InsertByte- DE: "\000\000\000\000\000\000\000\000"-
#15590	NEW    cov: 3589 ft: 7623 corp: 623/19Kb lim: 110 exec/s: 5196 rss: 144Mb L: 13/110 MS: 1 ChangeBinInt-
#15604	REDUCE cov: 3593 ft: 7631 corp: 624/19Kb lim: 110 exec/s: 5201 rss: 144Mb L: 29/110 MS: 4 ShuffleBytes-CopyPart-CopyPart-CMP- DE: "\013\000\000\000\000\000\000\000"-
#15640	REDUCE cov: 3597 ft: 7635 corp: 625/19Kb lim: 110 exec/s: 5213 rss: 144Mb L: 15/110 MS: 1 ShuffleBytes-
#15681	REDUCE cov: 3597 ft: 7635 corp: 625/19Kb lim: 110 exec/s: 5227 rss: 144Mb L: 69/110 MS: 1 EraseBytes-
#15697	NEW    cov: 3597 ft: 7636 corp: 626/19Kb lim: 110 exec/s: 5232 rss: 145Mb L: 25/110 MS: 1 ChangeBinInt-
#15707	NEW    cov: 3597 ft: 7638 corp: 627/19Kb lim: 110 exec/s: 5235 rss: 145Mb L: 38/110 MS: 5 ChangeByte-ChangeByte-CopyPart-CopyPart-ShuffleBytes-
#15803	NEW    cov: 3597 ft: 7640 corp: 628/19Kb lim: 110 exec/s: 5267 rss: 145Mb L: 96/110 MS: 1 CopyPart-
#15821	NEW    cov: 3597 ft: 7642 corp: 629/19Kb lim: 110 exec/s: 5273 rss: 145Mb L: 100/110 MS: 3 InsertRepeatedBytes-PersAutoDict-PersAutoDict- DE: "\001\000\000\000\000\000\000\015"-"\015\000\000\000\000\000\000\200"-
#15912	REDUCE cov: 3597 ft: 7642 corp: 629/19Kb lim: 110 exec/s: 5304 rss: 145Mb L: 27/110 MS: 1 EraseBytes-
#15943	NEW    cov: 3599 ft: 7652 corp: 630/19Kb lim: 110 exec/s: 5314 rss: 145Mb L: 20/110 MS: 1 PersAutoDict- DE: "\377\377"-
#15962	REDUCE cov: 3599 ft: 7652 corp: 630/19Kb lim: 110 exec/s: 5320 rss: 146Mb L: 21/110 MS: 4 CopyPart-ShuffleBytes-ShuffleBytes-EraseBytes-
#16006	REDUCE cov: 3599 ft: 7653 corp: 631/19Kb lim: 110 exec/s: 5335 rss: 146Mb L: 52/110 MS: 4 CopyPart-CopyPart-ChangeBit-CopyPart-
#16072	REDUCE cov: 3599 ft: 7653 corp: 631/19Kb lim: 110 exec/s: 5357 rss: 146Mb L: 21/110 MS: 1 EraseBytes-
#16085	NEW    cov: 3599 ft: 7654 corp: 632/19Kb lim: 110 exec/s: 5361 rss: 146Mb L: 29/110 MS: 3 ChangeBinInt-CMP-ChangeBinInt- DE: "\377\377\377{"-
#16093	REDUCE cov: 3599 ft: 7654 corp: 632/19Kb lim: 110 exec/s: 5364 rss: 146Mb L: 12/110 MS: 3 ChangeByte-ChangeBit-EraseBytes-
#16104	REDUCE cov: 3599 ft: 7655 corp: 633/19Kb lim: 110 exec/s: 5368 rss: 146Mb L: 99/110 MS: 1 CrossOver-
#16115	NEW    cov: 3605 ft: 7662 corp: 634/19Kb lim: 110 exec/s: 5371 rss: 146Mb L: 20/110 MS: 1 CrossOver-
#16144	REDUCE cov: 3605 ft: 7662 corp: 634/19Kb lim: 110 exec/s: 5381 rss: 146Mb L: 43/110 MS: 4 ChangeBit-CopyPart-CMP-EraseBytes- DE: "\010\000\000\000\000\000\000\000"-
#16214	NEW    cov: 3605 ft: 7663 corp: 635/20Kb lim: 110 exec/s: 5404 rss: 147Mb L: 109/110 MS: 5 ChangeBit-ShuffleBytes-InsertRepeatedBytes-CrossOver-ChangeByte-
#16222	REDUCE cov: 3605 ft: 7663 corp: 635/20Kb lim: 110 exec/s: 5407 rss: 147Mb L: 79/110 MS: 3 ChangeASCIIInt-InsertByte-EraseBytes-
#16277	REDUCE cov: 3605 ft: 7663 corp: 635/20Kb lim: 110 exec/s: 5425 rss: 147Mb L: 36/110 MS: 5 PersAutoDict-CrossOver-InsertByte-CMP-EraseBytes- DE: "\377\377\377\377\377\377\377\004"-">\012\000\000"-
#16278	REDUCE cov: 3605 ft: 7664 corp: 636/20Kb lim: 110 exec/s: 5426 rss: 147Mb L: 41/110 MS: 1 CrossOver-
#16279	NEW    cov: 3605 ft: 7679 corp: 637/20Kb lim: 110 exec/s: 5426 rss: 147Mb L: 31/110 MS: 1 CrossOver-
#16280	NEW    cov: 3605 ft: 7680 corp: 638/20Kb lim: 110 exec/s: 5426 rss: 147Mb L: 3/110 MS: 1 EraseBytes-
#16296	NEW    cov: 3606 ft: 7681 corp: 639/20Kb lim: 110 exec/s: 5432 rss: 147Mb L: 47/110 MS: 1 CrossOver-
#16304	NEW    cov: 3606 ft: 7682 corp: 640/20Kb lim: 110 exec/s: 5434 rss: 148Mb L: 16/110 MS: 3 ChangeByte-CrossOver-EraseBytes-
#16321	NEW    cov: 3606 ft: 7685 corp: 641/20Kb lim: 110 exec/s: 5440 rss: 148Mb L: 12/110 MS: 2 ChangeByte-EraseBytes-
#16384	pulse  cov: 3606 ft: 7685 corp: 641/20Kb lim: 110 exec/s: 5461 rss: 148Mb
#16389	REDUCE cov: 3606 ft: 7685 corp: 641/20Kb lim: 110 exec/s: 5463 rss: 148Mb L: 5/110 MS: 3 EraseBytes-InsertByte-CopyPart-
#16495	REDUCE cov: 3606 ft: 7685 corp: 641/20Kb lim: 110 exec/s: 5498 rss: 148Mb L: 12/110 MS: 1 EraseBytes-
#16502	NEW    cov: 3607 ft: 7686 corp: 642/20Kb lim: 110 exec/s: 5500 rss: 148Mb L: 18/110 MS: 2 ChangeASCIIInt-EraseBytes-
#16538	NEW    cov: 3607 ft: 7697 corp: 643/20Kb lim: 110 exec/s: 5512 rss: 148Mb L: 63/110 MS: 1 EraseBytes-
#16547	REDUCE cov: 3607 ft: 7702 corp: 644/20Kb lim: 110 exec/s: 5515 rss: 149Mb L: 61/110 MS: 4 ChangeBit-ChangeByte-ChangeBit-EraseBytes-
#16586	NEW    cov: 3614 ft: 7709 corp: 645/20Kb lim: 110 exec/s: 5528 rss: 149Mb L: 36/110 MS: 4 CMP-ChangeBinInt-InsertByte-InsertByte- DE: "\000\000\000\000\000\000\000\001"-
#16608	NEW    cov: 3614 ft: 7711 corp: 646/20Kb lim: 110 exec/s: 5536 rss: 149Mb L: 35/110 MS: 2 ChangeASCIIInt-ChangeASCIIInt-
#16630	NEW    cov: 3630 ft: 7735 corp: 647/20Kb lim: 110 exec/s: 5543 rss: 149Mb L: 13/110 MS: 2 ChangeASCIIInt-ChangeBinInt-
#16631	NEW    cov: 3630 ft: 7736 corp: 648/20Kb lim: 110 exec/s: 5543 rss: 149Mb L: 21/110 MS: 1 EraseBytes-
#16633	REDUCE cov: 3630 ft: 7736 corp: 648/20Kb lim: 110 exec/s: 5544 rss: 149Mb L: 23/110 MS: 2 ShuffleBytes-EraseBytes-
#16638	REDUCE cov: 3630 ft: 7737 corp: 649/20Kb lim: 110 exec/s: 5546 rss: 149Mb L: 17/110 MS: 5 CrossOver-EraseBytes-ChangeASCIIInt-CMP-CopyPart- DE: "Unid"-
#16639	REDUCE cov: 3630 ft: 7737 corp: 649/20Kb lim: 110 exec/s: 5546 rss: 149Mb L: 14/110 MS: 1 EraseBytes-
#16660	REDUCE cov: 3630 ft: 7737 corp: 649/20Kb lim: 110 exec/s: 5553 rss: 149Mb L: 23/110 MS: 1 EraseBytes-
#16734	NEW    cov: 3630 ft: 7743 corp: 650/20Kb lim: 110 exec/s: 5578 rss: 150Mb L: 53/110 MS: 4 ChangeBinInt-ChangeBinInt-ChangeBit-EraseBytes-
#16775	REDUCE cov: 3630 ft: 7743 corp: 650/20Kb lim: 110 exec/s: 5591 rss: 150Mb L: 7/110 MS: 1 EraseBytes-
#16786	REDUCE cov: 3630 ft: 7743 corp: 650/20Kb lim: 110 exec/s: 5595 rss: 150Mb L: 36/110 MS: 1 EraseBytes-
#16799	REDUCE cov: 3630 ft: 7744 corp: 651/20Kb lim: 110 exec/s: 5599 rss: 150Mb L: 48/110 MS: 3 ChangeByte-InsertRepeatedBytes-CrossOver-
#16806	NEW    cov: 3630 ft: 7794 corp: 652/20Kb lim: 110 exec/s: 5602 rss: 150Mb L: 76/110 MS: 2 ChangeASCIIInt-InsertRepeatedBytes-
#16830	REDUCE cov: 3630 ft: 7794 corp: 652/20Kb lim: 110 exec/s: 5610 rss: 150Mb L: 68/110 MS: 4 ChangeBit-ChangeBit-ChangeBit-EraseBytes-
#16875	NEW    cov: 3632 ft: 7798 corp: 653/20Kb lim: 110 exec/s: 5625 rss: 151Mb L: 67/110 MS: 5 CopyPart-CopyPart-CrossOver-EraseBytes-EraseBytes-
#16901	REDUCE cov: 3632 ft: 7798 corp: 653/20Kb lim: 110 exec/s: 5633 rss: 151Mb L: 23/110 MS: 1 EraseBytes-
#16942	REDUCE cov: 3632 ft: 7798 corp: 653/20Kb lim: 110 exec/s: 5647 rss: 151Mb L: 12/110 MS: 1 EraseBytes-
#17013	NEW    cov: 3632 ft: 7800 corp: 654/20Kb lim: 110 exec/s: 5671 rss: 151Mb L: 27/110 MS: 1 CopyPart-
#17025	NEW    cov: 3632 ft: 7805 corp: 655/20Kb lim: 110 exec/s: 5675 rss: 151Mb L: 34/110 MS: 2 ChangeBinInt-ChangeBinInt-
#17066	REDUCE cov: 3632 ft: 7805 corp: 655/20Kb lim: 110 exec/s: 5688 rss: 151Mb L: 58/110 MS: 1 EraseBytes-
#17080	NEW    cov: 3633 ft: 7806 corp: 656/20Kb lim: 110 exec/s: 5693 rss: 151Mb L: 97/110 MS: 4 ShuffleBytes-InsertByte-ShuffleBytes-CrossOver-
#17088	REDUCE cov: 3633 ft: 7806 corp: 656/20Kb lim: 110 exec/s: 5696 rss: 152Mb L: 68/110 MS: 3 CopyPart-CopyPart-EraseBytes-
#17091	REDUCE cov: 3633 ft: 7816 corp: 657/20Kb lim: 110 exec/s: 5697 rss: 152Mb L: 42/110 MS: 3 ChangeASCIIInt-ChangeBit-PersAutoDict- DE: "5\000\000\000\000\000\000\000"-
#17223	NEW    cov: 3633 ft: 7817 corp: 658/20Kb lim: 110 exec/s: 5741 rss: 152Mb L: 56/110 MS: 2 InsertRepeatedBytes-CopyPart-
#17321	NEW    cov: 3634 ft: 7821 corp: 659/20Kb lim: 110 exec/s: 5773 rss: 152Mb L: 9/110 MS: 3 ChangeASCIIInt-InsertByte-ShuffleBytes-
#17345	REDUCE cov: 3634 ft: 7821 corp: 659/20Kb lim: 110 exec/s: 5781 rss: 153Mb L: 61/110 MS: 4 CrossOver-InsertByte-InsertByte-EraseBytes-
#17388	REDUCE cov: 3634 ft: 7821 corp: 659/20Kb lim: 110 exec/s: 5796 rss: 153Mb L: 36/110 MS: 3 ChangeBit-InsertByte-EraseBytes-
#17415	REDUCE cov: 3634 ft: 7821 corp: 659/20Kb lim: 110 exec/s: 5805 rss: 153Mb L: 6/110 MS: 2 PersAutoDict-EraseBytes- DE: "\000\000\000\000\000\000\000\001"-
#17499	REDUCE cov: 3634 ft: 7822 corp: 660/20Kb lim: 110 exec/s: 5833 rss: 153Mb L: 94/110 MS: 4 CopyPart-ShuffleBytes-InsertRepeatedBytes-CopyPart-
#17536	NEW    cov: 3634 ft: 7829 corp: 661/20Kb lim: 110 exec/s: 5845 rss: 153Mb L: 10/110 MS: 2 ShuffleBytes-CrossOver-
#17594	NEW    cov: 3634 ft: 7830 corp: 662/20Kb lim: 110 exec/s: 4398 rss: 154Mb L: 20/110 MS: 3 ChangeBinInt-ChangeBit-EraseBytes-
#17611	REDUCE cov: 3634 ft: 7831 corp: 663/21Kb lim: 110 exec/s: 4402 rss: 154Mb L: 94/110 MS: 2 ChangeByte-InsertRepeatedBytes-
#17641	NEW    cov: 3634 ft: 7832 corp: 664/21Kb lim: 110 exec/s: 4410 rss: 154Mb L: 102/110 MS: 5 ChangeBit-InsertRepeatedBytes-EraseBytes-CrossOver-InsertRepeatedBytes-
#17655	REDUCE cov: 3634 ft: 7834 corp: 665/21Kb lim: 110 exec/s: 4413 rss: 154Mb L: 34/110 MS: 4 EraseBytes-ChangeBit-ChangeBit-EraseBytes-
#17681	NEW    cov: 3634 ft: 7837 corp: 666/21Kb lim: 110 exec/s: 4420 rss: 154Mb L: 75/110 MS: 1 CMP- DE: "\376\377\377\364"-
#17682	REDUCE cov: 3634 ft: 7837 corp: 666/21Kb lim: 110 exec/s: 4420 rss: 154Mb L: 34/110 MS: 1 EraseBytes-
#17736	REDUCE cov: 3634 ft: 7837 corp: 666/21Kb lim: 110 exec/s: 4434 rss: 154Mb L: 12/110 MS: 4 ChangeASCIIInt-ChangeByte-ChangeBinInt-EraseBytes-
#17742	NEW    cov: 3635 ft: 7846 corp: 667/21Kb lim: 110 exec/s: 4435 rss: 154Mb L: 10/110 MS: 1 CMP- DE: "\001\000\000\020"-
#17748	NEW    cov: 3635 ft: 7847 corp: 668/21Kb lim: 110 exec/s: 4437 rss: 154Mb L: 34/110 MS: 1 CopyPart-
#17791	REDUCE cov: 3635 ft: 7847 corp: 668/21Kb lim: 110 exec/s: 4447 rss: 155Mb L: 80/110 MS: 3 ChangeASCIIInt-ChangeBit-EraseBytes-
#17808	NEW    cov: 3635 ft: 7848 corp: 669/21Kb lim: 110 exec/s: 4452 rss: 155Mb L: 92/110 MS: 2 ChangeBit-InsertRepeatedBytes-
#17821	REDUCE cov: 3635 ft: 7848 corp: 669/21Kb lim: 110 exec/s: 4455 rss: 155Mb L: 13/110 MS: 3 PersAutoDict-ShuffleBytes-CrossOver- DE: "fae"-
#17837	NEW    cov: 3635 ft: 7849 corp: 670/21Kb lim: 110 exec/s: 4459 rss: 155Mb L: 8/110 MS: 1 ChangeBit-
#17843	NEW    cov: 3635 ft: 7850 corp: 671/21Kb lim: 110 exec/s: 4460 rss: 155Mb L: 32/110 MS: 1 EraseBytes-
#17852	REDUCE cov: 3635 ft: 7850 corp: 671/21Kb lim: 110 exec/s: 4463 rss: 155Mb L: 66/110 MS: 4 ChangeASCIIInt-InsertByte-EraseBytes-EraseBytes-
#17863	NEW    cov: 3635 ft: 7851 corp: 672/21Kb lim: 110 exec/s: 4465 rss: 155Mb L: 94/110 MS: 1 CrossOver-
#17887	NEW    cov: 3637 ft: 7853 corp: 673/21Kb lim: 110 exec/s: 4471 rss: 156Mb L: 104/110 MS: 4 PersAutoDict-EraseBytes-ShuffleBytes-ShuffleBytes- DE: "false2"-
#17973	NEW    cov: 3637 ft: 7854 corp: 674/21Kb lim: 110 exec/s: 4493 rss: 156Mb L: 48/110 MS: 1 InsertRepeatedBytes-
#18101	NEW    cov: 3638 ft: 7856 corp: 675/21Kb lim: 110 exec/s: 4525 rss: 156Mb L: 18/110 MS: 3 ChangeByte-ChangeByte-CMP- DE: "foo"-
#18130	REDUCE cov: 3638 ft: 7856 corp: 675/21Kb lim: 110 exec/s: 4532 rss: 156Mb L: 15/110 MS: 4 ShuffleBytes-PersAutoDict-ChangeByte-EraseBytes- DE: "\000\000"-
#18264	REDUCE cov: 3638 ft: 7856 corp: 675/21Kb lim: 110 exec/s: 4566 rss: 157Mb L: 50/110 MS: 4 ChangeBinInt-CrossOver-ShuffleBytes-EraseBytes-
#18330	NEW    cov: 3638 ft: 7872 corp: 676/21Kb lim: 110 exec/s: 4582 rss: 157Mb L: 7/110 MS: 1 ChangeBinInt-
#18353	NEW    cov: 3640 ft: 7874 corp: 677/21Kb lim: 110 exec/s: 4588 rss: 157Mb L: 6/110 MS: 3 PersAutoDict-CopyPart-EraseBytes- DE: "f\036\000\000\000\000"-
#18358	REDUCE cov: 3640 ft: 7874 corp: 677/21Kb lim: 110 exec/s: 4589 rss: 157Mb L: 67/110 MS: 5 InsertByte-ChangeBit-ShuffleBytes-CMP-EraseBytes- DE: "\377\377\377\373"-
#18359	REDUCE cov: 3640 ft: 7874 corp: 677/21Kb lim: 110 exec/s: 4589 rss: 157Mb L: 58/110 MS: 1 EraseBytes-
#18419	REDUCE cov: 3640 ft: 7874 corp: 677/21Kb lim: 110 exec/s: 4604 rss: 158Mb L: 24/110 MS: 5 InsertByte-ChangeASCIIInt-ChangeByte-EraseBytes-EraseBytes-
#18440	NEW    cov: 3640 ft: 7875 corp: 678/21Kb lim: 110 exec/s: 4610 rss: 158Mb L: 94/110 MS: 1 CopyPart-
#18551	NEW    cov: 3641 ft: 7876 corp: 679/21Kb lim: 110 exec/s: 4637 rss: 158Mb L: 21/110 MS: 1 InsertByte-
#18618	NEW    cov: 3641 ft: 7877 corp: 680/21Kb lim: 110 exec/s: 4654 rss: 158Mb L: 68/110 MS: 2 InsertRepeatedBytes-EraseBytes-
#18646	REDUCE cov: 3641 ft: 7877 corp: 680/21Kb lim: 110 exec/s: 4661 rss: 159Mb L: 59/110 MS: 3 CrossOver-ChangeByte-EraseBytes-
#18677	NEW    cov: 3641 ft: 7878 corp: 681/21Kb lim: 110 exec/s: 4669 rss: 159Mb L: 9/110 MS: 1 CrossOver-
#18694	REDUCE cov: 3641 ft: 7878 corp: 681/21Kb lim: 110 exec/s: 4673 rss: 159Mb L: 79/110 MS: 2 ChangeBit-EraseBytes-
#18722	REDUCE cov: 3641 ft: 7878 corp: 681/21Kb lim: 110 exec/s: 4680 rss: 159Mb L: 57/110 MS: 3 InsertByte-ShuffleBytes-EraseBytes-
#18756	REDUCE cov: 3641 ft: 7878 corp: 681/21Kb lim: 110 exec/s: 4689 rss: 159Mb L: 16/110 MS: 4 ShuffleBytes-ChangeBit-ChangeBinInt-EraseBytes-
#18773	NEW    cov: 3641 ft: 7879 corp: 682/21Kb lim: 110 exec/s: 4693 rss: 159Mb L: 37/110 MS: 2 EraseBytes-ShuffleBytes-
#18794	NEW    cov: 3641 ft: 7881 corp: 683/21Kb lim: 110 exec/s: 4698 rss: 159Mb L: 63/110 MS: 1 ChangeBit-
#18796	NEW    cov: 3641 ft: 7882 corp: 684/21Kb lim: 110 exec/s: 4699 rss: 160Mb L: 108/110 MS: 2 InsertByte-CopyPart-
#18842	NEW    cov: 3641 ft: 7883 corp: 685/21Kb lim: 110 exec/s: 4710 rss: 160Mb L: 15/110 MS: 1 CMP- DE: "frue"-
#18848	REDUCE cov: 3641 ft: 7883 corp: 685/21Kb lim: 110 exec/s: 4712 rss: 160Mb L: 10/110 MS: 1 EraseBytes-
#18858	REDUCE cov: 3641 ft: 7883 corp: 685/21Kb lim: 110 exec/s: 4714 rss: 160Mb L: 74/110 MS: 5 EraseBytes-InsertRepeatedBytes-ShuffleBytes-PersAutoDict-EraseBytes- DE: "\360\000\000&"-
#18873	REDUCE cov: 3641 ft: 7883 corp: 685/21Kb lim: 110 exec/s: 4718 rss: 160Mb L: 100/110 MS: 5 CMP-InsertByte-PersAutoDict-ChangeBit-EraseBytes- DE: "\001\000\000\000\000\000\000~"-"foo\" :"-
#18884	NEW    cov: 3642 ft: 7884 corp: 686/21Kb lim: 110 exec/s: 4721 rss: 160Mb L: 19/110 MS: 1 PersAutoDict- DE: "Unid"-
#18993	REDUCE cov: 3642 ft: 7887 corp: 687/21Kb lim: 110 exec/s: 4748 rss: 161Mb L: 19/110 MS: 4 ChangeASCIIInt-ShuffleBytes-EraseBytes-ShuffleBytes-
#19023	NEW    cov: 3642 ft: 7890 corp: 688/21Kb lim: 110 exec/s: 4755 rss: 161Mb L: 107/110 MS: 5 ChangeBit-CMP-ChangeBit-ChangeBit-CrossOver- DE: "U\000\000\000"-
#19090	NEW    cov: 3642 ft: 7892 corp: 689/22Kb lim: 110 exec/s: 4772 rss: 161Mb L: 42/110 MS: 2 ChangeBit-CopyPart-
#19101	NEW    cov: 3642 ft: 7894 corp: 690/22Kb lim: 110 exec/s: 4775 rss: 161Mb L: 21/110 MS: 1 CrossOver-
#19104	REDUCE cov: 3642 ft: 7894 corp: 690/22Kb lim: 110 exec/s: 4776 rss: 161Mb L: 99/110 MS: 3 ChangeASCIIInt-CrossOver-ChangeBit-
#19105	REDUCE cov: 3642 ft: 7894 corp: 690/22Kb lim: 110 exec/s: 4776 rss: 161Mb L: 88/110 MS: 1 EraseBytes-
#19176	REDUCE cov: 3642 ft: 7894 corp: 690/22Kb lim: 110 exec/s: 4794 rss: 161Mb L: 19/110 MS: 1 EraseBytes-
#19188	NEW    cov: 3642 ft: 7911 corp: 691/22Kb lim: 110 exec/s: 4797 rss: 162Mb L: 83/110 MS: 2 CopyPart-InsertRepeatedBytes-
#19194	REDUCE cov: 3642 ft: 7911 corp: 691/22Kb lim: 110 exec/s: 4798 rss: 162Mb L: 42/110 MS: 1 EraseBytes-
#19196	NEW    cov: 3643 ft: 7913 corp: 692/22Kb lim: 110 exec/s: 4799 rss: 162Mb L: 37/110 MS: 2 PersAutoDict-EraseBytes- DE: "f\036\000\000\000\000"-
#19222	NEW    cov: 3643 ft: 7931 corp: 693/22Kb lim: 110 exec/s: 4805 rss: 162Mb L: 49/110 MS: 1 CopyPart-
#19238	REDUCE cov: 3643 ft: 7931 corp: 693/22Kb lim: 110 exec/s: 4809 rss: 162Mb L: 26/110 MS: 1 EraseBytes-
#19239	NEW    cov: 3643 ft: 7936 corp: 694/22Kb lim: 110 exec/s: 4809 rss: 162Mb L: 14/110 MS: 1 ChangeByte-
#19253	REDUCE cov: 3643 ft: 7936 corp: 694/22Kb lim: 110 exec/s: 4813 rss: 162Mb L: 40/110 MS: 4 InsertByte-ChangeByte-InsertRepeatedBytes-CrossOver-
#19254	REDUCE cov: 3643 ft: 7936 corp: 694/22Kb lim: 110 exec/s: 4813 rss: 162Mb L: 49/110 MS: 1 CrossOver-
#19362	REDUCE cov: 3643 ft: 7936 corp: 694/22Kb lim: 110 exec/s: 4840 rss: 163Mb L: 21/110 MS: 3 ChangeBinInt-CrossOver-EraseBytes-
#19367	NEW    cov: 3643 ft: 7937 corp: 695/22Kb lim: 110 exec/s: 4841 rss: 163Mb L: 108/110 MS: 5 ShuffleBytes-CopyPart-InsertRepeatedBytes-ChangeByte-InsertByte-
#19439	NEW    cov: 3643 ft: 7939 corp: 696/22Kb lim: 110 exec/s: 4859 rss: 163Mb L: 36/110 MS: 2 ShuffleBytes-ChangeBinInt-
#19456	NEW    cov: 3643 ft: 7940 corp: 697/22Kb lim: 110 exec/s: 4864 rss: 163Mb L: 17/110 MS: 2 ChangeBit-EraseBytes-
#19522	REDUCE cov: 3643 ft: 7940 corp: 697/22Kb lim: 110 exec/s: 4880 rss: 163Mb L: 30/110 MS: 1 EraseBytes-
#19536	REDUCE cov: 3643 ft: 7940 corp: 697/22Kb lim: 110 exec/s: 4884 rss: 163Mb L: 97/110 MS: 4 ChangeBinInt-ShuffleBytes-PersAutoDict-EraseBytes- DE: "\022\000\000\000\000\000\000\000"-
#19549	NEW    cov: 3643 ft: 7942 corp: 698/22Kb lim: 110 exec/s: 4887 rss: 163Mb L: 85/110 MS: 3 CrossOver-InsertByte-InsertRepeatedBytes-
#19594	REDUCE cov: 3643 ft: 7942 corp: 698/22Kb lim: 110 exec/s: 4898 rss: 164Mb L: 49/110 MS: 5 InsertRepeatedBytes-ChangeByte-EraseBytes-InsertRepeatedBytes-CrossOver-
#19595	NEW    cov: 3643 ft: 7945 corp: 699/22Kb lim: 110 exec/s: 4898 rss: 164Mb L: 66/110 MS: 1 ChangeASCIIInt-
#19604	NEW    cov: 3643 ft: 7951 corp: 700/22Kb lim: 110 exec/s: 4901 rss: 164Mb L: 108/110 MS: 4 PersAutoDict-ShuffleBytes-InsertByte-CopyPart- DE: "tru\036\036"-
#19617	NEW    cov: 3643 ft: 7952 corp: 701/22Kb lim: 110 exec/s: 4904 rss: 164Mb L: 48/110 MS: 3 ChangeASCIIInt-ChangeBinInt-EraseBytes-
#19665	REDUCE cov: 3643 ft: 7952 corp: 701/22Kb lim: 110 exec/s: 4916 rss: 164Mb L: 46/110 MS: 3 EraseBytes-InsertByte-PersAutoDict- DE: "\001\000\000z"-
#19707	NEW    cov: 3643 ft: 7958 corp: 702/22Kb lim: 110 exec/s: 4926 rss: 164Mb L: 77/110 MS: 2 PersAutoDict-InsertRepeatedBytes- DE: "x\002"-
#19748	REDUCE cov: 3643 ft: 7958 corp: 702/22Kb lim: 110 exec/s: 4937 rss: 165Mb L: 51/110 MS: 1 EraseBytes-
#19765	NEW    cov: 3643 ft: 7959 corp: 703/22Kb lim: 110 exec/s: 4941 rss: 165Mb L: 29/110 MS: 2 ChangeBit-PersAutoDict- DE: "Unid"-
#19800	REDUCE cov: 3643 ft: 7960 corp: 704/22Kb lim: 110 exec/s: 4950 rss: 165Mb L: 54/110 MS: 5 ChangeByte-ChangeByte-ChangeByte-PersAutoDict-ChangeByte- DE: "t\\u00"-
#19839	REDUCE cov: 3653 ft: 7976 corp: 705/22Kb lim: 110 exec/s: 4959 rss: 165Mb L: 30/110 MS: 4 ChangeASCIIInt-ChangeBit-ChangeBinInt-ChangeByte-
#19855	REDUCE cov: 3653 ft: 7976 corp: 705/22Kb lim: 110 exec/s: 4963 rss: 165Mb L: 52/110 MS: 1 EraseBytes-
#19868	NEW    cov: 3654 ft: 7977 corp: 706/22Kb lim: 110 exec/s: 4967 rss: 165Mb L: 28/110 MS: 3 PersAutoDict-EraseBytes-CrossOver- DE: "\377\377\377\373"-
#19914	REDUCE cov: 3654 ft: 7977 corp: 706/22Kb lim: 110 exec/s: 4978 rss: 166Mb L: 59/110 MS: 1 EraseBytes-
#19940	NEW    cov: 3656 ft: 7983 corp: 707/22Kb lim: 110 exec/s: 4985 rss: 166Mb L: 108/110 MS: 1 ShuffleBytes-
#19945	NEW    cov: 3656 ft: 7984 corp: 708/22Kb lim: 110 exec/s: 4986 rss: 166Mb L: 87/110 MS: 5 ChangeBinInt-InsertRepeatedBytes-ShuffleBytes-CrossOver-ChangeASCIIInt-
#19947	REDUCE cov: 3656 ft: 7984 corp: 708/22Kb lim: 110 exec/s: 4986 rss: 166Mb L: 49/110 MS: 2 InsertRepeatedBytes-EraseBytes-
#19983	NEW    cov: 3656 ft: 7994 corp: 709/22Kb lim: 110 exec/s: 4995 rss: 166Mb L: 28/110 MS: 1 CrossOver-
#20019	REDUCE cov: 3656 ft: 7994 corp: 709/22Kb lim: 110 exec/s: 5004 rss: 166Mb L: 24/110 MS: 1 EraseBytes-
#20021	REDUCE cov: 3656 ft: 7994 corp: 709/22Kb lim: 110 exec/s: 5005 rss: 166Mb L: 23/110 MS: 2 EraseBytes-CMP- DE: "\000\000\000\353"-
#20067	NEW    cov: 3658 ft: 7996 corp: 710/22Kb lim: 110 exec/s: 5016 rss: 166Mb L: 3/110 MS: 1 EraseBytes-
#20083	REDUCE cov: 3658 ft: 7996 corp: 710/22Kb lim: 110 exec/s: 5020 rss: 166Mb L: 9/110 MS: 1 EraseBytes-
#20109	REDUCE cov: 3658 ft: 7996 corp: 710/22Kb lim: 110 exec/s: 5027 rss: 167Mb L: 14/110 MS: 1 EraseBytes-
#20140	REDUCE cov: 3658 ft: 7996 corp: 710/22Kb lim: 110 exec/s: 5035 rss: 167Mb L: 40/110 MS: 1 EraseBytes-
#20169	REDUCE cov: 3658 ft: 7996 corp: 710/22Kb lim: 110 exec/s: 5042 rss: 167Mb L: 25/110 MS: 4 PersAutoDict-EraseBytes-EraseBytes-InsertByte- DE: "\001\000\000\000\000\000\0008"-
#20219	REDUCE cov: 3658 ft: 7996 corp: 710/22Kb lim: 110 exec/s: 5054 rss: 167Mb L: 62/110 MS: 5 ChangeByte-InsertRepeatedBytes-ChangeBit-ChangeASCIIInt-EraseBytes-
	NEW_FUNC[1/3]: 0x564ed7721990 in <serde_json::de::Deserializer<serde_json::read::SliceRead>>::parse_decimal_overflow /home/meme/.cargo/registry/src/index.crates.io-1949cf8c6b5b557f/serde_json-1.0.151/src/de.rs:837
	NEW_FUNC[2/3]: 0x564ed7760a80 in <serde_json::de::Deserializer<serde_json::read::StrRead>>::parse_decimal /home/meme/.cargo/registry/src/index.crates.io-1949cf8c6b5b557f/serde_json-1.0.151/src/de.rs:530
#20271	NEW    cov: 3695 ft: 8038 corp: 711/22Kb lim: 110 exec/s: 5067 rss: 167Mb L: 62/110 MS: 2 ChangeASCIIInt-ChangeByte-
#20337	NEW    cov: 3702 ft: 8045 corp: 712/22Kb lim: 110 exec/s: 5084 rss: 167Mb L: 36/110 MS: 1 ChangeBit-
#20363	REDUCE cov: 3702 ft: 8045 corp: 712/22Kb lim: 110 exec/s: 5090 rss: 168Mb L: 64/110 MS: 1 EraseBytes-
#20370	NEW    cov: 3702 ft: 8046 corp: 713/22Kb lim: 110 exec/s: 5092 rss: 168Mb L: 27/110 MS: 2 ChangeBinInt-ChangeBinInt-
#20407	REDUCE cov: 3702 ft: 8046 corp: 713/22Kb lim: 110 exec/s: 5101 rss: 168Mb L: 70/110 MS: 2 ChangeBit-EraseBytes-
#20444	REDUCE cov: 3702 ft: 8046 corp: 713/22Kb lim: 110 exec/s: 5111 rss: 168Mb L: 41/110 MS: 2 ChangeBit-EraseBytes-
#20481	NEW    cov: 3702 ft: 8047 corp: 714/22Kb lim: 110 exec/s: 5120 rss: 168Mb L: 95/110 MS: 2 PersAutoDict-CMP- DE: "\000\000\200\002"-"\\u"-
#20497	REDUCE cov: 3702 ft: 8047 corp: 714/22Kb lim: 110 exec/s: 5124 rss: 168Mb L: 50/110 MS: 1 EraseBytes-
#20538	NEW    cov: 3702 ft: 8049 corp: 715/23Kb lim: 110 exec/s: 5134 rss: 168Mb L: 46/110 MS: 1 InsertRepeatedBytes-
#20589	REDUCE cov: 3702 ft: 8049 corp: 715/23Kb lim: 110 exec/s: 5147 rss: 169Mb L: 38/110 MS: 1 EraseBytes-
#20620	REDUCE cov: 3702 ft: 8049 corp: 715/23Kb lim: 110 exec/s: 5155 rss: 169Mb L: 11/110 MS: 1 EraseBytes-
#20663	REDUCE cov: 3702 ft: 8049 corp: 715/23Kb lim: 110 exec/s: 5165 rss: 169Mb L: 58/110 MS: 3 InsertByte-CopyPart-EraseBytes-
#20665	NEW    cov: 3702 ft: 8050 corp: 716/23Kb lim: 110 exec/s: 5166 rss: 169Mb L: 90/110 MS: 2 InsertRepeatedBytes-CopyPart-
#20674	REDUCE cov: 3702 ft: 8050 corp: 716/23Kb lim: 110 exec/s: 5168 rss: 169Mb L: 20/110 MS: 4 EraseBytes-ChangeBinInt-PersAutoDict-PersAutoDict- DE: "f\036\000\000\000\000"-"true"-
#20735	NEW    cov: 3702 ft: 8052 corp: 717/23Kb lim: 110 exec/s: 5183 rss: 169Mb L: 55/110 MS: 1 EraseBytes-
#20746	REDUCE cov: 3702 ft: 8052 corp: 717/23Kb lim: 110 exec/s: 5186 rss: 169Mb L: 44/110 MS: 1 EraseBytes-
#20782	REDUCE cov: 3702 ft: 8052 corp: 717/23Kb lim: 110 exec/s: 5195 rss: 170Mb L: 9/110 MS: 1 EraseBytes-
#20791	REDUCE cov: 3702 ft: 8052 corp: 717/23Kb lim: 110 exec/s: 5197 rss: 170Mb L: 59/110 MS: 4 InsertByte-EraseBytes-ChangeByte-EraseBytes-
#20892	REDUCE cov: 3702 ft: 8052 corp: 717/23Kb lim: 110 exec/s: 5223 rss: 170Mb L: 45/110 MS: 1 CrossOver-
#20900	NEW    cov: 3702 ft: 8053 corp: 718/23Kb lim: 110 exec/s: 5225 rss: 170Mb L: 95/110 MS: 3 CopyPart-ChangeBit-ChangeASCIIInt-
#20931	REDUCE cov: 3702 ft: 8053 corp: 718/23Kb lim: 110 exec/s: 5232 rss: 170Mb L: 14/110 MS: 1 EraseBytes-
#21017	NEW    cov: 3702 ft: 8054 corp: 719/23Kb lim: 110 exec/s: 5254 rss: 171Mb L: 20/110 MS: 1 CMP- DE: "C\004\000\000"-
#21019	REDUCE cov: 3702 ft: 8054 corp: 719/23Kb lim: 110 exec/s: 5254 rss: 171Mb L: 78/110 MS: 2 CopyPart-EraseBytes-
#21024	NEW    cov: 3702 ft: 8057 corp: 720/23Kb lim: 110 exec/s: 5256 rss: 171Mb L: 22/110 MS: 5 InsertByte-ChangeASCIIInt-PersAutoDict-EraseBytes-CMP- DE: "true\""-"fal\362\211s"-
#21116	REDUCE cov: 3702 ft: 8057 corp: 720/23Kb lim: 110 exec/s: 5279 rss: 171Mb L: 53/110 MS: 2 CopyPart-CrossOver-
#21159	NEW    cov: 3702 ft: 8093 corp: 721/23Kb lim: 110 exec/s: 5289 rss: 171Mb L: 43/110 MS: 3 PersAutoDict-ChangeBinInt-CopyPart- DE: "frue"-
#21170	REDUCE cov: 3702 ft: 8093 corp: 721/23Kb lim: 110 exec/s: 5292 rss: 171Mb L: 71/110 MS: 1 EraseBytes-
#21171	NEW    cov: 3702 ft: 8094 corp: 722/23Kb lim: 110 exec/s: 5292 rss: 171Mb L: 110/110 MS: 1 ShuffleBytes-
#21188	NEW    cov: 3702 ft: 8098 corp: 723/23Kb lim: 110 exec/s: 5297 rss: 171Mb L: 22/110 MS: 2 InsertByte-CrossOver-
#21230	NEW    cov: 3703 ft: 8099 corp: 724/23Kb lim: 110 exec/s: 5307 rss: 172Mb L: 19/110 MS: 2 PersAutoDict-PersAutoDict- DE: "t\216\377\377\016"-"\001\000\000z"-
#21246	REDUCE cov: 3703 ft: 8099 corp: 724/23Kb lim: 110 exec/s: 5311 rss: 172Mb L: 24/110 MS: 1 EraseBytes-
#21263	NEW    cov: 3703 ft: 8101 corp: 725/23Kb lim: 110 exec/s: 5315 rss: 172Mb L: 40/110 MS: 2 CrossOver-EraseBytes-
#21371	REDUCE cov: 3703 ft: 8101 corp: 725/23Kb lim: 110 exec/s: 5342 rss: 172Mb L: 29/110 MS: 3 ChangeASCIIInt-InsertRepeatedBytes-EraseBytes-
#21419	REDUCE cov: 3703 ft: 8101 corp: 725/23Kb lim: 110 exec/s: 5354 rss: 172Mb L: 60/110 MS: 3 ChangeBinInt-ChangeByte-EraseBytes-
#21435	NEW    cov: 3703 ft: 8102 corp: 726/23Kb lim: 110 exec/s: 5358 rss: 172Mb L: 44/110 MS: 1 ChangeBit-
#21449	REDUCE cov: 3703 ft: 8102 corp: 726/23Kb lim: 110 exec/s: 5362 rss: 173Mb L: 61/110 MS: 4 InsertByte-ChangeByte-CopyPart-EraseBytes-
#21505	REDUCE cov: 3703 ft: 8102 corp: 726/23Kb lim: 110 exec/s: 5376 rss: 173Mb L: 13/110 MS: 1 EraseBytes-
#21507	NEW    cov: 3703 ft: 8103 corp: 727/23Kb lim: 110 exec/s: 5376 rss: 173Mb L: 9/110 MS: 2 ChangeByte-EraseBytes-
#21549	NEW    cov: 3703 ft: 8104 corp: 728/23Kb lim: 110 exec/s: 5387 rss: 173Mb L: 15/110 MS: 2 ChangeBit-ChangeBit-
#21577	REDUCE cov: 3703 ft: 8104 corp: 728/23Kb lim: 110 exec/s: 5394 rss: 173Mb L: 74/110 MS: 3 InsertByte-ChangeByte-EraseBytes-
#21598	REDUCE cov: 3703 ft: 8104 corp: 728/23Kb lim: 110 exec/s: 5399 rss: 173Mb L: 61/110 MS: 1 EraseBytes-
#21604	REDUCE cov: 3703 ft: 8104 corp: 728/23Kb lim: 110 exec/s: 5401 rss: 173Mb L: 16/110 MS: 1 EraseBytes-
#21635	REDUCE cov: 3703 ft: 8104 corp: 728/23Kb lim: 110 exec/s: 5408 rss: 174Mb L: 8/110 MS: 1 EraseBytes-
#21666	REDUCE cov: 3703 ft: 8104 corp: 728/23Kb lim: 110 exec/s: 5416 rss: 174Mb L: 20/110 MS: 1 EraseBytes-
#21676	REDUCE cov: 3703 ft: 8104 corp: 728/23Kb lim: 110 exec/s: 5419 rss: 174Mb L: 26/110 MS: 5 PersAutoDict-ShuffleBytes-CrossOver-ShuffleBytes-EraseBytes- DE: "\000\000\000\000"-
#21707	REDUCE cov: 3703 ft: 8104 corp: 728/23Kb lim: 110 exec/s: 5426 rss: 174Mb L: 77/110 MS: 1 EraseBytes-
#21708	NEW    cov: 3703 ft: 8105 corp: 729/23Kb lim: 110 exec/s: 5427 rss: 174Mb L: 37/110 MS: 1 ChangeByte-
#21760	REDUCE cov: 3703 ft: 8105 corp: 729/23Kb lim: 110 exec/s: 5440 rss: 174Mb L: 15/110 MS: 2 CopyPart-EraseBytes-
#21761	NEW    cov: 3703 ft: 8106 corp: 730/23Kb lim: 110 exec/s: 5440 rss: 174Mb L: 12/110 MS: 1 InsertByte-
#21918	NEW    cov: 3703 ft: 8107 corp: 731/23Kb lim: 110 exec/s: 5479 rss: 175Mb L: 76/110 MS: 2 ChangeBit-InsertRepeatedBytes-
#21949	NEW    cov: 3703 ft: 8110 corp: 732/23Kb lim: 110 exec/s: 5487 rss: 175Mb L: 26/110 MS: 1 CrossOver-
#21995	NEW    cov: 3703 ft: 8111 corp: 733/23Kb lim: 110 exec/s: 5498 rss: 175Mb L: 54/110 MS: 1 PersAutoDict- DE: "\012\000\000\000\000\000\000\000"-
#22038	NEW    cov: 3706 ft: 8118 corp: 734/23Kb lim: 110 exec/s: 5509 rss: 175Mb L: 32/110 MS: 3 ChangeBit-EraseBytes-ChangeByte-
#22057	REDUCE cov: 3706 ft: 8118 corp: 734/23Kb lim: 110 exec/s: 5514 rss: 176Mb L: 25/110 MS: 4 CMP-PersAutoDict-ChangeByte-EraseBytes- DE: "\017\000\000\000\000\000\000\000"-"\025\000\000\000\000\000\000\000"-
#22078	REDUCE cov: 3706 ft: 8118 corp: 734/23Kb lim: 110 exec/s: 5519 rss: 176Mb L: 31/110 MS: 1 EraseBytes-
#22097	NEW    cov: 3706 ft: 8134 corp: 735/23Kb lim: 110 exec/s: 5524 rss: 176Mb L: 13/110 MS: 4 ChangeBit-ShuffleBytes-CopyPart-CopyPart-
#22105	REDUCE cov: 3706 ft: 8134 corp: 735/23Kb lim: 110 exec/s: 5526 rss: 176Mb L: 9/110 MS: 3 CrossOver-CrossOver-EraseBytes-
#22172	NEW    cov: 3706 ft: 8137 corp: 736/23Kb lim: 110 exec/s: 5543 rss: 176Mb L: 48/110 MS: 2 ChangeASCIIInt-CopyPart-
#22232	NEW    cov: 3706 ft: 8139 corp: 737/23Kb lim: 110 exec/s: 5558 rss: 176Mb L: 45/110 MS: 5 ChangeASCIIInt-EraseBytes-ChangeASCIIInt-ShuffleBytes-InsertByte-
#22238	REDUCE cov: 3706 ft: 8139 corp: 737/23Kb lim: 110 exec/s: 5559 rss: 176Mb L: 6/110 MS: 1 EraseBytes-
#22276	REDUCE cov: 3706 ft: 8139 corp: 737/23Kb lim: 110 exec/s: 5569 rss: 176Mb L: 37/110 MS: 3 InsertRepeatedBytes-ChangeBit-CrossOver-
#22280	REDUCE cov: 3706 ft: 8139 corp: 737/23Kb lim: 110 exec/s: 5570 rss: 176Mb L: 9/110 MS: 4 EraseBytes-ShuffleBytes-ChangeByte-InsertRepeatedBytes-
#22321	REDUCE cov: 3706 ft: 8139 corp: 737/23Kb lim: 110 exec/s: 5580 rss: 177Mb L: 15/110 MS: 1 EraseBytes-
#22324	REDUCE cov: 3706 ft: 8139 corp: 737/23Kb lim: 110 exec/s: 5581 rss: 177Mb L: 42/110 MS: 3 ChangeBit-CMP-EraseBytes- DE: "\037\000\000\000\000\000\000\000"-
#22330	REDUCE cov: 3706 ft: 8139 corp: 737/23Kb lim: 110 exec/s: 5582 rss: 177Mb L: 22/110 MS: 1 EraseBytes-
#22352	REDUCE cov: 3706 ft: 8139 corp: 737/23Kb lim: 110 exec/s: 5588 rss: 177Mb L: 44/110 MS: 2 InsertRepeatedBytes-EraseBytes-
#22438	REDUCE cov: 3706 ft: 8139 corp: 737/23Kb lim: 110 exec/s: 5609 rss: 177Mb L: 14/110 MS: 1 EraseBytes-
#22482	REDUCE cov: 3706 ft: 8139 corp: 737/23Kb lim: 110 exec/s: 5620 rss: 178Mb L: 70/110 MS: 4 ChangeBinInt-ChangeByte-ShuffleBytes-CrossOver-
#22493	REDUCE cov: 3706 ft: 8139 corp: 737/23Kb lim: 110 exec/s: 5623 rss: 178Mb L: 40/110 MS: 1 EraseBytes-
#22642	REDUCE cov: 3706 ft: 8139 corp: 737/23Kb lim: 110 exec/s: 5660 rss: 178Mb L: 49/110 MS: 4 ChangeBinInt-InsertRepeatedBytes-ChangeASCIIInt-EraseBytes-
#22667	NEW    cov: 3706 ft: 8140 corp: 738/23Kb lim: 110 exec/s: 5666 rss: 178Mb L: 6/110 MS: 5 ShuffleBytes-CopyPart-CopyPart-ChangeBit-CrossOver-
#22670	REDUCE cov: 3706 ft: 8140 corp: 738/23Kb lim: 110 exec/s: 5667 rss: 178Mb L: 39/110 MS: 3 InsertByte-ChangeBinInt-EraseBytes-
#22757	REDUCE cov: 3706 ft: 8140 corp: 738/23Kb lim: 110 exec/s: 5689 rss: 179Mb L: 34/110 MS: 2 ChangeASCIIInt-EraseBytes-
#22834	REDUCE cov: 3706 ft: 8140 corp: 738/23Kb lim: 110 exec/s: 5708 rss: 179Mb L: 9/110 MS: 2 ChangeByte-EraseBytes-
#22875	NEW    cov: 3706 ft: 8142 corp: 739/23Kb lim: 110 exec/s: 5718 rss: 179Mb L: 78/110 MS: 1 InsertRepeatedBytes-
#22897	NEW    cov: 3706 ft: 8143 corp: 740/23Kb lim: 110 exec/s: 5724 rss: 179Mb L: 31/110 MS: 2 PersAutoDict-PersAutoDict- DE: "\014\000\000\000\000\000\000\200"-"\360\000\000&"-
#22908	REDUCE cov: 3706 ft: 8143 corp: 740/23Kb lim: 110 exec/s: 5727 rss: 180Mb L: 17/110 MS: 1 EraseBytes-
#22950	NEW    cov: 3706 ft: 8144 corp: 741/23Kb lim: 110 exec/s: 5737 rss: 180Mb L: 6/110 MS: 2 CrossOver-ChangeByte-
#22971	NEW    cov: 3706 ft: 8145 corp: 742/23Kb lim: 110 exec/s: 5742 rss: 180Mb L: 10/110 MS: 1 EraseBytes-
#23008	NEW    cov: 3706 ft: 8146 corp: 743/23Kb lim: 110 exec/s: 5752 rss: 180Mb L: 10/110 MS: 2 ChangeBit-EraseBytes-
#23054	NEW    cov: 3706 ft: 8154 corp: 744/23Kb lim: 110 exec/s: 5763 rss: 180Mb L: 63/110 MS: 1 ChangeBinInt-
#23081	NEW    cov: 3706 ft: 8164 corp: 745/23Kb lim: 110 exec/s: 5770 rss: 180Mb L: 65/110 MS: 2 ChangeASCIIInt-EraseBytes-
#23129	REDUCE cov: 3706 ft: 8164 corp: 745/23Kb lim: 110 exec/s: 5782 rss: 181Mb L: 15/110 MS: 3 CMP-ChangeByte-EraseBytes- DE: "5\004\000\000"-
#23131	NEW    cov: 3706 ft: 8168 corp: 746/23Kb lim: 110 exec/s: 5782 rss: 181Mb L: 14/110 MS: 2 InsertByte-CrossOver-
#23212	REDUCE cov: 3706 ft: 8168 corp: 746/23Kb lim: 110 exec/s: 5803 rss: 181Mb L: 11/110 MS: 1 EraseBytes-
#23224	REDUCE cov: 3706 ft: 8168 corp: 746/23Kb lim: 110 exec/s: 5806 rss: 181Mb L: 50/110 MS: 2 PersAutoDict-EraseBytes- DE: "UniT"-
#23296	NEW    cov: 3706 ft: 8169 corp: 747/23Kb lim: 110 exec/s: 5824 rss: 181Mb L: 98/110 MS: 2 ChangeBit-PersAutoDict- DE: "\000\000\000\353"-
#23347	REDUCE cov: 3706 ft: 8169 corp: 747/23Kb lim: 110 exec/s: 5836 rss: 181Mb L: 14/110 MS: 1 EraseBytes-
#23350	REDUCE cov: 3706 ft: 8169 corp: 747/23Kb lim: 110 exec/s: 5837 rss: 181Mb L: 49/110 MS: 3 InsertByte-ChangeBinInt-EraseBytes-
#23437	NEW    cov: 3706 ft: 8170 corp: 748/23Kb lim: 110 exec/s: 5859 rss: 182Mb L: 107/110 MS: 2 InsertRepeatedBytes-CrossOver-
#23498	NEW    cov: 3706 ft: 8172 corp: 749/23Kb lim: 110 exec/s: 5874 rss: 182Mb L: 13/110 MS: 1 ChangeBinInt-
#23507	NEW    cov: 3706 ft: 8173 corp: 750/24Kb lim: 110 exec/s: 5876 rss: 182Mb L: 52/110 MS: 4 PersAutoDict-ShuffleBytes-CMP-PersAutoDict- DE: "foo"-"\377\377\377\377\377\377\377\021"-"fae"-
#23565	REDUCE cov: 3706 ft: 8173 corp: 750/24Kb lim: 110 exec/s: 5891 rss: 182Mb L: 36/110 MS: 3 ChangeBinInt-PersAutoDict-EraseBytes- DE: "\000\000"-
#23730	NEW    cov: 3706 ft: 8179 corp: 751/24Kb lim: 110 exec/s: 5932 rss: 183Mb L: 109/110 MS: 5 InsertByte-InsertByte-CrossOver-ChangeBit-CopyPart-
#23733	NEW    cov: 3706 ft: 8180 corp: 752/24Kb lim: 110 exec/s: 5933 rss: 183Mb L: 79/110 MS: 3 CrossOver-InsertByte-InsertRepeatedBytes-
#23783	NEW    cov: 3707 ft: 8181 corp: 753/24Kb lim: 110 exec/s: 5945 rss: 183Mb L: 99/110 MS: 5 ChangeBit-ChangeByte-CrossOver-ChangeByte-CopyPart-
#23819	NEW    cov: 3707 ft: 8189 corp: 754/24Kb lim: 110 exec/s: 5954 rss: 183Mb L: 35/110 MS: 1 CopyPart-
#23891	REDUCE cov: 3707 ft: 8189 corp: 754/24Kb lim: 110 exec/s: 5972 rss: 184Mb L: 34/110 MS: 2 InsertByte-EraseBytes-
#24017	NEW    cov: 3707 ft: 8191 corp: 755/24Kb lim: 110 exec/s: 6004 rss: 184Mb L: 62/110 MS: 1 ChangeBit-
#24038	NEW    cov: 3707 ft: 8192 corp: 756/24Kb lim: 110 exec/s: 6009 rss: 184Mb L: 22/110 MS: 1 ChangeASCIIInt-
#24134	REDUCE cov: 3707 ft: 8192 corp: 756/24Kb lim: 110 exec/s: 6033 rss: 185Mb L: 43/110 MS: 1 EraseBytes-
#24251	REDUCE cov: 3707 ft: 8192 corp: 756/24Kb lim: 110 exec/s: 6062 rss: 185Mb L: 11/110 MS: 2 InsertByte-EraseBytes-
#24347	REDUCE cov: 3707 ft: 8192 corp: 756/24Kb lim: 110 exec/s: 6086 rss: 186Mb L: 20/110 MS: 1 EraseBytes-
#24505	REDUCE cov: 3707 ft: 8192 corp: 756/24Kb lim: 110 exec/s: 6126 rss: 186Mb L: 62/110 MS: 3 ChangeBit-ChangeBit-EraseBytes-
#24533	REDUCE cov: 3707 ft: 8192 corp: 756/24Kb lim: 110 exec/s: 6133 rss: 186Mb L: 47/110 MS: 3 CopyPart-ChangeByte-EraseBytes-
#24635	NEW    cov: 3708 ft: 8202 corp: 757/24Kb lim: 110 exec/s: 6158 rss: 186Mb L: 78/110 MS: 2 CopyPart-ChangeBit-
#24665	NEW    cov: 3708 ft: 8203 corp: 758/24Kb lim: 110 exec/s: 6166 rss: 187Mb L: 79/110 MS: 5 ChangeASCIIInt-CrossOver-ChangeBit-ChangeBinInt-EraseBytes-
#24718	REDUCE cov: 3708 ft: 8203 corp: 758/24Kb lim: 110 exec/s: 6179 rss: 187Mb L: 10/110 MS: 3 EraseBytes-ChangeBit-InsertByte-
#24745	REDUCE cov: 3708 ft: 8203 corp: 758/24Kb lim: 110 exec/s: 6186 rss: 187Mb L: 108/110 MS: 2 CrossOver-EraseBytes-
#24810	NEW    cov: 3710 ft: 8205 corp: 759/24Kb lim: 110 exec/s: 6202 rss: 187Mb L: 3/110 MS: 5 CopyPart-EraseBytes-EraseBytes-ChangeByte-CrossOver-
#24831	REDUCE cov: 3710 ft: 8205 corp: 759/24Kb lim: 110 exec/s: 6207 rss: 187Mb L: 13/110 MS: 1 EraseBytes-
#24873	NEW    cov: 3711 ft: 8207 corp: 760/24Kb lim: 110 exec/s: 6218 rss: 187Mb L: 92/110 MS: 2 ShuffleBytes-CrossOver-
#24874	REDUCE cov: 3711 ft: 8207 corp: 760/24Kb lim: 110 exec/s: 6218 rss: 188Mb L: 39/110 MS: 1 EraseBytes-
#24907	REDUCE cov: 3711 ft: 8211 corp: 761/24Kb lim: 110 exec/s: 6226 rss: 188Mb L: 43/110 MS: 3 InsertByte-ShuffleBytes-PersAutoDict- DE: "\012\000\000\000\000\000\000\000"-
#24993	REDUCE cov: 3713 ft: 8213 corp: 762/24Kb lim: 110 exec/s: 6248 rss: 188Mb L: 4/110 MS: 1 EraseBytes-
#25034	NEW    cov: 3713 ft: 8214 corp: 763/24Kb lim: 110 exec/s: 6258 rss: 188Mb L: 107/110 MS: 1 CrossOver-
#25040	REDUCE cov: 3713 ft: 8214 corp: 763/24Kb lim: 110 exec/s: 6260 rss: 188Mb L: 37/110 MS: 1 EraseBytes-
#25081	REDUCE cov: 3713 ft: 8214 corp: 763/24Kb lim: 110 exec/s: 6270 rss: 188Mb L: 11/110 MS: 1 EraseBytes-
#25087	NEW    cov: 3713 ft: 8216 corp: 764/24Kb lim: 110 exec/s: 6271 rss: 189Mb L: 19/110 MS: 1 EraseBytes-
#25208	REDUCE cov: 3713 ft: 8216 corp: 764/24Kb lim: 110 exec/s: 6302 rss: 189Mb L: 11/110 MS: 1 EraseBytes-
#25221	REDUCE cov: 3713 ft: 8216 corp: 764/24Kb lim: 110 exec/s: 6305 rss: 189Mb L: 25/110 MS: 3 ChangeByte-InsertByte-EraseBytes-
#25224	REDUCE cov: 3713 ft: 8217 corp: 765/24Kb lim: 110 exec/s: 6306 rss: 189Mb L: 103/110 MS: 3 InsertRepeatedBytes-InsertByte-CMP- DE: "fad\000\000\\"-
#25238	NEW    cov: 3713 ft: 8218 corp: 766/24Kb lim: 110 exec/s: 6309 rss: 189Mb L: 9/110 MS: 4 CrossOver-PersAutoDict-ChangeByte-ChangeBinInt- DE: "\376\377\377\364"-
#25244	NEW    cov: 3713 ft: 8219 corp: 767/24Kb lim: 110 exec/s: 6311 rss: 189Mb L: 80/110 MS: 1 CMP- DE: "\000\000"-
#25261	REDUCE cov: 3714 ft: 8235 corp: 768/24Kb lim: 110 exec/s: 6315 rss: 190Mb L: 23/110 MS: 2 ChangeASCIIInt-EraseBytes-
#25276	NEW    cov: 3714 ft: 8241 corp: 769/25Kb lim: 110 exec/s: 6319 rss: 190Mb L: 108/110 MS: 5 ShuffleBytes-PersAutoDict-ChangeASCIIInt-PersAutoDict-CrossOver- DE: "\\u"-"\377\377\377\377\377\377\377\021"-
#25332	REDUCE cov: 3716 ft: 8258 corp: 770/25Kb lim: 110 exec/s: 6333 rss: 190Mb L: 27/110 MS: 1 CMP- DE: "2\000\000\000\000\000\000\000"-
#25410	NEW    cov: 3716 ft: 8259 corp: 771/25Kb lim: 110 exec/s: 6352 rss: 190Mb L: 6/110 MS: 3 CMP-EraseBytes-EraseBytes- DE: "\377\377\377\377\377\377\377\000"-
#25439	REDUCE cov: 3716 ft: 8259 corp: 771/25Kb lim: 110 exec/s: 6359 rss: 190Mb L: 17/110 MS: 4 CMP-ChangeBit-InsertByte-EraseBytes- DE: "\003\004\001\006"-
#25465	NEW    cov: 3724 ft: 8296 corp: 772/25Kb lim: 110 exec/s: 6366 rss: 190Mb L: 97/110 MS: 1 InsertRepeatedBytes-
#25499	NEW    cov: 3727 ft: 8299 corp: 773/25Kb lim: 110 exec/s: 6374 rss: 191Mb L: 73/110 MS: 4 ChangeBinInt-ChangeByte-ChangeByte-EraseBytes-
#25510	REDUCE cov: 3727 ft: 8299 corp: 773/25Kb lim: 110 exec/s: 6377 rss: 191Mb L: 28/110 MS: 1 EraseBytes-
#25530	NEW    cov: 3727 ft: 8301 corp: 774/25Kb lim: 110 exec/s: 6382 rss: 191Mb L: 34/110 MS: 5 ChangeBit-InsertByte-PersAutoDict-CopyPart-CrossOver- DE: "false\""-
#25547	NEW    cov: 3727 ft: 8325 corp: 775/25Kb lim: 110 exec/s: 6386 rss: 191Mb L: 31/110 MS: 2 InsertRepeatedBytes-CrossOver-
#25553	REDUCE cov: 3727 ft: 8325 corp: 775/25Kb lim: 110 exec/s: 6388 rss: 191Mb L: 4/110 MS: 1 CrossOver-
#25579	NEW    cov: 3727 ft: 8360 corp: 776/25Kb lim: 110 exec/s: 6394 rss: 191Mb L: 80/110 MS: 1 PersAutoDict- DE: "foo"-
#25615	REDUCE cov: 3727 ft: 8360 corp: 776/25Kb lim: 110 exec/s: 6403 rss: 191Mb L: 16/110 MS: 1 EraseBytes-
#25622	REDUCE cov: 3727 ft: 8360 corp: 776/25Kb lim: 110 exec/s: 6405 rss: 192Mb L: 70/110 MS: 2 ChangeBinInt-EraseBytes-
#25668	REDUCE cov: 3727 ft: 8360 corp: 776/25Kb lim: 110 exec/s: 6417 rss: 192Mb L: 13/110 MS: 1 EraseBytes-
#25674	NEW    cov: 3727 ft: 8385 corp: 777/25Kb lim: 110 exec/s: 6418 rss: 192Mb L: 21/110 MS: 1 CrossOver-
#25785	NEW    cov: 3727 ft: 8387 corp: 778/25Kb lim: 110 exec/s: 6446 rss: 192Mb L: 79/110 MS: 1 InsertRepeatedBytes-
#25882	REDUCE cov: 3727 ft: 8387 corp: 778/25Kb lim: 110 exec/s: 6470 rss: 193Mb L: 51/110 MS: 2 ShuffleBytes-EraseBytes-
#25927	NEW    cov: 3727 ft: 8388 corp: 779/25Kb lim: 110 exec/s: 6481 rss: 193Mb L: 19/110 MS: 5 ChangeASCIIInt-CMP-PersAutoDict-CopyPart-PersAutoDict- DE: "\377\377\377\375"-"\001\000\000\000\000\000\000\000"-">\012\000\000"-
#25944	REDUCE cov: 3727 ft: 8388 corp: 779/25Kb lim: 110 exec/s: 6486 rss: 193Mb L: 19/110 MS: 2 ChangeByte-EraseBytes-
#26006	REDUCE cov: 3729 ft: 8390 corp: 780/25Kb lim: 110 exec/s: 6501 rss: 193Mb L: 11/110 MS: 2 ChangeBit-EraseBytes-
#26054	REDUCE cov: 3729 ft: 8390 corp: 780/25Kb lim: 110 exec/s: 6513 rss: 193Mb L: 23/110 MS: 3 ChangeBinInt-PersAutoDict-EraseBytes- DE: "o\000\000\000\000\000\000\000"-
#26060	NEW    cov: 3735 ft: 8400 corp: 781/25Kb lim: 110 exec/s: 6515 rss: 193Mb L: 68/110 MS: 1 CrossOver-
#26097	REDUCE cov: 3735 ft: 8400 corp: 781/25Kb lim: 110 exec/s: 6524 rss: 194Mb L: 12/110 MS: 2 ChangeBinInt-EraseBytes-
#26141	NEW    cov: 3735 ft: 8402 corp: 782/25Kb lim: 110 exec/s: 6535 rss: 194Mb L: 37/110 MS: 4 CrossOver-ChangeBit-ChangeByte-ChangeBinInt-
#26170	REDUCE cov: 3735 ft: 8402 corp: 782/25Kb lim: 110 exec/s: 6542 rss: 194Mb L: 67/110 MS: 4 CopyPart-ChangeASCIIInt-ShuffleBytes-EraseBytes-
#26178	NEW    cov: 3735 ft: 8403 corp: 783/25Kb lim: 110 exec/s: 6544 rss: 194Mb L: 23/110 MS: 3 CMP-ShuffleBytes-CopyPart- DE: "\377\377\377\377\377\377\377*"-
#26295	REDUCE cov: 3735 ft: 8403 corp: 783/25Kb lim: 110 exec/s: 6573 rss: 194Mb L: 41/110 MS: 2 PersAutoDict-EraseBytes- DE: "fad\000\000\\"-
#26315	NEW    cov: 3735 ft: 8405 corp: 784/25Kb lim: 110 exec/s: 6578 rss: 202Mb L: 7/110 MS: 5 ChangeASCIIInt-InsertByte-ChangeASCIIInt-CrossOver-ChangeBit-
#26330	REDUCE cov: 3735 ft: 8405 corp: 784/25Kb lim: 110 exec/s: 6582 rss: 203Mb L: 90/110 MS: 5 CopyPart-PersAutoDict-ChangeByte-ChangeByte-EraseBytes- DE: "\377\377\377\375"-
#26332	REDUCE cov: 3735 ft: 8405 corp: 784/25Kb lim: 110 exec/s: 6583 rss: 203Mb L: 102/110 MS: 2 InsertByte-EraseBytes-
#26370	NEW    cov: 3739 ft: 8412 corp: 785/25Kb lim: 110 exec/s: 6592 rss: 203Mb L: 55/110 MS: 3 ChangeBinInt-ShuffleBytes-CrossOver-
#26403	REDUCE cov: 3739 ft: 8412 corp: 785/25Kb lim: 110 exec/s: 6600 rss: 203Mb L: 27/110 MS: 3 ChangeBinInt-PersAutoDict-EraseBytes- DE: "\377\377"-
#26493	REDUCE cov: 3739 ft: 8412 corp: 785/25Kb lim: 110 exec/s: 6623 rss: 203Mb L: 80/110 MS: 5 CrossOver-PersAutoDict-ChangeByte-ChangeByte-EraseBytes- DE: "\000\000\000\000\000\000\000\000"-
#26506	NEW    cov: 3740 ft: 8413 corp: 786/25Kb lim: 110 exec/s: 6626 rss: 203Mb L: 78/110 MS: 3 CMP-ChangeASCIIInt-ChangeBit- DE: "\000\000\000\000"-
#26522	REDUCE cov: 3740 ft: 8413 corp: 786/25Kb lim: 110 exec/s: 6630 rss: 204Mb L: 8/110 MS: 1 EraseBytes-
#26558	REDUCE cov: 3740 ft: 8413 corp: 786/25Kb lim: 110 exec/s: 6639 rss: 204Mb L: 54/110 MS: 1 EraseBytes-
#26695	REDUCE cov: 3740 ft: 8413 corp: 786/25Kb lim: 110 exec/s: 6673 rss: 204Mb L: 73/110 MS: 2 ChangeBinInt-EraseBytes-
#26717	REDUCE cov: 3740 ft: 8413 corp: 786/25Kb lim: 110 exec/s: 6679 rss: 204Mb L: 61/110 MS: 2 ChangeBit-EraseBytes-
#26744	REDUCE cov: 3740 ft: 8413 corp: 786/25Kb lim: 110 exec/s: 6686 rss: 205Mb L: 19/110 MS: 2 InsertByte-EraseBytes-
#26805	NEW    cov: 3740 ft: 8414 corp: 787/25Kb lim: 110 exec/s: 6701 rss: 205Mb L: 95/110 MS: 1 CopyPart-
#26852	REDUCE cov: 3740 ft: 8414 corp: 787/25Kb lim: 110 exec/s: 6713 rss: 205Mb L: 31/110 MS: 2 CMP-EraseBytes- DE: "\377\352\377\326"-
#26853	NEW    cov: 3740 ft: 8415 corp: 788/25Kb lim: 110 exec/s: 6713 rss: 205Mb L: 14/110 MS: 1 CopyPart-
#26886	NEW    cov: 3740 ft: 8416 corp: 789/25Kb lim: 110 exec/s: 6721 rss: 205Mb L: 95/110 MS: 3 ChangeByte-CrossOver-InsertRepeatedBytes-
#26937	REDUCE cov: 3740 ft: 8416 corp: 789/25Kb lim: 110 exec/s: 6734 rss: 205Mb L: 60/110 MS: 1 EraseBytes-
#26983	NEW    cov: 3740 ft: 8432 corp: 790/25Kb lim: 110 exec/s: 6745 rss: 206Mb L: 20/110 MS: 1 ChangeBit-
#26995	NEW    cov: 3740 ft: 8440 corp: 791/25Kb lim: 110 exec/s: 6748 rss: 206Mb L: 17/110 MS: 2 ChangeBit-CMP- DE: "\377\377\377\377"-
#27011	REDUCE cov: 3740 ft: 8440 corp: 791/25Kb lim: 110 exec/s: 6752 rss: 206Mb L: 49/110 MS: 1 EraseBytes-
#27078	NEW    cov: 3740 ft: 8442 corp: 792/25Kb lim: 110 exec/s: 6769 rss: 206Mb L: 80/110 MS: 2 CMP-CMP- DE: "\001\000\000\034"-"fo\000~~~"-
#27095	REDUCE cov: 3740 ft: 8442 corp: 792/25Kb lim: 110 exec/s: 6773 rss: 206Mb L: 60/110 MS: 2 ChangeByte-EraseBytes-
#27101	REDUCE cov: 3740 ft: 8442 corp: 792/25Kb lim: 110 exec/s: 6775 rss: 206Mb L: 69/110 MS: 1 EraseBytes-
#27138	REDUCE cov: 3740 ft: 8442 corp: 792/25Kb lim: 110 exec/s: 6784 rss: 206Mb L: 10/110 MS: 2 ChangeBit-EraseBytes-
#27198	NEW    cov: 3740 ft: 8446 corp: 793/25Kb lim: 110 exec/s: 6799 rss: 207Mb L: 53/110 MS: 5 PersAutoDict-CopyPart-ChangeBit-ChangeByte-ChangeByte- DE: "frue"-
#27213	REDUCE cov: 3740 ft: 8446 corp: 793/25Kb lim: 110 exec/s: 6803 rss: 207Mb L: 17/110 MS: 5 InsertByte-ChangeBinInt-CrossOver-ShuffleBytes-EraseBytes-
#27229	NEW    cov: 3740 ft: 8447 corp: 794/25Kb lim: 110 exec/s: 6807 rss: 207Mb L: 36/110 MS: 1 InsertByte-
#27244	REDUCE cov: 3740 ft: 8447 corp: 794/25Kb lim: 110 exec/s: 6811 rss: 207Mb L: 30/110 MS: 5 ChangeASCIIInt-CrossOver-ChangeASCIIInt-ChangeByte-EraseBytes-
#27261	NEW    cov: 3740 ft: 8450 corp: 795/25Kb lim: 110 exec/s: 6815 rss: 207Mb L: 23/110 MS: 2 ChangeASCIIInt-CopyPart-
#27272	REDUCE cov: 3740 ft: 8450 corp: 795/25Kb lim: 110 exec/s: 6818 rss: 207Mb L: 61/110 MS: 1 CrossOver-
#27298	REDUCE cov: 3740 ft: 8450 corp: 795/25Kb lim: 110 exec/s: 6824 rss: 208Mb L: 79/110 MS: 1 EraseBytes-
#27299	REDUCE cov: 3740 ft: 8450 corp: 795/25Kb lim: 110 exec/s: 6824 rss: 208Mb L: 10/110 MS: 1 CrossOver-
#27320	REDUCE cov: 3740 ft: 8450 corp: 795/25Kb lim: 110 exec/s: 6830 rss: 208Mb L: 19/110 MS: 1 EraseBytes-
#27324	REDUCE cov: 3740 ft: 8450 corp: 795/25Kb lim: 110 exec/s: 6831 rss: 208Mb L: 96/110 MS: 4 ChangeBinInt-CMP-InsertByte-EraseBytes- DE: "\030\000\000\000"-
#27345	NEW    cov: 3740 ft: 8453 corp: 796/25Kb lim: 110 exec/s: 6836 rss: 208Mb L: 97/110 MS: 1 ChangeBinInt-
#27404	NEW    cov: 3740 ft: 8455 corp: 797/26Kb lim: 110 exec/s: 6851 rss: 208Mb L: 109/110 MS: 4 ShuffleBytes-ChangeASCIIInt-EraseBytes-InsertRepeatedBytes-
#27655	REDUCE cov: 3740 ft: 8455 corp: 797/26Kb lim: 110 exec/s: 6913 rss: 209Mb L: 11/110 MS: 1 EraseBytes-
#27708	REDUCE cov: 3740 ft: 8455 corp: 797/26Kb lim: 110 exec/s: 6927 rss: 209Mb L: 54/110 MS: 3 InsertByte-PersAutoDict-EraseBytes- DE: "\377\377\377\377\377\377\377\000"-
#27750	REDUCE cov: 3740 ft: 8455 corp: 797/26Kb lim: 110 exec/s: 6937 rss: 209Mb L: 23/110 MS: 2 CopyPart-EraseBytes-
#27758	REDUCE cov: 3740 ft: 8455 corp: 797/26Kb lim: 110 exec/s: 6939 rss: 209Mb L: 19/110 MS: 3 PersAutoDict-PersAutoDict-EraseBytes- DE: "false"-"\000\000\000\000\000\000\000\016"-
#27759	REDUCE cov: 3740 ft: 8455 corp: 797/26Kb lim: 110 exec/s: 6939 rss: 209Mb L: 8/110 MS: 1 EraseBytes-
#27795	NEW    cov: 3740 ft: 8456 corp: 798/26Kb lim: 110 exec/s: 6948 rss: 210Mb L: 94/110 MS: 1 PersAutoDict- DE: "Unid"-
#27811	NEW    cov: 3740 ft: 8457 corp: 799/26Kb lim: 110 exec/s: 6952 rss: 210Mb L: 65/110 MS: 1 PersAutoDict- DE: "t\216\377\377\016"-
#27814	REDUCE cov: 3740 ft: 8457 corp: 799/26Kb lim: 110 exec/s: 6953 rss: 210Mb L: 27/110 MS: 3 CopyPart-InsertByte-EraseBytes-
#27870	REDUCE cov: 3740 ft: 8457 corp: 799/26Kb lim: 110 exec/s: 6967 rss: 210Mb L: 17/110 MS: 1 EraseBytes-
#27952	REDUCE cov: 3740 ft: 8457 corp: 799/26Kb lim: 110 exec/s: 6988 rss: 210Mb L: 39/110 MS: 2 InsertByte-CrossOver-
#28069	NEW    cov: 3741 ft: 8464 corp: 800/26Kb lim: 110 exec/s: 7017 rss: 211Mb L: 13/110 MS: 2 ChangeASCIIInt-EraseBytes-
#28188	REDUCE cov: 3741 ft: 8464 corp: 800/26Kb lim: 110 exec/s: 7047 rss: 211Mb L: 19/110 MS: 4 CopyPart-ChangeBinInt-ChangeBinInt-EraseBytes-
#28196	REDUCE cov: 3741 ft: 8464 corp: 800/26Kb lim: 110 exec/s: 7049 rss: 211Mb L: 24/110 MS: 3 CMP-ShuffleBytes-EraseBytes- DE: "\004\000\000\000\000\000\000\000"-
#28227	NEW    cov: 3742 ft: 8465 corp: 801/26Kb lim: 110 exec/s: 7056 rss: 211Mb L: 22/110 MS: 1 CopyPart-
#28228	REDUCE cov: 3742 ft: 8470 corp: 802/26Kb lim: 110 exec/s: 7057 rss: 211Mb L: 15/110 MS: 1 PersAutoDict- DE: "fo\000~~~"-
#28329	REDUCE cov: 3742 ft: 8470 corp: 802/26Kb lim: 110 exec/s: 7082 rss: 212Mb L: 93/110 MS: 1 EraseBytes-
#28345	REDUCE cov: 3742 ft: 8470 corp: 802/26Kb lim: 110 exec/s: 7086 rss: 212Mb L: 38/110 MS: 1 EraseBytes-
#28356	NEW    cov: 3742 ft: 8471 corp: 803/26Kb lim: 110 exec/s: 7089 rss: 212Mb L: 102/110 MS: 1 InsertRepeatedBytes-
#28379	REDUCE cov: 3742 ft: 8471 corp: 803/26Kb lim: 110 exec/s: 7094 rss: 212Mb L: 20/110 MS: 3 ChangeBinInt-InsertByte-EraseBytes-
#28435	REDUCE cov: 3742 ft: 8471 corp: 803/26Kb lim: 110 exec/s: 7108 rss: 212Mb L: 24/110 MS: 1 EraseBytes-
#28461	REDUCE cov: 3742 ft: 8471 corp: 803/26Kb lim: 110 exec/s: 7115 rss: 212Mb L: 17/110 MS: 1 EraseBytes-
#28487	REDUCE cov: 3742 ft: 8471 corp: 803/26Kb lim: 110 exec/s: 7121 rss: 212Mb L: 30/110 MS: 1 EraseBytes-
#28550	REDUCE cov: 3742 ft: 8471 corp: 803/26Kb lim: 110 exec/s: 7137 rss: 213Mb L: 70/110 MS: 3 ChangeASCIIInt-EraseBytes-ChangeBinInt-
#28553	NEW    cov: 3742 ft: 8472 corp: 804/26Kb lim: 110 exec/s: 7138 rss: 213Mb L: 55/110 MS: 3 ChangeByte-ChangeBinInt-ShuffleBytes-
#28594	REDUCE cov: 3742 ft: 8472 corp: 804/26Kb lim: 110 exec/s: 7148 rss: 213Mb L: 18/110 MS: 1 EraseBytes-
#28654	REDUCE cov: 3742 ft: 8472 corp: 804/26Kb lim: 110 exec/s: 7163 rss: 213Mb L: 57/110 MS: 5 ShuffleBytes-InsertByte-PersAutoDict-PersAutoDict-EraseBytes- DE: "UniT"-"x#::"-
#28655	NEW    cov: 3742 ft: 8479 corp: 805/26Kb lim: 110 exec/s: 7163 rss: 213Mb L: 56/110 MS: 1 InsertRepeatedBytes-
#28663	REDUCE cov: 3742 ft: 8479 corp: 805/26Kb lim: 110 exec/s: 7165 rss: 213Mb L: 52/110 MS: 3 PersAutoDict-CrossOver-EraseBytes- DE: "\000\000\000\000\000\000\000\000"-
#28769	NEW    cov: 3742 ft: 8480 corp: 806/26Kb lim: 110 exec/s: 7192 rss: 214Mb L: 79/110 MS: 1 CrossOver-
#28780	REDUCE cov: 3742 ft: 8480 corp: 806/26Kb lim: 110 exec/s: 7195 rss: 214Mb L: 33/110 MS: 1 EraseBytes-
#28791	REDUCE cov: 3742 ft: 8480 corp: 806/26Kb lim: 110 exec/s: 7197 rss: 214Mb L: 11/110 MS: 1 EraseBytes-
#28804	NEW    cov: 3742 ft: 8483 corp: 807/26Kb lim: 110 exec/s: 7201 rss: 214Mb L: 27/110 MS: 3 CMP-ChangeBinInt-CMP- DE: "\000\000\000\000\000\000\000\013"-"\266\231\014i\010\004\000\000"-
#28825	REDUCE cov: 3742 ft: 8483 corp: 807/26Kb lim: 110 exec/s: 7206 rss: 214Mb L: 28/110 MS: 1 EraseBytes-
#28856	REDUCE cov: 3742 ft: 8483 corp: 807/26Kb lim: 110 exec/s: 7214 rss: 214Mb L: 57/110 MS: 1 EraseBytes-
#28887	NEW    cov: 3742 ft: 8485 corp: 808/26Kb lim: 110 exec/s: 7221 rss: 214Mb L: 67/110 MS: 1 InsertRepeatedBytes-
#28899	REDUCE cov: 3742 ft: 8485 corp: 808/26Kb lim: 110 exec/s: 7224 rss: 215Mb L: 32/110 MS: 2 InsertByte-CrossOver-
#29112	REDUCE cov: 3742 ft: 8485 corp: 808/26Kb lim: 110 exec/s: 7278 rss: 215Mb L: 53/110 MS: 3 PersAutoDict-CrossOver-EraseBytes- DE: "\360\000\000&"-
#29119	NEW    cov: 3750 ft: 8493 corp: 809/26Kb lim: 110 exec/s: 7279 rss: 215Mb L: 7/110 MS: 2 CopyPart-EraseBytes-
#29164	REDUCE cov: 3750 ft: 8493 corp: 809/26Kb lim: 110 exec/s: 7291 rss: 215Mb L: 32/110 MS: 5 ChangeBit-PersAutoDict-CrossOver-EraseBytes-EraseBytes- DE: "\000\000\000\000"-
#29256	REDUCE cov: 3750 ft: 8493 corp: 809/26Kb lim: 110 exec/s: 7314 rss: 216Mb L: 24/110 MS: 2 ChangeASCIIInt-EraseBytes-
#29267	NEW    cov: 3752 ft: 8497 corp: 810/26Kb lim: 110 exec/s: 7316 rss: 216Mb L: 79/110 MS: 1 InsertRepeatedBytes-
#29413	NEW    cov: 3752 ft: 8498 corp: 811/26Kb lim: 110 exec/s: 7353 rss: 216Mb L: 59/110 MS: 1 PersAutoDict- DE: "foo\" :"-
#29444	REDUCE cov: 3752 ft: 8498 corp: 811/26Kb lim: 110 exec/s: 7361 rss: 216Mb L: 17/110 MS: 1 EraseBytes-
#29454	REDUCE cov: 3752 ft: 8501 corp: 812/26Kb lim: 110 exec/s: 7363 rss: 217Mb L: 41/110 MS: 5 InsertRepeatedBytes-ChangeBinInt-ChangeBinInt-ChangeBit-ChangeBinInt-
#29463	REDUCE cov: 3752 ft: 8501 corp: 812/26Kb lim: 110 exec/s: 7365 rss: 217Mb L: 29/110 MS: 4 CopyPart-InsertRepeatedBytes-ChangeBinInt-EraseBytes-
#29494	REDUCE cov: 3752 ft: 8501 corp: 812/26Kb lim: 110 exec/s: 7373 rss: 217Mb L: 49/110 MS: 1 EraseBytes-
#29508	NEW    cov: 3752 ft: 8502 corp: 813/26Kb lim: 110 exec/s: 7377 rss: 217Mb L: 99/110 MS: 4 CopyPart-CopyPart-ChangeBit-CopyPart-
#29539	REDUCE cov: 3752 ft: 8502 corp: 813/26Kb lim: 110 exec/s: 7384 rss: 217Mb L: 20/110 MS: 1 EraseBytes-
#29545	NEW    cov: 3752 ft: 8504 corp: 814/26Kb lim: 110 exec/s: 7386 rss: 217Mb L: 7/110 MS: 1 EraseBytes-
#29575	REDUCE cov: 3752 ft: 8504 corp: 814/26Kb lim: 110 exec/s: 7393 rss: 217Mb L: 46/110 MS: 5 ChangeByte-PersAutoDict-PersAutoDict-InsertByte-CrossOver- DE: "foo"-"\010\000\000\000\000\000\000\000"-
#29636	NEW    cov: 3752 ft: 8505 corp: 815/26Kb lim: 110 exec/s: 7409 rss: 217Mb L: 20/110 MS: 1 PersAutoDict- DE: "\377\377\377\006"-
#29641	REDUCE cov: 3752 ft: 8505 corp: 815/26Kb lim: 110 exec/s: 7410 rss: 218Mb L: 51/110 MS: 5 ChangeBit-ShuffleBytes-ChangeBinInt-ShuffleBytes-EraseBytes-
#29669	REDUCE cov: 3752 ft: 8505 corp: 815/26Kb lim: 110 exec/s: 7417 rss: 218Mb L: 7/110 MS: 3 ChangeASCIIInt-EraseBytes-InsertByte-
#29781	REDUCE cov: 3752 ft: 8505 corp: 815/26Kb lim: 110 exec/s: 7445 rss: 218Mb L: 36/110 MS: 2 ChangeByte-EraseBytes-
#29782	REDUCE cov: 3752 ft: 8505 corp: 815/26Kb lim: 110 exec/s: 7445 rss: 218Mb L: 26/110 MS: 1 EraseBytes-
#29843	REDUCE cov: 3752 ft: 8505 corp: 815/26Kb lim: 110 exec/s: 7460 rss: 218Mb L: 88/110 MS: 1 EraseBytes-
#30011	REDUCE cov: 3752 ft: 8505 corp: 815/26Kb lim: 110 exec/s: 7502 rss: 219Mb L: 5/110 MS: 3 CopyPart-ShuffleBytes-EraseBytes-
#30015	NEW    cov: 3752 ft: 8506 corp: 816/26Kb lim: 110 exec/s: 7503 rss: 219Mb L: 104/110 MS: 4 ChangeBinInt-InsertByte-InsertByte-PersAutoDict- DE: "\015\000\000\000\000\000\000\200"-
#30043	NEW    cov: 3753 ft: 8509 corp: 817/26Kb lim: 110 exec/s: 7510 rss: 219Mb L: 38/110 MS: 3 CMP-ChangeBit-CopyPart- DE: "foo\\u1"-
#30064	REDUCE cov: 3753 ft: 8509 corp: 817/26Kb lim: 110 exec/s: 7516 rss: 219Mb L: 21/110 MS: 1 EraseBytes-
#30095	REDUCE cov: 3753 ft: 8509 corp: 817/26Kb lim: 110 exec/s: 7523 rss: 220Mb L: 60/110 MS: 1 EraseBytes-
#30163	NEW    cov: 3755 ft: 8511 corp: 818/26Kb lim: 110 exec/s: 7540 rss: 220Mb L: 2/110 MS: 3 CopyPart-ShuffleBytes-CrossOver-
#30202	NEW    cov: 3755 ft: 8527 corp: 819/26Kb lim: 110 exec/s: 7550 rss: 220Mb L: 90/110 MS: 4 PersAutoDict-CrossOver-CrossOver-CrossOver- DE: "\003\004\001\006"-
#30245	REDUCE cov: 3755 ft: 8527 corp: 819/26Kb lim: 110 exec/s: 7561 rss: 220Mb L: 29/110 MS: 3 CrossOver-ChangeASCIIInt-EraseBytes-
#30256	REDUCE cov: 3755 ft: 8528 corp: 820/26Kb lim: 110 exec/s: 7564 rss: 220Mb L: 38/110 MS: 1 EraseBytes-
#30268	REDUCE cov: 3755 ft: 8528 corp: 820/26Kb lim: 110 exec/s: 7567 rss: 220Mb L: 51/110 MS: 2 ShuffleBytes-CrossOver-
#30301	REDUCE cov: 3762 ft: 8535 corp: 821/26Kb lim: 110 exec/s: 7575 rss: 221Mb L: 17/110 MS: 3 ChangeASCIIInt-ShuffleBytes-CopyPart-
#30339	REDUCE cov: 3762 ft: 8535 corp: 821/26Kb lim: 110 exec/s: 7584 rss: 221Mb L: 40/110 MS: 3 ChangeBinInt-CMP-EraseBytes- DE: "\377\377\377\377\377\377\377\377"-
#30395	REDUCE cov: 3762 ft: 8535 corp: 821/26Kb lim: 110 exec/s: 7598 rss: 221Mb L: 64/110 MS: 1 EraseBytes-
#30469	REDUCE cov: 3762 ft: 8535 corp: 821/26Kb lim: 110 exec/s: 7617 rss: 221Mb L: 84/110 MS: 4 InsertRepeatedBytes-CMP-CopyPart-EraseBytes- DE: "\000&"-
#30483	REDUCE cov: 3762 ft: 8535 corp: 821/26Kb lim: 110 exec/s: 7620 rss: 221Mb L: 16/110 MS: 4 CopyPart-PersAutoDict-ChangeByte-EraseBytes- DE: "C\004\000\000"-
#30486	NEW    cov: 3762 ft: 8536 corp: 822/26Kb lim: 110 exec/s: 7621 rss: 221Mb L: 37/110 MS: 3 CMP-PersAutoDict-ChangeBinInt- DE: "\001\000\000\000\000\000\000\005"-"\377\377\377\367"-
#30593	REDUCE cov: 3762 ft: 8536 corp: 822/26Kb lim: 110 exec/s: 7648 rss: 222Mb L: 14/110 MS: 2 InsertByte-EraseBytes-
#30647	NEW    cov: 3762 ft: 8537 corp: 823/26Kb lim: 110 exec/s: 7661 rss: 222Mb L: 76/110 MS: 4 ChangeASCIIInt-ShuffleBytes-ChangeByte-ChangeASCIIInt-
#30649	NEW    cov: 3762 ft: 8539 corp: 824/26Kb lim: 110 exec/s: 7662 rss: 222Mb L: 104/110 MS: 2 ChangeASCIIInt-CopyPart-
#30711	REDUCE cov: 3762 ft: 8539 corp: 824/26Kb lim: 110 exec/s: 7677 rss: 222Mb L: 69/110 MS: 2 ChangeBinInt-EraseBytes-
#30723	NEW    cov: 3762 ft: 8542 corp: 825/26Kb lim: 110 exec/s: 7680 rss: 222Mb L: 23/110 MS: 2 InsertByte-CrossOver-
#30755	REDUCE cov: 3762 ft: 8542 corp: 825/26Kb lim: 110 exec/s: 6151 rss: 222Mb L: 11/110 MS: 2 ChangeBit-EraseBytes-
#30776	REDUCE cov: 3762 ft: 8543 corp: 826/27Kb lim: 110 exec/s: 6155 rss: 223Mb L: 43/110 MS: 1 EraseBytes-
#30788	REDUCE cov: 3762 ft: 8543 corp: 826/27Kb lim: 110 exec/s: 6157 rss: 223Mb L: 55/110 MS: 2 CopyPart-EraseBytes-
#30908	REDUCE cov: 3762 ft: 8546 corp: 827/27Kb lim: 110 exec/s: 6181 rss: 223Mb L: 81/110 MS: 5 InsertRepeatedBytes-ChangeByte-ChangeByte-ShuffleBytes-EraseBytes-
#30920	REDUCE cov: 3762 ft: 8546 corp: 827/27Kb lim: 110 exec/s: 6184 rss: 223Mb L: 41/110 MS: 2 ChangeByte-EraseBytes-
#30937	NEW    cov: 3762 ft: 8547 corp: 828/27Kb lim: 110 exec/s: 6187 rss: 223Mb L: 17/110 MS: 2 ChangeBinInt-EraseBytes-
#30963	REDUCE cov: 3762 ft: 8547 corp: 828/27Kb lim: 110 exec/s: 6192 rss: 223Mb L: 81/110 MS: 1 EraseBytes-
#31090	REDUCE cov: 3762 ft: 8553 corp: 829/27Kb lim: 110 exec/s: 6218 rss: 224Mb L: 47/110 MS: 2 EraseBytes-CopyPart-
#31177	NEW    cov: 3762 ft: 8554 corp: 830/27Kb lim: 110 exec/s: 6235 rss: 224Mb L: 67/110 MS: 2 CopyPart-EraseBytes-
#31189	NEW    cov: 3762 ft: 8555 corp: 831/27Kb lim: 110 exec/s: 6237 rss: 224Mb L: 40/110 MS: 2 EraseBytes-CopyPart-
#31215	REDUCE cov: 3762 ft: 8555 corp: 831/27Kb lim: 110 exec/s: 6243 rss: 224Mb L: 48/110 MS: 1 EraseBytes-
#31232	NEW    cov: 3762 ft: 8556 corp: 832/27Kb lim: 110 exec/s: 6246 rss: 225Mb L: 34/110 MS: 2 ChangeASCIIInt-EraseBytes-
#31233	NEW    cov: 3762 ft: 8557 corp: 833/27Kb lim: 110 exec/s: 6246 rss: 225Mb L: 110/110 MS: 1 CopyPart-
#31254	NEW    cov: 3762 ft: 8565 corp: 834/27Kb lim: 110 exec/s: 6250 rss: 225Mb L: 24/110 MS: 1 CMP- DE: "\377\377\377\352"-
#31303	REDUCE cov: 3762 ft: 8565 corp: 834/27Kb lim: 110 exec/s: 6260 rss: 225Mb L: 57/110 MS: 4 CopyPart-CopyPart-PersAutoDict-EraseBytes- DE: "\001\000\000\000"-
#31371	REDUCE cov: 3762 ft: 8565 corp: 834/27Kb lim: 110 exec/s: 6274 rss: 225Mb L: 25/110 MS: 3 CrossOver-ChangeByte-EraseBytes-
#31407	REDUCE cov: 3762 ft: 8565 corp: 834/27Kb lim: 110 exec/s: 6281 rss: 225Mb L: 47/110 MS: 1 CrossOver-
#31478	REDUCE cov: 3762 ft: 8566 corp: 835/27Kb lim: 110 exec/s: 6295 rss: 226Mb L: 13/110 MS: 1 ChangeByte-
#31482	NEW    cov: 3763 ft: 8567 corp: 836/27Kb lim: 110 exec/s: 6296 rss: 226Mb L: 20/110 MS: 4 ChangeByte-CopyPart-EraseBytes-InsertRepeatedBytes-
#31657	REDUCE cov: 3763 ft: 8567 corp: 836/27Kb lim: 110 exec/s: 6331 rss: 226Mb L: 21/110 MS: 5 ChangeBit-InsertRepeatedBytes-ChangeBit-InsertRepeatedBytes-CrossOver-
#31674	REDUCE cov: 3763 ft: 8567 corp: 836/27Kb lim: 110 exec/s: 6334 rss: 226Mb L: 28/110 MS: 2 PersAutoDict-EraseBytes- DE: "\377\377\377\234"-
#31855	REDUCE cov: 3763 ft: 8567 corp: 836/27Kb lim: 110 exec/s: 6371 rss: 227Mb L: 9/110 MS: 1 EraseBytes-
#31886	REDUCE cov: 3763 ft: 8567 corp: 836/27Kb lim: 110 exec/s: 6377 rss: 227Mb L: 23/110 MS: 1 EraseBytes-
#31978	REDUCE cov: 3763 ft: 8567 corp: 836/27Kb lim: 110 exec/s: 6395 rss: 227Mb L: 46/110 MS: 2 ShuffleBytes-EraseBytes-
#32229	NEW    cov: 3763 ft: 8568 corp: 837/27Kb lim: 110 exec/s: 6445 rss: 228Mb L: 18/110 MS: 1 CopyPart-
#32230	NEW    cov: 3763 ft: 8571 corp: 838/27Kb lim: 110 exec/s: 6446 rss: 228Mb L: 103/110 MS: 1 CopyPart-
#32286	REDUCE cov: 3763 ft: 8571 corp: 838/27Kb lim: 110 exec/s: 6457 rss: 228Mb L: 85/110 MS: 1 EraseBytes-
#32332	REDUCE cov: 3763 ft: 8571 corp: 838/27Kb lim: 110 exec/s: 6466 rss: 229Mb L: 73/110 MS: 1 EraseBytes-
#32363	REDUCE cov: 3763 ft: 8571 corp: 838/27Kb lim: 110 exec/s: 6472 rss: 229Mb L: 13/110 MS: 1 EraseBytes-
#32377	NEW    cov: 3763 ft: 8572 corp: 839/27Kb lim: 110 exec/s: 6475 rss: 229Mb L: 67/110 MS: 4 CopyPart-CopyPart-InsertRepeatedBytes-EraseBytes-
#32429	REDUCE cov: 3763 ft: 8572 corp: 839/27Kb lim: 110 exec/s: 6485 rss: 229Mb L: 74/110 MS: 2 ChangeBit-EraseBytes-
#32432	NEW    cov: 3763 ft: 8578 corp: 840/27Kb lim: 110 exec/s: 6486 rss: 229Mb L: 14/110 MS: 3 ShuffleBytes-InsertByte-PersAutoDict- DE: "fae"-
#32433	NEW    cov: 3764 ft: 8579 corp: 841/27Kb lim: 110 exec/s: 6486 rss: 229Mb L: 13/110 MS: 1 ShuffleBytes-
#32504	NEW    cov: 3764 ft: 8586 corp: 842/27Kb lim: 110 exec/s: 6500 rss: 229Mb L: 28/110 MS: 1 EraseBytes-
#32586	REDUCE cov: 3764 ft: 8586 corp: 842/27Kb lim: 110 exec/s: 6517 rss: 230Mb L: 8/110 MS: 2 EraseBytes-InsertByte-
#32597	REDUCE cov: 3764 ft: 8586 corp: 842/27Kb lim: 110 exec/s: 6519 rss: 230Mb L: 63/110 MS: 1 EraseBytes-
#32613	REDUCE cov: 3764 ft: 8586 corp: 842/27Kb lim: 110 exec/s: 6522 rss: 230Mb L: 37/110 MS: 1 EraseBytes-
#32701	REDUCE cov: 3764 ft: 8586 corp: 842/27Kb lim: 110 exec/s: 6540 rss: 230Mb L: 5/110 MS: 3 InsertByte-ChangeBit-EraseBytes-
#32720	NEW    cov: 3765 ft: 8587 corp: 843/27Kb lim: 110 exec/s: 6544 rss: 230Mb L: 51/110 MS: 4 ShuffleBytes-ChangeBinInt-CrossOver-CrossOver-
#32758	NEW    cov: 3765 ft: 8588 corp: 844/27Kb lim: 110 exec/s: 6551 rss: 231Mb L: 45/110 MS: 3 ChangeByte-CrossOver-ChangeBit-
#32768	pulse  cov: 3765 ft: 8588 corp: 844/27Kb lim: 110 exec/s: 6553 rss: 231Mb
#32840	REDUCE cov: 3765 ft: 8588 corp: 844/27Kb lim: 110 exec/s: 6568 rss: 231Mb L: 57/110 MS: 2 ChangeASCIIInt-EraseBytes-
#32856	REDUCE cov: 3765 ft: 8588 corp: 844/27Kb lim: 110 exec/s: 6571 rss: 231Mb L: 21/110 MS: 1 EraseBytes-
#32869	REDUCE cov: 3765 ft: 8588 corp: 844/27Kb lim: 110 exec/s: 6573 rss: 231Mb L: 63/110 MS: 3 ChangeASCIIInt-ChangeASCIIInt-EraseBytes-
#32935	NEW    cov: 3765 ft: 8589 corp: 845/27Kb lim: 110 exec/s: 6587 rss: 231Mb L: 79/110 MS: 1 CMP- DE: "\377\377"-
#32951	NEW    cov: 3765 ft: 8590 corp: 846/27Kb lim: 110 exec/s: 6590 rss: 232Mb L: 45/110 MS: 1 CopyPart-
#32998	REDUCE cov: 3765 ft: 8590 corp: 846/27Kb lim: 110 exec/s: 6599 rss: 232Mb L: 9/110 MS: 2 ChangeBit-EraseBytes-
#33074	NEW    cov: 3765 ft: 8594 corp: 847/27Kb lim: 110 exec/s: 6614 rss: 232Mb L: 97/110 MS: 1 ChangeByte-
#33090	NEW    cov: 3765 ft: 8596 corp: 848/27Kb lim: 110 exec/s: 6618 rss: 232Mb L: 30/110 MS: 1 PersAutoDict- DE: "foo"-
#33107	REDUCE cov: 3765 ft: 8596 corp: 848/27Kb lim: 110 exec/s: 6621 rss: 232Mb L: 32/110 MS: 2 EraseBytes-CMP- DE: "\377\377\377\377"-
#33159	REDUCE cov: 3765 ft: 8596 corp: 848/27Kb lim: 110 exec/s: 6631 rss: 232Mb L: 44/110 MS: 2 PersAutoDict-EraseBytes- DE: "\000\000\200\002"-
#33210	REDUCE cov: 3765 ft: 8596 corp: 848/27Kb lim: 110 exec/s: 6642 rss: 233Mb L: 15/110 MS: 1 EraseBytes-
#33226	NEW    cov: 3765 ft: 8597 corp: 849/27Kb lim: 110 exec/s: 6645 rss: 233Mb L: 11/110 MS: 1 EraseBytes-
#33257	NEW    cov: 3765 ft: 8604 corp: 850/27Kb lim: 110 exec/s: 6651 rss: 233Mb L: 21/110 MS: 1 InsertByte-
#33391	REDUCE cov: 3765 ft: 8604 corp: 850/27Kb lim: 110 exec/s: 6678 rss: 233Mb L: 39/110 MS: 4 ChangeASCIIInt-ChangeBinInt-ShuffleBytes-EraseBytes-
#33415	NEW    cov: 3765 ft: 8605 corp: 851/27Kb lim: 110 exec/s: 6683 rss: 234Mb L: 87/110 MS: 4 ChangeBinInt-ChangeASCIIInt-ChangeBit-CopyPart-
#33481	REDUCE cov: 3765 ft: 8605 corp: 851/27Kb lim: 110 exec/s: 6696 rss: 234Mb L: 37/110 MS: 1 EraseBytes-
#33657	REDUCE cov: 3765 ft: 8605 corp: 851/27Kb lim: 110 exec/s: 6731 rss: 234Mb L: 19/110 MS: 1 EraseBytes-
#33658	REDUCE cov: 3765 ft: 8605 corp: 851/27Kb lim: 110 exec/s: 6731 rss: 234Mb L: 19/110 MS: 1 EraseBytes-
#33699	NEW    cov: 3765 ft: 8606 corp: 852/27Kb lim: 110 exec/s: 6739 rss: 235Mb L: 29/110 MS: 1 InsertByte-
#33718	REDUCE cov: 3765 ft: 8606 corp: 852/27Kb lim: 110 exec/s: 6743 rss: 235Mb L: 9/110 MS: 4 InsertByte-ChangeBinInt-ChangeASCIIInt-EraseBytes-
#33793	REDUCE cov: 3765 ft: 8606 corp: 852/27Kb lim: 110 exec/s: 6758 rss: 235Mb L: 55/110 MS: 5 InsertRepeatedBytes-ChangeBinInt-InsertRepeatedBytes-CrossOver-EraseBytes-
#33813	REDUCE cov: 3765 ft: 8606 corp: 852/27Kb lim: 110 exec/s: 6762 rss: 235Mb L: 46/110 MS: 5 ChangeByte-ChangeByte-PersAutoDict-CrossOver-EraseBytes- DE: "foo\" :"-
#33820	REDUCE cov: 3765 ft: 8606 corp: 852/27Kb lim: 110 exec/s: 6764 rss: 235Mb L: 57/110 MS: 2 ChangeBit-EraseBytes-
#33940	REDUCE cov: 3765 ft: 8606 corp: 852/27Kb lim: 110 exec/s: 6788 rss: 236Mb L: 39/110 MS: 5 CMP-ChangeASCIIInt-ChangeByte-InsertByte-EraseBytes- DE: "\020\000\000\000"-
#33992	REDUCE cov: 3765 ft: 8606 corp: 852/27Kb lim: 110 exec/s: 6798 rss: 236Mb L: 18/110 MS: 2 PersAutoDict-EraseBytes- DE: "frue"-
#34005	NEW    cov: 3765 ft: 8611 corp: 853/27Kb lim: 110 exec/s: 6801 rss: 236Mb L: 104/110 MS: 3 ShuffleBytes-ChangeASCIIInt-InsertRepeatedBytes-
#34021	REDUCE cov: 3765 ft: 8611 corp: 853/27Kb lim: 110 exec/s: 6804 rss: 236Mb L: 30/110 MS: 1 EraseBytes-
#34092	REDUCE cov: 3765 ft: 8611 corp: 853/27Kb lim: 110 exec/s: 6818 rss: 236Mb L: 44/110 MS: 1 EraseBytes-
#34153	REDUCE cov: 3765 ft: 8611 corp: 853/27Kb lim: 110 exec/s: 6830 rss: 237Mb L: 38/110 MS: 1 EraseBytes-
#34164	NEW    cov: 3765 ft: 8612 corp: 854/27Kb lim: 110 exec/s: 6832 rss: 237Mb L: 19/110 MS: 1 EraseBytes-
#34405	REDUCE cov: 3765 ft: 8612 corp: 854/27Kb lim: 110 exec/s: 6881 rss: 238Mb L: 104/110 MS: 1 EraseBytes-
#34416	NEW    cov: 3765 ft: 8613 corp: 855/27Kb lim: 110 exec/s: 6883 rss: 238Mb L: 56/110 MS: 1 ChangeBinInt-
#34417	NEW    cov: 3765 ft: 8616 corp: 856/27Kb lim: 110 exec/s: 6883 rss: 238Mb L: 29/110 MS: 1 ChangeBit-
#34494	REDUCE cov: 3765 ft: 8616 corp: 856/27Kb lim: 110 exec/s: 6898 rss: 238Mb L: 59/110 MS: 2 PersAutoDict-EraseBytes- DE: "\001\000\000\000\000\000\000~"-
#34506	REDUCE cov: 3765 ft: 8616 corp: 856/27Kb lim: 110 exec/s: 6901 rss: 238Mb L: 8/110 MS: 2 CopyPart-EraseBytes-
#34518	REDUCE cov: 3765 ft: 8616 corp: 856/27Kb lim: 110 exec/s: 6903 rss: 238Mb L: 19/110 MS: 2 EraseBytes-ChangeByte-
#34674	REDUCE cov: 3765 ft: 8616 corp: 856/27Kb lim: 110 exec/s: 6934 rss: 239Mb L: 12/110 MS: 1 EraseBytes-
#34706	REDUCE cov: 3765 ft: 8616 corp: 856/27Kb lim: 110 exec/s: 6941 rss: 239Mb L: 11/110 MS: 2 InsertByte-EraseBytes-
#34738	REDUCE cov: 3765 ft: 8616 corp: 856/27Kb lim: 110 exec/s: 6947 rss: 239Mb L: 101/110 MS: 2 ChangeASCIIInt-EraseBytes-
#34759	REDUCE cov: 3765 ft: 8616 corp: 856/27Kb lim: 110 exec/s: 6951 rss: 239Mb L: 62/110 MS: 1 EraseBytes-
#34827	REDUCE cov: 3765 ft: 8616 corp: 856/27Kb lim: 110 exec/s: 6965 rss: 239Mb L: 42/110 MS: 3 CrossOver-CopyPart-EraseBytes-
#34845	REDUCE cov: 3765 ft: 8616 corp: 856/27Kb lim: 110 exec/s: 6969 rss: 239Mb L: 48/110 MS: 3 PersAutoDict-CrossOver-EraseBytes- DE: "tru\036\036"-
#34887	REDUCE cov: 3765 ft: 8616 corp: 856/27Kb lim: 110 exec/s: 6977 rss: 240Mb L: 6/110 MS: 2 ShuffleBytes-EraseBytes-
#34983	NEW    cov: 3765 ft: 8617 corp: 857/27Kb lim: 110 exec/s: 6996 rss: 240Mb L: 20/110 MS: 1 ChangeByte-
#35060	REDUCE cov: 3765 ft: 8617 corp: 857/27Kb lim: 110 exec/s: 7012 rss: 240Mb L: 19/110 MS: 2 ChangeByte-EraseBytes-
#35078	REDUCE cov: 3765 ft: 8617 corp: 857/27Kb lim: 110 exec/s: 7015 rss: 240Mb L: 39/110 MS: 3 CMP-CrossOver-CrossOver- DE: "\000\000\000\374"-
#35103	NEW    cov: 3765 ft: 8618 corp: 858/27Kb lim: 110 exec/s: 7020 rss: 241Mb L: 67/110 MS: 5 PersAutoDict-ChangeBit-PersAutoDict-InsertByte-InsertByte- DE: "\001\000\004<"-"true:"-
#35134	NEW    cov: 3765 ft: 8619 corp: 859/27Kb lim: 110 exec/s: 7026 rss: 241Mb L: 27/110 MS: 1 ChangeBit-
#35170	REDUCE cov: 3765 ft: 8619 corp: 859/27Kb lim: 110 exec/s: 7034 rss: 241Mb L: 14/110 MS: 1 EraseBytes-
#35191	NEW    cov: 3765 ft: 8620 corp: 860/27Kb lim: 110 exec/s: 7038 rss: 241Mb L: 16/110 MS: 1 ChangeBinInt-
#35402	REDUCE cov: 3765 ft: 8620 corp: 860/27Kb lim: 110 exec/s: 7080 rss: 242Mb L: 21/110 MS: 1 EraseBytes-
#35464	REDUCE cov: 3765 ft: 8620 corp: 860/27Kb lim: 110 exec/s: 7092 rss: 242Mb L: 22/110 MS: 2 ChangeASCIIInt-EraseBytes-
#35716	NEW    cov: 3765 ft: 8623 corp: 861/27Kb lim: 110 exec/s: 7143 rss: 243Mb L: 39/110 MS: 2 PersAutoDict-CMP- DE: "tru\036\036"-"\377$\011\000"-
#35762	REDUCE cov: 3765 ft: 8623 corp: 861/27Kb lim: 110 exec/s: 7152 rss: 243Mb L: 23/110 MS: 1 EraseBytes-
#35807	NEW    cov: 3765 ft: 8624 corp: 862/27Kb lim: 110 exec/s: 7161 rss: 243Mb L: 55/110 MS: 5 ChangeByte-InsertByte-EraseBytes-InsertByte-CopyPart-
#35901	REDUCE cov: 3765 ft: 8624 corp: 862/27Kb lim: 110 exec/s: 7180 rss: 243Mb L: 67/110 MS: 4 EraseBytes-ChangeBit-CopyPart-ChangeBinInt-
#35990	REDUCE cov: 3765 ft: 8624 corp: 862/27Kb lim: 110 exec/s: 7198 rss: 244Mb L: 31/110 MS: 4 ChangeASCIIInt-PersAutoDict-ChangeByte-EraseBytes- DE: "\001\0000\026"-
#36001	REDUCE cov: 3765 ft: 8624 corp: 862/27Kb lim: 110 exec/s: 7200 rss: 244Mb L: 6/110 MS: 1 EraseBytes-
#36007	NEW    cov: 3767 ft: 8626 corp: 863/27Kb lim: 110 exec/s: 7201 rss: 244Mb L: 11/110 MS: 1 EraseBytes-
#36018	REDUCE cov: 3767 ft: 8626 corp: 863/27Kb lim: 110 exec/s: 7203 rss: 244Mb L: 36/110 MS: 1 EraseBytes-
#36024	REDUCE cov: 3770 ft: 8630 corp: 864/28Kb lim: 110 exec/s: 7204 rss: 244Mb L: 74/110 MS: 1 ShuffleBytes-
#36072	REDUCE cov: 3770 ft: 8630 corp: 864/28Kb lim: 110 exec/s: 7214 rss: 244Mb L: 12/110 MS: 3 ChangeBinInt-ShuffleBytes-EraseBytes-
#36089	REDUCE cov: 3770 ft: 8630 corp: 864/28Kb lim: 110 exec/s: 7217 rss: 244Mb L: 61/110 MS: 2 CopyPart-EraseBytes-
#36171	REDUCE cov: 3770 ft: 8630 corp: 864/28Kb lim: 110 exec/s: 7234 rss: 245Mb L: 75/110 MS: 2 PersAutoDict-EraseBytes- DE: "\004;"-
#36287	NEW    cov: 3770 ft: 8631 corp: 865/28Kb lim: 110 exec/s: 7257 rss: 245Mb L: 21/110 MS: 1 InsertByte-
#36292	NEW    cov: 3770 ft: 8633 corp: 866/28Kb lim: 110 exec/s: 7258 rss: 245Mb L: 105/110 MS: 5 ChangeASCIIInt-ChangeByte-ChangeByte-InsertByte-CrossOver-
#36327	NEW    cov: 3770 ft: 8634 corp: 867/28Kb lim: 110 exec/s: 7265 rss: 245Mb L: 110/110 MS: 5 InsertByte-ChangeBit-CopyPart-CrossOver-CopyPart-
#36349	NEW    cov: 3770 ft: 8666 corp: 868/28Kb lim: 110 exec/s: 7269 rss: 246Mb L: 56/110 MS: 2 InsertByte-EraseBytes-
#36366	REDUCE cov: 3770 ft: 8666 corp: 868/28Kb lim: 110 exec/s: 7273 rss: 246Mb L: 20/110 MS: 2 PersAutoDict-EraseBytes- DE: "\000\000\000\374"-
#36368	NEW    cov: 3770 ft: 8672 corp: 869/28Kb lim: 110 exec/s: 7273 rss: 246Mb L: 68/110 MS: 2 ChangeBinInt-CrossOver-
#36381	REDUCE cov: 3770 ft: 8672 corp: 869/28Kb lim: 110 exec/s: 7276 rss: 246Mb L: 52/110 MS: 3 CrossOver-ChangeASCIIInt-EraseBytes-
#36477	NEW    cov: 3770 ft: 8673 corp: 870/28Kb lim: 110 exec/s: 7295 rss: 246Mb L: 102/110 MS: 1 CopyPart-
#36480	NEW    cov: 3770 ft: 8700 corp: 871/28Kb lim: 110 exec/s: 7296 rss: 246Mb L: 96/110 MS: 3 ShuffleBytes-ChangeASCIIInt-CopyPart-
#36628	REDUCE cov: 3770 ft: 8700 corp: 871/28Kb lim: 110 exec/s: 7325 rss: 247Mb L: 20/110 MS: 3 InsertRepeatedBytes-InsertByte-EraseBytes-
#36671	REDUCE cov: 3770 ft: 8701 corp: 872/28Kb lim: 110 exec/s: 7334 rss: 247Mb L: 18/110 MS: 3 CrossOver-CopyPart-PersAutoDict- DE: "UniT"-
#36695	NEW    cov: 3770 ft: 8711 corp: 873/28Kb lim: 110 exec/s: 7339 rss: 247Mb L: 46/110 MS: 4 InsertByte-ChangeBinInt-ChangeASCIIInt-CrossOver-
#36754	NEW    cov: 3770 ft: 8712 corp: 874/28Kb lim: 110 exec/s: 7350 rss: 247Mb L: 32/110 MS: 4 ChangeBinInt-InsertByte-ChangeASCIIInt-CrossOver-
#36763	REDUCE cov: 3770 ft: 8712 corp: 874/28Kb lim: 110 exec/s: 7352 rss: 248Mb L: 10/110 MS: 4 CopyPart-ChangeByte-ChangeByte-EraseBytes-
#36794	REDUCE cov: 3770 ft: 8712 corp: 874/28Kb lim: 110 exec/s: 7358 rss: 248Mb L: 11/110 MS: 1 EraseBytes-
#36835	NEW    cov: 3770 ft: 8713 corp: 875/28Kb lim: 110 exec/s: 7367 rss: 248Mb L: 109/110 MS: 1 InsertRepeatedBytes-
#36867	REDUCE cov: 3770 ft: 8713 corp: 875/28Kb lim: 110 exec/s: 7373 rss: 248Mb L: 22/110 MS: 2 InsertByte-EraseBytes-
#36893	NEW    cov: 3770 ft: 8715 corp: 876/28Kb lim: 110 exec/s: 7378 rss: 248Mb L: 68/110 MS: 1 ShuffleBytes-
#36939	REDUCE cov: 3770 ft: 8715 corp: 876/28Kb lim: 110 exec/s: 7387 rss: 248Mb L: 45/110 MS: 1 EraseBytes-
#36978	NEW    cov: 3770 ft: 8716 corp: 877/28Kb lim: 110 exec/s: 7395 rss: 249Mb L: 41/110 MS: 4 CopyPart-CrossOver-CMP-EraseBytes- DE: ",ab:"-
#36982	NEW    cov: 3770 ft: 8718 corp: 878/28Kb lim: 110 exec/s: 7396 rss: 249Mb L: 88/110 MS: 4 CopyPart-CopyPart-ChangeBit-EraseBytes-
#37036	REDUCE cov: 3770 ft: 8718 corp: 878/28Kb lim: 110 exec/s: 7407 rss: 249Mb L: 42/110 MS: 4 ChangeBinInt-ChangeByte-ChangeBit-EraseBytes-
#37148	REDUCE cov: 3770 ft: 8718 corp: 878/28Kb lim: 110 exec/s: 7429 rss: 249Mb L: 76/110 MS: 2 ChangeASCIIInt-EraseBytes-
#37187	REDUCE cov: 3770 ft: 8718 corp: 878/28Kb lim: 110 exec/s: 7437 rss: 249Mb L: 73/110 MS: 4 CopyPart-ChangeBinInt-ChangeByte-EraseBytes-
#37209	NEW    cov: 3770 ft: 8719 corp: 879/28Kb lim: 110 exec/s: 7441 rss: 250Mb L: 23/110 MS: 2 CopyPart-ShuffleBytes-
#37219	NEW    cov: 3770 ft: 8720 corp: 880/28Kb lim: 110 exec/s: 7443 rss: 250Mb L: 71/110 MS: 5 ShuffleBytes-ChangeByte-ChangeByte-ChangeBinInt-PersAutoDict- DE: "fo\000~~~"-
#37269	NEW    cov: 3770 ft: 8725 corp: 881/28Kb lim: 110 exec/s: 7453 rss: 250Mb L: 20/110 MS: 5 CrossOver-ChangeASCIIInt-ChangeASCIIInt-EraseBytes-CopyPart-
#37345	REDUCE cov: 3770 ft: 8726 corp: 882/29Kb lim: 110 exec/s: 7469 rss: 250Mb L: 23/110 MS: 1 CopyPart-
#37346	NEW    cov: 3771 ft: 8727 corp: 883/29Kb lim: 110 exec/s: 7469 rss: 250Mb L: 14/110 MS: 1 CopyPart-
#37477	NEW    cov: 3771 ft: 8728 corp: 884/29Kb lim: 110 exec/s: 7495 rss: 251Mb L: 5/110 MS: 1 InsertByte-
#37498	REDUCE cov: 3771 ft: 8728 corp: 884/29Kb lim: 110 exec/s: 7499 rss: 251Mb L: 34/110 MS: 1 EraseBytes-
#37591	NEW    cov: 3771 ft: 8730 corp: 885/29Kb lim: 110 exec/s: 7518 rss: 251Mb L: 100/110 MS: 3 InsertByte-InsertByte-InsertByte-
#37603	REDUCE cov: 3771 ft: 8730 corp: 885/29Kb lim: 110 exec/s: 7520 rss: 251Mb L: 98/110 MS: 2 ChangeASCIIInt-EraseBytes-
#37640	REDUCE cov: 3771 ft: 8730 corp: 885/29Kb lim: 110 exec/s: 7528 rss: 252Mb L: 4/110 MS: 2 ChangeASCIIInt-EraseBytes-
#37642	REDUCE cov: 3771 ft: 8730 corp: 885/29Kb lim: 110 exec/s: 7528 rss: 252Mb L: 35/110 MS: 2 ChangeBit-EraseBytes-
#37686	REDUCE cov: 3771 ft: 8730 corp: 885/29Kb lim: 110 exec/s: 7537 rss: 252Mb L: 59/110 MS: 4 InsertByte-PersAutoDict-ChangeBit-EraseBytes- DE: ">\012\000\000"-
#37719	NEW    cov: 3771 ft: 8732 corp: 886/29Kb lim: 110 exec/s: 7543 rss: 252Mb L: 13/110 MS: 3 ChangeBinInt-CopyPart-CrossOver-
#37751	NEW    cov: 3771 ft: 8733 corp: 887/29Kb lim: 110 exec/s: 7550 rss: 252Mb L: 28/110 MS: 2 ChangeBit-PersAutoDict- DE: ">\012\000\000"-
#37755	NEW    cov: 3771 ft: 8735 corp: 888/29Kb lim: 110 exec/s: 7551 rss: 252Mb L: 46/110 MS: 4 InsertByte-CopyPart-CopyPart-CopyPart-
#37763	REDUCE cov: 3771 ft: 8735 corp: 888/29Kb lim: 110 exec/s: 7552 rss: 252Mb L: 36/110 MS: 3 InsertByte-CMP-EraseBytes- DE: "\241\377\000"-
#37791	NEW    cov: 3771 ft: 8737 corp: 889/29Kb lim: 110 exec/s: 7558 rss: 253Mb L: 33/110 MS: 3 CopyPart-ChangeByte-InsertByte-
#37862	NEW    cov: 3771 ft: 8738 corp: 890/29Kb lim: 110 exec/s: 7572 rss: 253Mb L: 52/110 MS: 1 InsertRepeatedBytes-
#37864	REDUCE cov: 3771 ft: 8738 corp: 890/29Kb lim: 110 exec/s: 7572 rss: 253Mb L: 16/110 MS: 2 ChangeBinInt-EraseBytes-
#37996	REDUCE cov: 3771 ft: 8746 corp: 891/29Kb lim: 110 exec/s: 7599 rss: 253Mb L: 20/110 MS: 2 EraseBytes-PersAutoDict- DE: "\377\377"-
#38027	REDUCE cov: 3771 ft: 8754 corp: 892/29Kb lim: 110 exec/s: 7605 rss: 253Mb L: 15/110 MS: 1 EraseBytes-
#38151	REDUCE cov: 3771 ft: 8754 corp: 892/29Kb lim: 110 exec/s: 7630 rss: 254Mb L: 68/110 MS: 4 InsertByte-ChangeByte-ChangeASCIIInt-EraseBytes-
#38195	REDUCE cov: 3771 ft: 8756 corp: 893/29Kb lim: 110 exec/s: 7639 rss: 254Mb L: 65/110 MS: 4 InsertRepeatedBytes-EraseBytes-ChangeByte-ChangeByte-
#38196	REDUCE cov: 3771 ft: 8756 corp: 893/29Kb lim: 110 exec/s: 7639 rss: 254Mb L: 18/110 MS: 1 EraseBytes-
#38223	NEW    cov: 3771 ft: 8758 corp: 894/29Kb lim: 110 exec/s: 7644 rss: 254Mb L: 29/110 MS: 2 ChangeByte-CMP- DE: "\000\000\000\000\000\000\000\022"-
#38250	REDUCE cov: 3771 ft: 8758 corp: 894/29Kb lim: 110 exec/s: 7650 rss: 254Mb L: 73/110 MS: 2 PersAutoDict-EraseBytes- DE: "true\""-
#38261	REDUCE cov: 3771 ft: 8758 corp: 894/29Kb lim: 110 exec/s: 7652 rss: 254Mb L: 5/110 MS: 1 EraseBytes-
#38297	REDUCE cov: 3771 ft: 8758 corp: 894/29Kb lim: 110 exec/s: 7659 rss: 255Mb L: 59/110 MS: 1 CrossOver-
#38298	REDUCE cov: 3771 ft: 8758 corp: 894/29Kb lim: 110 exec/s: 7659 rss: 255Mb L: 47/110 MS: 1 EraseBytes-
#38309	NEW    cov: 3771 ft: 8762 corp: 895/29Kb lim: 110 exec/s: 7661 rss: 255Mb L: 110/110 MS: 1 CrossOver-
#38321	REDUCE cov: 3771 ft: 8762 corp: 895/29Kb lim: 110 exec/s: 7664 rss: 255Mb L: 16/110 MS: 2 PersAutoDict-CrossOver- DE: "\000\000\000\000\000\000\000\001"-
#38353	REDUCE cov: 3771 ft: 8762 corp: 895/29Kb lim: 110 exec/s: 7670 rss: 255Mb L: 31/110 MS: 2 PersAutoDict-EraseBytes- DE: "true:"-
#38384	REDUCE cov: 3771 ft: 8762 corp: 895/29Kb lim: 110 exec/s: 7676 rss: 255Mb L: 19/110 MS: 1 EraseBytes-
#38426	REDUCE cov: 3771 ft: 8762 corp: 895/29Kb lim: 110 exec/s: 7685 rss: 255Mb L: 57/110 MS: 2 CMP-EraseBytes- DE: "\001\000\001^"-
#38537	REDUCE cov: 3771 ft: 8762 corp: 895/29Kb lim: 110 exec/s: 7707 rss: 255Mb L: 43/110 MS: 1 CrossOver-
#38568	REDUCE cov: 3771 ft: 8762 corp: 895/29Kb lim: 110 exec/s: 7713 rss: 256Mb L: 68/110 MS: 1 EraseBytes-
#38660	NEW    cov: 3771 ft: 8763 corp: 896/29Kb lim: 110 exec/s: 7732 rss: 256Mb L: 24/110 MS: 2 ChangeBit-PersAutoDict- DE: "\000\000\000\000\000\000\000\013"-
#38695	REDUCE cov: 3771 ft: 8763 corp: 896/29Kb lim: 110 exec/s: 7739 rss: 256Mb L: 17/110 MS: 5 CMP-ShuffleBytes-PersAutoDict-ShuffleBytes-EraseBytes- DE: "true\""-"frue"-
#38916	NEW    cov: 3771 ft: 8764 corp: 897/29Kb lim: 110 exec/s: 7783 rss: 257Mb L: 79/110 MS: 1 EraseBytes-
#38993	REDUCE cov: 3771 ft: 8764 corp: 897/29Kb lim: 110 exec/s: 7798 rss: 257Mb L: 84/110 MS: 2 ChangeByte-EraseBytes-
#39014	REDUCE cov: 3771 ft: 8764 corp: 897/29Kb lim: 110 exec/s: 7802 rss: 257Mb L: 54/110 MS: 1 EraseBytes-
#39084	REDUCE cov: 3771 ft: 8764 corp: 897/29Kb lim: 110 exec/s: 7816 rss: 257Mb L: 36/110 MS: 5 ChangeBit-CopyPart-ChangeASCIIInt-PersAutoDict-EraseBytes- DE: "\377\377\377\377\377\377\377*"-
#39123	REDUCE cov: 3771 ft: 8764 corp: 897/29Kb lim: 110 exec/s: 7824 rss: 258Mb L: 35/110 MS: 4 PersAutoDict-CrossOver-ShuffleBytes-EraseBytes- DE: "\000\000"-
#39124	REDUCE cov: 3771 ft: 8764 corp: 897/29Kb lim: 110 exec/s: 7824 rss: 258Mb L: 56/110 MS: 1 EraseBytes-
#39163	REDUCE cov: 3771 ft: 8766 corp: 898/29Kb lim: 110 exec/s: 7832 rss: 258Mb L: 100/110 MS: 4 InsertRepeatedBytes-ChangeBit-ChangeBinInt-ChangeBinInt-
#39228	REDUCE cov: 3771 ft: 8766 corp: 898/29Kb lim: 110 exec/s: 7845 rss: 258Mb L: 51/110 MS: 5 PersAutoDict-ChangeASCIIInt-CopyPart-ChangeByte-EraseBytes- DE: "\001\000\004<"-
#39244	REDUCE cov: 3771 ft: 8766 corp: 898/29Kb lim: 110 exec/s: 7848 rss: 258Mb L: 32/110 MS: 1 EraseBytes-
#39250	REDUCE cov: 3771 ft: 8766 corp: 898/29Kb lim: 110 exec/s: 7850 rss: 258Mb L: 44/110 MS: 1 EraseBytes-
#39316	NEW    cov: 3771 ft: 8767 corp: 899/29Kb lim: 110 exec/s: 7863 rss: 259Mb L: 16/110 MS: 1 CopyPart-
#39339	NEW    cov: 3771 ft: 8771 corp: 900/29Kb lim: 110 exec/s: 7867 rss: 259Mb L: 20/110 MS: 3 ChangeByte-CopyPart-CopyPart-
#39391	REDUCE cov: 3771 ft: 8771 corp: 900/29Kb lim: 110 exec/s: 7878 rss: 259Mb L: 16/110 MS: 2 ShuffleBytes-EraseBytes-
#39393	REDUCE cov: 3771 ft: 8771 corp: 900/29Kb lim: 110 exec/s: 7878 rss: 259Mb L: 24/110 MS: 2 PersAutoDict-EraseBytes- DE: "New"-
#39434	REDUCE cov: 3771 ft: 8771 corp: 900/29Kb lim: 110 exec/s: 7886 rss: 259Mb L: 31/110 MS: 1 EraseBytes-
#39456	REDUCE cov: 3771 ft: 8772 corp: 901/29Kb lim: 110 exec/s: 7891 rss: 260Mb L: 102/110 MS: 2 ChangeByte-ShuffleBytes-
#39488	REDUCE cov: 3771 ft: 8772 corp: 901/29Kb lim: 110 exec/s: 7897 rss: 260Mb L: 29/110 MS: 2 ChangeASCIIInt-EraseBytes-
#39651	REDUCE cov: 3771 ft: 8772 corp: 901/29Kb lim: 110 exec/s: 7930 rss: 264Mb L: 63/110 MS: 3 CMP-CMP-EraseBytes- DE: "true\""-"trSe"-
#39737	REDUCE cov: 3771 ft: 8772 corp: 901/29Kb lim: 110 exec/s: 7947 rss: 264Mb L: 26/110 MS: 1 EraseBytes-
#39828	REDUCE cov: 3771 ft: 8772 corp: 901/29Kb lim: 110 exec/s: 7965 rss: 264Mb L: 25/110 MS: 1 EraseBytes-
#39855	REDUCE cov: 3771 ft: 8774 corp: 902/29Kb lim: 110 exec/s: 7971 rss: 264Mb L: 60/110 MS: 2 InsertByte-EraseBytes-
#39942	REDUCE cov: 3771 ft: 8774 corp: 902/29Kb lim: 110 exec/s: 7988 rss: 264Mb L: 71/110 MS: 2 InsertByte-EraseBytes-
#39999	REDUCE cov: 3771 ft: 8774 corp: 902/29Kb lim: 110 exec/s: 7999 rss: 264Mb L: 26/110 MS: 2 ChangeBinInt-EraseBytes-
#40047	NEW    cov: 3771 ft: 8775 corp: 903/29Kb lim: 110 exec/s: 8009 rss: 264Mb L: 33/110 MS: 3 ChangeASCIIInt-ChangeASCIIInt-CopyPart-
#40155	REDUCE cov: 3771 ft: 8775 corp: 903/29Kb lim: 110 exec/s: 8031 rss: 264Mb L: 17/110 MS: 3 CopyPart-CMP-EraseBytes- DE: "\001\000\000\000\000\000\000\000"-
#40159	REDUCE cov: 3771 ft: 8775 corp: 903/29Kb lim: 110 exec/s: 8031 rss: 264Mb L: 68/110 MS: 4 EraseBytes-ChangeBinInt-PersAutoDict-PersAutoDict- DE: "\003\004\001\006"-"\000\000\000\000\000\000\000\013"-
#40165	REDUCE cov: 3771 ft: 8775 corp: 903/29Kb lim: 110 exec/s: 8033 rss: 264Mb L: 8/110 MS: 1 EraseBytes-
#40457	NEW    cov: 3772 ft: 8782 corp: 904/29Kb lim: 110 exec/s: 8091 rss: 264Mb L: 49/110 MS: 2 CopyPart-EraseBytes-
#40462	REDUCE cov: 3772 ft: 8782 corp: 904/29Kb lim: 110 exec/s: 8092 rss: 264Mb L: 93/110 MS: 5 CMP-ChangeByte-ChangeBinInt-ShuffleBytes-EraseBytes- DE: "\241\241\241\241\241"-
#40508	REDUCE cov: 3772 ft: 8782 corp: 904/29Kb lim: 110 exec/s: 8101 rss: 264Mb L: 28/110 MS: 1 EraseBytes-
#40509	REDUCE cov: 3772 ft: 8782 corp: 904/29Kb lim: 110 exec/s: 8101 rss: 264Mb L: 16/110 MS: 1 EraseBytes-
#40567	REDUCE cov: 3772 ft: 8782 corp: 904/29Kb lim: 110 exec/s: 8113 rss: 264Mb L: 92/110 MS: 3 ChangeBinInt-PersAutoDict-EraseBytes- DE: "\377\377"-
#40573	REDUCE cov: 3772 ft: 8782 corp: 904/29Kb lim: 110 exec/s: 8114 rss: 264Mb L: 59/110 MS: 1 EraseBytes-
#40595	NEW    cov: 3772 ft: 8794 corp: 905/29Kb lim: 110 exec/s: 8119 rss: 264Mb L: 110/110 MS: 2 InsertRepeatedBytes-CopyPart-
#40606	NEW    cov: 3774 ft: 8796 corp: 906/29Kb lim: 110 exec/s: 8121 rss: 264Mb L: 45/110 MS: 1 EraseBytes-
#40643	REDUCE cov: 3774 ft: 8796 corp: 906/29Kb lim: 110 exec/s: 8128 rss: 264Mb L: 61/110 MS: 2 EraseBytes-CMP- DE: "f\036\001\000\320\351"-
#40646	NEW    cov: 3774 ft: 8803 corp: 907/29Kb lim: 110 exec/s: 8129 rss: 264Mb L: 23/110 MS: 3 InsertByte-ShuffleBytes-CrossOver-
#40677	NEW    cov: 3774 ft: 8812 corp: 908/29Kb lim: 110 exec/s: 8135 rss: 264Mb L: 38/110 MS: 1 CrossOver-
#40678	REDUCE cov: 3774 ft: 8812 corp: 908/29Kb lim: 110 exec/s: 8135 rss: 264Mb L: 34/110 MS: 1 EraseBytes-
#40748	REDUCE cov: 3774 ft: 8812 corp: 908/29Kb lim: 110 exec/s: 8149 rss: 264Mb L: 6/110 MS: 5 ChangeASCIIInt-InsertByte-InsertByte-PersAutoDict-EraseBytes- DE: "true"-
#40774	REDUCE cov: 3774 ft: 8812 corp: 908/29Kb lim: 110 exec/s: 8154 rss: 264Mb L: 50/110 MS: 1 CrossOver-
#40828	REDUCE cov: 3774 ft: 8812 corp: 908/29Kb lim: 110 exec/s: 8165 rss: 264Mb L: 57/110 MS: 4 ChangeBit-InsertRepeatedBytes-InsertByte-EraseBytes-
#40884	REDUCE cov: 3774 ft: 8812 corp: 908/29Kb lim: 110 exec/s: 8176 rss: 264Mb L: 8/110 MS: 1 CrossOver-
#40895	REDUCE cov: 3774 ft: 8812 corp: 908/29Kb lim: 110 exec/s: 8179 rss: 264Mb L: 82/110 MS: 1 EraseBytes-
#40912	REDUCE cov: 3774 ft: 8812 corp: 908/29Kb lim: 110 exec/s: 8182 rss: 264Mb L: 89/110 MS: 2 PersAutoDict-CrossOver- DE: "C\004\000\000"-
#40948	REDUCE cov: 3774 ft: 8812 corp: 908/29Kb lim: 110 exec/s: 8189 rss: 264Mb L: 62/110 MS: 1 EraseBytes-
#41014	NEW    cov: 3774 ft: 8814 corp: 909/29Kb lim: 110 exec/s: 8202 rss: 264Mb L: 47/110 MS: 1 ChangeBinInt-
#41081	REDUCE cov: 3774 ft: 8814 corp: 909/29Kb lim: 110 exec/s: 8216 rss: 264Mb L: 31/110 MS: 2 ShuffleBytes-EraseBytes-
#41148	REDUCE cov: 3774 ft: 8815 corp: 910/29Kb lim: 110 exec/s: 8229 rss: 264Mb L: 23/110 MS: 2 CrossOver-CopyPart-
#41172	REDUCE cov: 3774 ft: 8815 corp: 910/29Kb lim: 110 exec/s: 8234 rss: 264Mb L: 19/110 MS: 4 CopyPart-CrossOver-ChangeBit-EraseBytes-
#41240	NEW    cov: 3774 ft: 8819 corp: 911/29Kb lim: 110 exec/s: 8248 rss: 264Mb L: 75/110 MS: 3 InsertByte-EraseBytes-CrossOver-
#41266	REDUCE cov: 3774 ft: 8819 corp: 911/29Kb lim: 110 exec/s: 8253 rss: 264Mb L: 100/110 MS: 1 EraseBytes-
#41281	REDUCE cov: 3774 ft: 8819 corp: 911/29Kb lim: 110 exec/s: 8256 rss: 264Mb L: 25/110 MS: 5 InsertByte-ChangeASCIIInt-ChangeBinInt-ShuffleBytes-EraseBytes-
#41312	REDUCE cov: 3774 ft: 8819 corp: 911/29Kb lim: 110 exec/s: 8262 rss: 264Mb L: 5/110 MS: 1 EraseBytes-
#41381	REDUCE cov: 3774 ft: 8819 corp: 911/29Kb lim: 110 exec/s: 8276 rss: 264Mb L: 53/110 MS: 4 ChangeBit-ChangeBit-ChangeASCIIInt-EraseBytes-
#41382	REDUCE cov: 3774 ft: 8819 corp: 911/29Kb lim: 110 exec/s: 8276 rss: 264Mb L: 35/110 MS: 1 EraseBytes-
#41423	NEW    cov: 3774 ft: 8820 corp: 912/29Kb lim: 110 exec/s: 8284 rss: 264Mb L: 20/110 MS: 1 ChangeBinInt-
#41690	NEW    cov: 3774 ft: 8826 corp: 913/29Kb lim: 110 exec/s: 8338 rss: 264Mb L: 31/110 MS: 2 PersAutoDict-EraseBytes- DE: "\001\000\000\000\000\000\000)"-
#41765	REDUCE cov: 3774 ft: 8828 corp: 914/29Kb lim: 110 exec/s: 8353 rss: 264Mb L: 50/110 MS: 5 ChangeByte-ChangeBinInt-ChangeByte-CopyPart-CrossOver-
#41772	REDUCE cov: 3774 ft: 8828 corp: 914/29Kb lim: 110 exec/s: 8354 rss: 264Mb L: 48/110 MS: 2 CrossOver-EraseBytes-
#41808	REDUCE cov: 3774 ft: 8828 corp: 914/29Kb lim: 110 exec/s: 8361 rss: 264Mb L: 89/110 MS: 1 EraseBytes-
#41814	NEW    cov: 3774 ft: 8830 corp: 915/29Kb lim: 110 exec/s: 8362 rss: 264Mb L: 103/110 MS: 1 PersAutoDict- DE: "tpuex"-
#41875	NEW    cov: 3774 ft: 8831 corp: 916/29Kb lim: 110 exec/s: 8375 rss: 264Mb L: 17/110 MS: 1 EraseBytes-
#42113	REDUCE cov: 3774 ft: 8831 corp: 916/29Kb lim: 110 exec/s: 8422 rss: 264Mb L: 18/110 MS: 3 CMP-ChangeByte-EraseBytes- DE: "\377\377"-
#42134	REDUCE cov: 3774 ft: 8831 corp: 916/29Kb lim: 110 exec/s: 8426 rss: 264Mb L: 24/110 MS: 1 EraseBytes-
#42150	REDUCE cov: 3774 ft: 8833 corp: 917/29Kb lim: 110 exec/s: 8430 rss: 264Mb L: 34/110 MS: 1 EraseBytes-
#42181	REDUCE cov: 3774 ft: 8833 corp: 917/29Kb lim: 110 exec/s: 8436 rss: 264Mb L: 22/110 MS: 1 EraseBytes-
#42187	REDUCE cov: 3774 ft: 8833 corp: 917/29Kb lim: 110 exec/s: 8437 rss: 264Mb L: 34/110 MS: 1 EraseBytes-
#42228	REDUCE cov: 3774 ft: 8833 corp: 917/29Kb lim: 110 exec/s: 8445 rss: 264Mb L: 16/110 MS: 1 EraseBytes-
#42246	REDUCE cov: 3774 ft: 8833 corp: 917/29Kb lim: 110 exec/s: 8449 rss: 264Mb L: 41/110 MS: 3 CopyPart-CMP-EraseBytes- DE: "tru\251'"-
#42297	REDUCE cov: 3774 ft: 8833 corp: 917/29Kb lim: 110 exec/s: 8459 rss: 264Mb L: 4/110 MS: 1 EraseBytes-
#42308	REDUCE cov: 3774 ft: 8833 corp: 917/29Kb lim: 110 exec/s: 8461 rss: 264Mb L: 7/110 MS: 1 EraseBytes-
#42321	NEW    cov: 3776 ft: 8848 corp: 918/29Kb lim: 110 exec/s: 8464 rss: 264Mb L: 6/110 MS: 3 CopyPart-ShuffleBytes-CopyPart-
#42325	REDUCE cov: 3776 ft: 8848 corp: 918/29Kb lim: 110 exec/s: 8465 rss: 264Mb L: 48/110 MS: 4 ChangeBit-ChangeBinInt-CMP-EraseBytes- DE: "\024\000\000\000"-
#42426	REDUCE cov: 3776 ft: 8848 corp: 918/29Kb lim: 110 exec/s: 8485 rss: 264Mb L: 36/110 MS: 1 EraseBytes-
#42458	REDUCE cov: 3776 ft: 8848 corp: 918/29Kb lim: 110 exec/s: 8491 rss: 264Mb L: 53/110 MS: 2 CopyPart-EraseBytes-
#42521	REDUCE cov: 3776 ft: 8848 corp: 918/29Kb lim: 110 exec/s: 8504 rss: 264Mb L: 17/110 MS: 3 ChangeBit-ChangeASCIIInt-EraseBytes-
#42523	NEW    cov: 3776 ft: 8850 corp: 919/29Kb lim: 110 exec/s: 8504 rss: 264Mb L: 100/110 MS: 2 ChangeBit-CopyPart-
#42539	REDUCE cov: 3776 ft: 8850 corp: 919/29Kb lim: 110 exec/s: 8507 rss: 264Mb L: 12/110 MS: 1 CrossOver-
#42635	NEW    cov: 3782 ft: 8856 corp: 920/29Kb lim: 110 exec/s: 8527 rss: 264Mb L: 17/110 MS: 1 EraseBytes-
#42660	REDUCE cov: 3782 ft: 8856 corp: 920/29Kb lim: 110 exec/s: 8532 rss: 264Mb L: 99/110 MS: 5 CopyPart-InsertRepeatedBytes-PersAutoDict-PersAutoDict-EraseBytes- DE: "foo"-"\377\377"-
#42787	REDUCE cov: 3782 ft: 8856 corp: 920/29Kb lim: 110 exec/s: 8557 rss: 264Mb L: 33/110 MS: 2 InsertByte-EraseBytes-
#42848	NEW    cov: 3782 ft: 8858 corp: 921/29Kb lim: 110 exec/s: 8569 rss: 264Mb L: 47/110 MS: 1 CopyPart-
#42879	REDUCE cov: 3782 ft: 8863 corp: 922/29Kb lim: 110 exec/s: 8575 rss: 264Mb L: 33/110 MS: 1 EraseBytes-
#42918	REDUCE cov: 3782 ft: 8863 corp: 922/29Kb lim: 110 exec/s: 8583 rss: 264Mb L: 10/110 MS: 4 ChangeBit-ChangeBinInt-ChangeByte-EraseBytes-
#42951	REDUCE cov: 3782 ft: 8863 corp: 922/29Kb lim: 110 exec/s: 8590 rss: 264Mb L: 40/110 MS: 3 ChangeByte-CopyPart-EraseBytes-
#42983	NEW    cov: 3782 ft: 8871 corp: 923/29Kb lim: 110 exec/s: 8596 rss: 264Mb L: 62/110 MS: 2 CrossOver-CopyPart-
#42999	REDUCE cov: 3782 ft: 8875 corp: 924/30Kb lim: 110 exec/s: 8599 rss: 264Mb L: 30/110 MS: 1 CrossOver-
#43091	REDUCE cov: 3782 ft: 8875 corp: 924/29Kb lim: 110 exec/s: 8618 rss: 264Mb L: 23/110 MS: 2 ChangeBinInt-EraseBytes-
#43122	REDUCE cov: 3782 ft: 8875 corp: 924/29Kb lim: 110 exec/s: 8624 rss: 264Mb L: 32/110 MS: 1 EraseBytes-
#43136	NEW    cov: 3782 ft: 8879 corp: 925/29Kb lim: 110 exec/s: 8627 rss: 264Mb L: 37/110 MS: 4 ChangeBit-CrossOver-CopyPart-PersAutoDict- DE: "true\""-
#43256	REDUCE cov: 3782 ft: 8879 corp: 925/29Kb lim: 110 exec/s: 8651 rss: 264Mb L: 59/110 MS: 5 ShuffleBytes-CMP-ChangeASCIIInt-ChangeASCIIInt-EraseBytes- DE: "tru\251'"-
#43310	NEW    cov: 3782 ft: 8880 corp: 926/30Kb lim: 110 exec/s: 8662 rss: 264Mb L: 42/110 MS: 4 ChangeBit-CMP-ShuffleBytes-CrossOver- DE: "\000\000\000\000\000\000\000\000"-
#43391	REDUCE cov: 3782 ft: 8880 corp: 926/30Kb lim: 110 exec/s: 8678 rss: 264Mb L: 18/110 MS: 1 EraseBytes-
#43438	REDUCE cov: 3782 ft: 8880 corp: 926/30Kb lim: 110 exec/s: 8687 rss: 264Mb L: 67/110 MS: 2 ChangeASCIIInt-EraseBytes-
#43484	REDUCE cov: 3782 ft: 8881 corp: 927/30Kb lim: 110 exec/s: 8696 rss: 264Mb L: 82/110 MS: 1 ChangeByte-
#43557	REDUCE cov: 3782 ft: 8881 corp: 927/30Kb lim: 110 exec/s: 8711 rss: 264Mb L: 71/110 MS: 3 ChangeBit-EraseBytes-ChangeBit-
#43596	NEW    cov: 3814 ft: 8961 corp: 928/30Kb lim: 110 exec/s: 8719 rss: 264Mb L: 101/110 MS: 4 CopyPart-ChangeASCIIInt-CrossOver-CrossOver-
#43683	REDUCE cov: 3814 ft: 8962 corp: 929/30Kb lim: 110 exec/s: 8736 rss: 264Mb L: 25/110 MS: 2 CopyPart-CMP- DE: "\377\377\377*"-
#43729	REDUCE cov: 3814 ft: 8962 corp: 929/30Kb lim: 110 exec/s: 8745 rss: 264Mb L: 51/110 MS: 1 EraseBytes-
#43781	REDUCE cov: 3814 ft: 8962 corp: 929/30Kb lim: 110 exec/s: 8756 rss: 264Mb L: 32/110 MS: 2 ShuffleBytes-CrossOver-
#43848	REDUCE cov: 3814 ft: 8962 corp: 929/30Kb lim: 110 exec/s: 8769 rss: 264Mb L: 11/110 MS: 2 ChangeByte-EraseBytes-
#43873	NEW    cov: 3814 ft: 8963 corp: 930/30Kb lim: 110 exec/s: 8774 rss: 264Mb L: 24/110 MS: 5 CopyPart-EraseBytes-EraseBytes-ShuffleBytes-CMP- DE: "false\""-
#44060	REDUCE cov: 3814 ft: 8963 corp: 930/30Kb lim: 110 exec/s: 8812 rss: 264Mb L: 45/110 MS: 2 ChangeByte-EraseBytes-
#44064	REDUCE cov: 3814 ft: 8963 corp: 930/30Kb lim: 110 exec/s: 8812 rss: 264Mb L: 64/110 MS: 4 ChangeByte-ChangeBit-ChangeBinInt-EraseBytes-
#44100	REDUCE cov: 3815 ft: 8966 corp: 931/30Kb lim: 110 exec/s: 8820 rss: 264Mb L: 106/110 MS: 1 CopyPart-
#44261	NEW    cov: 3815 ft: 8967 corp: 932/30Kb lim: 110 exec/s: 7376 rss: 264Mb L: 14/110 MS: 1 EraseBytes-
#44274	REDUCE cov: 3815 ft: 8967 corp: 932/30Kb lim: 110 exec/s: 7379 rss: 264Mb L: 33/110 MS: 3 ShuffleBytes-ShuffleBytes-EraseBytes-
#44331	REDUCE cov: 3815 ft: 8967 corp: 932/30Kb lim: 110 exec/s: 7388 rss: 264Mb L: 19/110 MS: 2 ChangeBit-EraseBytes-
#44337	REDUCE cov: 3815 ft: 8967 corp: 932/30Kb lim: 110 exec/s: 7389 rss: 264Mb L: 23/110 MS: 1 EraseBytes-
#44359	NEW    cov: 3815 ft: 8969 corp: 933/30Kb lim: 110 exec/s: 7393 rss: 264Mb L: 23/110 MS: 2 InsertByte-CrossOver-
#44457	REDUCE cov: 3815 ft: 8969 corp: 933/30Kb lim: 110 exec/s: 7409 rss: 264Mb L: 31/110 MS: 3 ChangeASCIIInt-ChangeASCIIInt-EraseBytes-
#44518	NEW    cov: 3815 ft: 8971 corp: 934/30Kb lim: 110 exec/s: 7419 rss: 264Mb L: 64/110 MS: 1 PersAutoDict- DE: "\012\000\000\000\000\000\000\000"-
#44682	REDUCE cov: 3815 ft: 8971 corp: 934/30Kb lim: 110 exec/s: 7447 rss: 264Mb L: 60/110 MS: 4 ChangeBit-ChangeByte-ChangeByte-EraseBytes-
#44809	REDUCE cov: 3815 ft: 8971 corp: 934/30Kb lim: 110 exec/s: 7468 rss: 264Mb L: 8/110 MS: 2 InsertByte-EraseBytes-
#44958	REDUCE cov: 3815 ft: 8971 corp: 934/30Kb lim: 110 exec/s: 7493 rss: 264Mb L: 46/110 MS: 4 ChangeASCIIInt-ChangeASCIIInt-ChangeBit-EraseBytes-
#45100	REDUCE cov: 3815 ft: 8971 corp: 934/30Kb lim: 110 exec/s: 7516 rss: 264Mb L: 8/110 MS: 2 CopyPart-EraseBytes-
#45145	REDUCE cov: 3815 ft: 8971 corp: 934/30Kb lim: 110 exec/s: 7524 rss: 264Mb L: 40/110 MS: 5 ChangeBinInt-ChangeBinInt-CMP-ChangeBinInt-EraseBytes- DE: "\377\377\377\377"-
#45173	REDUCE cov: 3815 ft: 8971 corp: 934/30Kb lim: 110 exec/s: 7528 rss: 264Mb L: 8/110 MS: 3 CrossOver-ShuffleBytes-EraseBytes-
#45252	REDUCE cov: 3815 ft: 8971 corp: 934/30Kb lim: 110 exec/s: 7542 rss: 264Mb L: 31/110 MS: 4 ChangeBit-PersAutoDict-ChangeBinInt-EraseBytes- DE: "\001\000\000\000\000\000\000k"-
#45263	REDUCE cov: 3815 ft: 8971 corp: 934/30Kb lim: 110 exec/s: 7543 rss: 264Mb L: 59/110 MS: 1 EraseBytes-
#45271	REDUCE cov: 3815 ft: 8971 corp: 934/30Kb lim: 110 exec/s: 7545 rss: 264Mb L: 53/110 MS: 3 ShuffleBytes-ChangeBinInt-EraseBytes-
#45318	NEW    cov: 3815 ft: 8972 corp: 935/30Kb lim: 110 exec/s: 7553 rss: 264Mb L: 24/110 MS: 2 ShuffleBytes-CrossOver-
#45410	REDUCE cov: 3815 ft: 8972 corp: 935/30Kb lim: 110 exec/s: 7568 rss: 264Mb L: 21/110 MS: 2 CopyPart-EraseBytes-
#45411	REDUCE cov: 3815 ft: 8972 corp: 935/30Kb lim: 110 exec/s: 7568 rss: 264Mb L: 13/110 MS: 1 EraseBytes-
#45432	REDUCE cov: 3815 ft: 8972 corp: 935/30Kb lim: 110 exec/s: 7572 rss: 264Mb L: 13/110 MS: 1 EraseBytes-
#45444	REDUCE cov: 3815 ft: 8972 corp: 935/30Kb lim: 110 exec/s: 7574 rss: 264Mb L: 63/110 MS: 2 CopyPart-EraseBytes-
#45450	REDUCE cov: 3815 ft: 8972 corp: 935/30Kb lim: 110 exec/s: 7575 rss: 264Mb L: 21/110 MS: 1 EraseBytes-
#45473	REDUCE cov: 3815 ft: 8972 corp: 935/30Kb lim: 110 exec/s: 7578 rss: 264Mb L: 28/110 MS: 3 ChangeBinInt-ChangeBinInt-EraseBytes-
#45494	REDUCE cov: 3817 ft: 8974 corp: 936/30Kb lim: 110 exec/s: 7582 rss: 264Mb L: 103/110 MS: 1 CopyPart-
#45662	REDUCE cov: 3817 ft: 8974 corp: 936/30Kb lim: 110 exec/s: 7610 rss: 264Mb L: 13/110 MS: 3 InsertByte-PersAutoDict-EraseBytes- DE: "\000&"-
#45678	REDUCE cov: 3817 ft: 8974 corp: 936/30Kb lim: 110 exec/s: 7613 rss: 264Mb L: 50/110 MS: 1 EraseBytes-
#45853	NEW    cov: 3817 ft: 8978 corp: 937/30Kb lim: 110 exec/s: 7642 rss: 264Mb L: 48/110 MS: 5 CopyPart-InsertByte-ChangeBit-ChangeByte-CrossOver-
#45875	REDUCE cov: 3817 ft: 8978 corp: 937/30Kb lim: 110 exec/s: 7645 rss: 264Mb L: 21/110 MS: 2 ShuffleBytes-EraseBytes-
#45961	NEW    cov: 3817 ft: 8980 corp: 938/30Kb lim: 110 exec/s: 7660 rss: 264Mb L: 43/110 MS: 1 CrossOver-
#46095	REDUCE cov: 3817 ft: 8983 corp: 939/30Kb lim: 110 exec/s: 7682 rss: 264Mb L: 6/110 MS: 4 CopyPart-ChangeBinInt-CopyPart-CopyPart-
#46146	REDUCE cov: 3829 ft: 9017 corp: 940/30Kb lim: 110 exec/s: 7691 rss: 264Mb L: 46/110 MS: 1 PersAutoDict- DE: "false\""-
#46171	REDUCE cov: 3829 ft: 9017 corp: 940/30Kb lim: 110 exec/s: 7695 rss: 264Mb L: 15/110 MS: 5 ChangeByte-ShuffleBytes-ChangeBinInt-ShuffleBytes-EraseBytes-
#46184	REDUCE cov: 3829 ft: 9017 corp: 940/30Kb lim: 110 exec/s: 7697 rss: 264Mb L: 29/110 MS: 3 ChangeByte-ChangeBit-EraseBytes-
#46211	NEW    cov: 3829 ft: 9018 corp: 941/30Kb lim: 110 exec/s: 7701 rss: 264Mb L: 103/110 MS: 2 EraseBytes-InsertRepeatedBytes-
#46215	REDUCE cov: 3829 ft: 9018 corp: 941/30Kb lim: 110 exec/s: 7702 rss: 264Mb L: 10/110 MS: 4 InsertByte-InsertByte-CMP-EraseBytes- DE: "\377\377\377\377"-
#46246	REDUCE cov: 3829 ft: 9018 corp: 941/30Kb lim: 110 exec/s: 7707 rss: 264Mb L: 22/110 MS: 1 EraseBytes-
#46259	REDUCE cov: 3829 ft: 9018 corp: 941/30Kb lim: 110 exec/s: 7709 rss: 264Mb L: 16/110 MS: 3 ShuffleBytes-InsertByte-EraseBytes-
#46327	REDUCE cov: 3829 ft: 9018 corp: 941/30Kb lim: 110 exec/s: 7721 rss: 264Mb L: 54/110 MS: 3 CopyPart-ShuffleBytes-EraseBytes-
#46341	REDUCE cov: 3829 ft: 9018 corp: 941/30Kb lim: 110 exec/s: 7723 rss: 264Mb L: 64/110 MS: 4 InsertRepeatedBytes-CrossOver-ChangeBit-EraseBytes-
#46367	REDUCE cov: 3829 ft: 9018 corp: 941/30Kb lim: 110 exec/s: 7727 rss: 264Mb L: 23/110 MS: 1 EraseBytes-
#46494	REDUCE cov: 3829 ft: 9018 corp: 941/30Kb lim: 110 exec/s: 7749 rss: 264Mb L: 76/110 MS: 2 ChangeBit-EraseBytes-
#46510	REDUCE cov: 3829 ft: 9020 corp: 942/30Kb lim: 110 exec/s: 7751 rss: 264Mb L: 13/110 MS: 1 ChangeBit-
#46639	REDUCE cov: 3829 ft: 9020 corp: 942/30Kb lim: 110 exec/s: 7773 rss: 264Mb L: 16/110 MS: 4 ShuffleBytes-ChangeBinInt-CopyPart-EraseBytes-
#46710	NEW    cov: 3829 ft: 9021 corp: 943/30Kb lim: 110 exec/s: 7785 rss: 264Mb L: 27/110 MS: 1 ChangeBit-
#46711	NEW    cov: 3829 ft: 9022 corp: 944/30Kb lim: 110 exec/s: 7785 rss: 264Mb L: 67/110 MS: 1 EraseBytes-
#46767	REDUCE cov: 3829 ft: 9022 corp: 944/30Kb lim: 110 exec/s: 7794 rss: 264Mb L: 27/110 MS: 1 EraseBytes-
#46838	NEW    cov: 3829 ft: 9025 corp: 945/30Kb lim: 110 exec/s: 7806 rss: 264Mb L: 16/110 MS: 1 EraseBytes-
#46840	REDUCE cov: 3829 ft: 9025 corp: 945/30Kb lim: 110 exec/s: 7806 rss: 264Mb L: 33/110 MS: 2 EraseBytes-InsertByte-
#46856	REDUCE cov: 3829 ft: 9025 corp: 945/30Kb lim: 110 exec/s: 7809 rss: 264Mb L: 14/110 MS: 1 EraseBytes-
#46939	NEW    cov: 3829 ft: 9026 corp: 946/30Kb lim: 110 exec/s: 7823 rss: 264Mb L: 81/110 MS: 3 InsertByte-CopyPart-CopyPart-
#47020	NEW    cov: 3829 ft: 9027 corp: 947/30Kb lim: 110 exec/s: 7836 rss: 264Mb L: 65/110 MS: 1 InsertRepeatedBytes-
#47026	REDUCE cov: 3829 ft: 9027 corp: 947/30Kb lim: 110 exec/s: 7837 rss: 264Mb L: 34/110 MS: 1 EraseBytes-
#47059	REDUCE cov: 3829 ft: 9029 corp: 948/30Kb lim: 110 exec/s: 7843 rss: 264Mb L: 19/110 MS: 3 EraseBytes-ShuffleBytes-PersAutoDict- DE: "foo\" :"-
#47070	REDUCE cov: 3829 ft: 9029 corp: 948/30Kb lim: 110 exec/s: 7845 rss: 264Mb L: 86/110 MS: 1 EraseBytes-
#47127	NEW    cov: 3831 ft: 9032 corp: 949/30Kb lim: 110 exec/s: 7854 rss: 264Mb L: 18/110 MS: 2 CopyPart-ChangeBinInt-
#47128	REDUCE cov: 3831 ft: 9032 corp: 949/30Kb lim: 110 exec/s: 7854 rss: 264Mb L: 13/110 MS: 1 EraseBytes-
#47266	NEW    cov: 3831 ft: 9033 corp: 950/30Kb lim: 110 exec/s: 7877 rss: 264Mb L: 53/110 MS: 3 InsertByte-ChangeBit-CrossOver-
#47269	REDUCE cov: 3831 ft: 9036 corp: 951/30Kb lim: 110 exec/s: 7878 rss: 264Mb L: 69/110 MS: 3 ChangeBinInt-CopyPart-InsertByte-
#47271	REDUCE cov: 3831 ft: 9036 corp: 951/30Kb lim: 110 exec/s: 7878 rss: 264Mb L: 16/110 MS: 2 ChangeByte-EraseBytes-
#47287	REDUCE cov: 3831 ft: 9036 corp: 951/30Kb lim: 110 exec/s: 7881 rss: 264Mb L: 44/110 MS: 1 EraseBytes-
#47345	REDUCE cov: 3831 ft: 9036 corp: 951/30Kb lim: 110 exec/s: 7890 rss: 264Mb L: 13/110 MS: 3 ChangeASCIIInt-ShuffleBytes-EraseBytes-
#47561	REDUCE cov: 3831 ft: 9036 corp: 951/30Kb lim: 110 exec/s: 7926 rss: 264Mb L: 24/110 MS: 1 EraseBytes-
#47607	REDUCE cov: 3831 ft: 9036 corp: 951/30Kb lim: 110 exec/s: 7934 rss: 264Mb L: 59/110 MS: 1 CrossOver-
#47629	REDUCE cov: 3831 ft: 9036 corp: 951/30Kb lim: 110 exec/s: 7938 rss: 264Mb L: 17/110 MS: 2 CopyPart-EraseBytes-
#47720	REDUCE cov: 3831 ft: 9036 corp: 951/30Kb lim: 110 exec/s: 7953 rss: 264Mb L: 28/110 MS: 1 EraseBytes-
#47809	REDUCE cov: 3831 ft: 9036 corp: 951/30Kb lim: 110 exec/s: 7968 rss: 264Mb L: 38/110 MS: 4 InsertByte-InsertByte-EraseBytes-PersAutoDict- DE: "\001\000\000\020"-
#47824	REDUCE cov: 3831 ft: 9038 corp: 952/30Kb lim: 110 exec/s: 7970 rss: 264Mb L: 90/110 MS: 5 CMP-CMP-PersAutoDict-CopyPart-ChangeBinInt- DE: "\003\000\000\000\000\000\000\000"-"\000\000\000\000\000\000\000\000"-"\007\000\000\000\000\000\000\000"-
#47880	NEW    cov: 3831 ft: 9044 corp: 953/30Kb lim: 110 exec/s: 7980 rss: 264Mb L: 57/110 MS: 1 CrossOver-
#47915	REDUCE cov: 3831 ft: 9044 corp: 953/30Kb lim: 110 exec/s: 7985 rss: 264Mb L: 5/110 MS: 5 ChangeBit-InsertByte-ChangeBinInt-ShuffleBytes-EraseBytes-
#48017	REDUCE cov: 3831 ft: 9044 corp: 953/30Kb lim: 110 exec/s: 8002 rss: 264Mb L: 13/110 MS: 2 ChangeBit-EraseBytes-
#48043	REDUCE cov: 3831 ft: 9044 corp: 953/30Kb lim: 110 exec/s: 8007 rss: 264Mb L: 38/110 MS: 1 EraseBytes-
#48079	NEW    cov: 3831 ft: 9046 corp: 954/30Kb lim: 110 exec/s: 8013 rss: 264Mb L: 63/110 MS: 1 EraseBytes-
#48130	REDUCE cov: 3831 ft: 9046 corp: 954/30Kb lim: 110 exec/s: 8021 rss: 264Mb L: 15/110 MS: 1 EraseBytes-
#48226	REDUCE cov: 3831 ft: 9046 corp: 954/30Kb lim: 110 exec/s: 8037 rss: 264Mb L: 18/110 MS: 1 EraseBytes-
#48229	REDUCE cov: 3831 ft: 9046 corp: 954/30Kb lim: 110 exec/s: 8038 rss: 264Mb L: 26/110 MS: 3 CMP-CopyPart-EraseBytes- DE: "fae"-
#48248	REDUCE cov: 3831 ft: 9046 corp: 954/30Kb lim: 110 exec/s: 8041 rss: 264Mb L: 12/110 MS: 4 CrossOver-ChangeByte-CrossOver-ChangeByte-
#48259	REDUCE cov: 3831 ft: 9046 corp: 954/30Kb lim: 110 exec/s: 8043 rss: 264Mb L: 48/110 MS: 1 EraseBytes-
#48271	REDUCE cov: 3831 ft: 9046 corp: 954/30Kb lim: 110 exec/s: 8045 rss: 264Mb L: 43/110 MS: 2 InsertByte-EraseBytes-
#48277	REDUCE cov: 3831 ft: 9048 corp: 955/30Kb lim: 110 exec/s: 8046 rss: 264Mb L: 73/110 MS: 1 ChangeByte-
#48288	REDUCE cov: 3831 ft: 9052 corp: 956/30Kb lim: 110 exec/s: 8048 rss: 264Mb L: 9/110 MS: 1 ChangeByte-
#48290	REDUCE cov: 3831 ft: 9052 corp: 956/30Kb lim: 110 exec/s: 8048 rss: 264Mb L: 19/110 MS: 2 ChangeASCIIInt-CrossOver-
#48304	REDUCE cov: 3831 ft: 9052 corp: 956/30Kb lim: 110 exec/s: 8050 rss: 264Mb L: 18/110 MS: 4 InsertRepeatedBytes-CMP-ChangeBit-EraseBytes- DE: "\\u"-
#48375	REDUCE cov: 3831 ft: 9052 corp: 956/30Kb lim: 110 exec/s: 8062 rss: 264Mb L: 9/110 MS: 1 EraseBytes-
#48386	NEW    cov: 3831 ft: 9055 corp: 957/30Kb lim: 110 exec/s: 8064 rss: 264Mb L: 42/110 MS: 1 EraseBytes-
#48393	NEW    cov: 3832 ft: 9057 corp: 958/30Kb lim: 110 exec/s: 8065 rss: 264Mb L: 91/110 MS: 2 InsertRepeatedBytes-CopyPart-
#48399	REDUCE cov: 3832 ft: 9057 corp: 958/30Kb lim: 110 exec/s: 8066 rss: 264Mb L: 58/110 MS: 1 EraseBytes-
#48412	REDUCE cov: 3832 ft: 9057 corp: 958/30Kb lim: 110 exec/s: 8068 rss: 264Mb L: 33/110 MS: 3 CopyPart-CrossOver-EraseBytes-
#48425	REDUCE cov: 3832 ft: 9057 corp: 958/30Kb lim: 110 exec/s: 8070 rss: 264Mb L: 14/110 MS: 3 ChangeASCIIInt-PersAutoDict-EraseBytes- DE: "true\""-
#48521	REDUCE cov: 3832 ft: 9057 corp: 958/30Kb lim: 110 exec/s: 8086 rss: 264Mb L: 8/110 MS: 1 EraseBytes-
#48617	NEW    cov: 3832 ft: 9068 corp: 959/30Kb lim: 110 exec/s: 8102 rss: 264Mb L: 24/110 MS: 1 CMP- DE: "\\\377"-
#48623	REDUCE cov: 3832 ft: 9068 corp: 959/30Kb lim: 110 exec/s: 8103 rss: 264Mb L: 75/110 MS: 1 EraseBytes-
#48644	REDUCE cov: 3832 ft: 9068 corp: 959/30Kb lim: 110 exec/s: 8107 rss: 264Mb L: 10/110 MS: 1 EraseBytes-
#48700	REDUCE cov: 3832 ft: 9068 corp: 959/30Kb lim: 110 exec/s: 8116 rss: 264Mb L: 15/110 MS: 1 EraseBytes-
#48741	REDUCE cov: 3832 ft: 9068 corp: 959/30Kb lim: 110 exec/s: 8123 rss: 264Mb L: 19/110 MS: 1 EraseBytes-
#48747	NEW    cov: 3832 ft: 9070 corp: 960/30Kb lim: 110 exec/s: 8124 rss: 264Mb L: 38/110 MS: 1 CrossOver-
#48749	REDUCE cov: 3832 ft: 9070 corp: 960/30Kb lim: 110 exec/s: 8124 rss: 264Mb L: 69/110 MS: 2 CrossOver-EraseBytes-
#48821	REDUCE cov: 3832 ft: 9070 corp: 960/30Kb lim: 110 exec/s: 8136 rss: 264Mb L: 37/110 MS: 2 ShuffleBytes-EraseBytes-
#48823	REDUCE cov: 3832 ft: 9073 corp: 961/30Kb lim: 110 exec/s: 8137 rss: 264Mb L: 39/110 MS: 2 InsertByte-CrossOver-
#48845	NEW    cov: 3832 ft: 9074 corp: 962/31Kb lim: 110 exec/s: 8140 rss: 264Mb L: 50/110 MS: 2 InsertByte-ChangeBit-
#48858	REDUCE cov: 3832 ft: 9074 corp: 962/31Kb lim: 110 exec/s: 8143 rss: 264Mb L: 77/110 MS: 3 PersAutoDict-CopyPart-EraseBytes- DE: "\022\000\000\000\000\000\000\000"-
#48899	REDUCE cov: 3834 ft: 9076 corp: 963/31Kb lim: 110 exec/s: 8149 rss: 264Mb L: 5/110 MS: 1 EraseBytes-
#49025	REDUCE cov: 3834 ft: 9076 corp: 963/31Kb lim: 110 exec/s: 8170 rss: 264Mb L: 39/110 MS: 1 EraseBytes-
#49107	REDUCE cov: 3834 ft: 9080 corp: 964/31Kb lim: 110 exec/s: 8184 rss: 264Mb L: 68/110 MS: 2 ChangeBinInt-CrossOver-
#49131	REDUCE cov: 3834 ft: 9080 corp: 964/31Kb lim: 110 exec/s: 8188 rss: 264Mb L: 40/110 MS: 4 CMP-InsertByte-ChangeASCIIInt-EraseBytes- DE: "\241\241\241\241\241"-
#49139	NEW    cov: 3850 ft: 9096 corp: 965/31Kb lim: 110 exec/s: 8189 rss: 264Mb L: 27/110 MS: 3 ChangeByte-EraseBytes-CrossOver-
#49152	NEW    cov: 3850 ft: 9097 corp: 966/31Kb lim: 110 exec/s: 8192 rss: 264Mb L: 31/110 MS: 3 ChangeByte-CMP-CrossOver- DE: "3\004A\254"-
#49175	NEW    cov: 3850 ft: 9103 corp: 967/31Kb lim: 110 exec/s: 8195 rss: 264Mb L: 110/110 MS: 3 ChangeASCIIInt-ChangeBinInt-PersAutoDict- DE: "5\004\000\000"-
#49277	REDUCE cov: 3850 ft: 9103 corp: 967/31Kb lim: 110 exec/s: 8212 rss: 264Mb L: 39/110 MS: 2 CMP-EraseBytes- DE: "\000\000\000\000\000\000\000\025"-
#49313	NEW    cov: 3851 ft: 9104 corp: 968/31Kb lim: 110 exec/s: 8218 rss: 264Mb L: 71/110 MS: 1 ChangeASCIIInt-
#49339	REDUCE cov: 3851 ft: 9104 corp: 968/31Kb lim: 110 exec/s: 8223 rss: 264Mb L: 13/110 MS: 1 EraseBytes-
#49485	REDUCE cov: 3851 ft: 9104 corp: 968/31Kb lim: 110 exec/s: 8247 rss: 264Mb L: 74/110 MS: 1 EraseBytes-
#49556	REDUCE cov: 3851 ft: 9104 corp: 968/31Kb lim: 110 exec/s: 8259 rss: 264Mb L: 59/110 MS: 1 EraseBytes-
#49577	NEW    cov: 3852 ft: 9105 corp: 969/31Kb lim: 110 exec/s: 8262 rss: 264Mb L: 34/110 MS: 1 CrossOver-
#49598	REDUCE cov: 3852 ft: 9106 corp: 970/31Kb lim: 110 exec/s: 8266 rss: 264Mb L: 55/110 MS: 1 InsertRepeatedBytes-
#49764	NEW    cov: 3852 ft: 9108 corp: 971/31Kb lim: 110 exec/s: 8294 rss: 264Mb L: 21/110 MS: 1 ChangeASCIIInt-
#49790	REDUCE cov: 3852 ft: 9108 corp: 971/31Kb lim: 110 exec/s: 8298 rss: 264Mb L: 34/110 MS: 1 EraseBytes-
#49851	REDUCE cov: 3852 ft: 9108 corp: 971/31Kb lim: 110 exec/s: 8308 rss: 264Mb L: 51/110 MS: 1 EraseBytes-
#49882	REDUCE cov: 3852 ft: 9108 corp: 971/31Kb lim: 110 exec/s: 8313 rss: 264Mb L: 16/110 MS: 1 EraseBytes-
#49902	REDUCE cov: 3852 ft: 9108 corp: 971/31Kb lim: 110 exec/s: 8317 rss: 264Mb L: 86/110 MS: 5 InsertByte-ChangeBit-ShuffleBytes-ChangeBit-EraseBytes-
#49955	REDUCE cov: 3852 ft: 9108 corp: 971/31Kb lim: 110 exec/s: 8325 rss: 264Mb L: 98/110 MS: 3 ChangeBit-ChangeByte-EraseBytes-
#49993	NEW    cov: 3856 ft: 9112 corp: 972/31Kb lim: 110 exec/s: 8332 rss: 264Mb L: 21/110 MS: 3 ChangeASCIIInt-ChangeByte-CopyPart-
#50062	REDUCE cov: 3856 ft: 9112 corp: 972/31Kb lim: 110 exec/s: 8343 rss: 264Mb L: 20/110 MS: 4 ChangeBit-PersAutoDict-ChangeBinInt-EraseBytes- DE: "false"-
#50150	REDUCE cov: 3856 ft: 9112 corp: 972/31Kb lim: 110 exec/s: 8358 rss: 264Mb L: 10/110 MS: 3 ChangeByte-CMP-EraseBytes- DE: "Ufal"-
#50201	NEW    cov: 3858 ft: 9114 corp: 973/31Kb lim: 110 exec/s: 8366 rss: 264Mb L: 14/110 MS: 1 EraseBytes-
#50208	NEW    cov: 3858 ft: 9117 corp: 974/31Kb lim: 110 exec/s: 8368 rss: 264Mb L: 105/110 MS: 2 CrossOver-InsertRepeatedBytes-
#50209	REDUCE cov: 3858 ft: 9117 corp: 974/31Kb lim: 110 exec/s: 8368 rss: 264Mb L: 8/110 MS: 1 EraseBytes-
#50282	NEW    cov: 3858 ft: 9138 corp: 975/31Kb lim: 110 exec/s: 8380 rss: 264Mb L: 98/110 MS: 3 CrossOver-InsertRepeatedBytes-InsertRepeatedBytes-
#50318	REDUCE cov: 3858 ft: 9138 corp: 975/31Kb lim: 110 exec/s: 8386 rss: 264Mb L: 14/110 MS: 1 EraseBytes-
#50334	REDUCE cov: 3858 ft: 9138 corp: 975/31Kb lim: 110 exec/s: 8389 rss: 264Mb L: 12/110 MS: 1 EraseBytes-
#50432	REDUCE cov: 3858 ft: 9139 corp: 976/31Kb lim: 110 exec/s: 8405 rss: 264Mb L: 43/110 MS: 3 InsertRepeatedBytes-ChangeBinInt-PersAutoDict- DE: "\013\000\000\000\000\000\000\000"-
#50448	REDUCE cov: 3858 ft: 9139 corp: 976/31Kb lim: 110 exec/s: 8408 rss: 264Mb L: 47/110 MS: 1 EraseBytes-
#50474	NEW    cov: 3858 ft: 9140 corp: 977/31Kb lim: 110 exec/s: 8412 rss: 264Mb L: 37/110 MS: 1 InsertRepeatedBytes-
#50517	REDUCE cov: 3858 ft: 9140 corp: 977/31Kb lim: 110 exec/s: 8419 rss: 264Mb L: 40/110 MS: 3 ChangeByte-EraseBytes-CMP- DE: "\014\267\333f\370\003\000\000"-
#50574	REDUCE cov: 3858 ft: 9140 corp: 977/31Kb lim: 110 exec/s: 8429 rss: 264Mb L: 37/110 MS: 2 ChangeByte-EraseBytes-
#50581	REDUCE cov: 3858 ft: 9140 corp: 977/31Kb lim: 110 exec/s: 8430 rss: 264Mb L: 17/110 MS: 2 CopyPart-EraseBytes-
#50601	REDUCE cov: 3858 ft: 9140 corp: 977/31Kb lim: 110 exec/s: 8433 rss: 264Mb L: 73/110 MS: 5 CMP-CrossOver-ShuffleBytes-ChangeBit-CrossOver- DE: "\000\000"-
#50618	REDUCE cov: 3858 ft: 9140 corp: 977/31Kb lim: 110 exec/s: 8436 rss: 264Mb L: 73/110 MS: 2 EraseBytes-CopyPart-
#50665	REDUCE cov: 3858 ft: 9140 corp: 977/31Kb lim: 110 exec/s: 8444 rss: 264Mb L: 18/110 MS: 2 ChangeASCIIInt-EraseBytes-
#50706	REDUCE cov: 3858 ft: 9140 corp: 977/31Kb lim: 110 exec/s: 8451 rss: 264Mb L: 32/110 MS: 1 EraseBytes-
#50773	REDUCE cov: 3858 ft: 9140 corp: 977/31Kb lim: 110 exec/s: 8462 rss: 264Mb L: 63/110 MS: 2 ShuffleBytes-EraseBytes-
#50795	REDUCE cov: 3858 ft: 9140 corp: 977/31Kb lim: 110 exec/s: 8465 rss: 264Mb L: 33/110 MS: 2 ChangeASCIIInt-EraseBytes-
#50926	REDUCE cov: 3858 ft: 9140 corp: 977/31Kb lim: 110 exec/s: 8487 rss: 264Mb L: 35/110 MS: 1 EraseBytes-
#50997	REDUCE cov: 3858 ft: 9140 corp: 977/31Kb lim: 110 exec/s: 8499 rss: 264Mb L: 28/110 MS: 1 CrossOver-
#51156	REDUCE cov: 3858 ft: 9140 corp: 977/31Kb lim: 110 exec/s: 8526 rss: 264Mb L: 55/110 MS: 4 CrossOver-ChangeBit-InsertByte-EraseBytes-
#51222	REDUCE cov: 3858 ft: 9140 corp: 977/31Kb lim: 110 exec/s: 8537 rss: 264Mb L: 56/110 MS: 1 EraseBytes-
#51228	REDUCE cov: 3858 ft: 9140 corp: 977/31Kb lim: 110 exec/s: 8538 rss: 264Mb L: 16/110 MS: 1 EraseBytes-
#51327	NEW    cov: 3863 ft: 9184 corp: 978/31Kb lim: 110 exec/s: 8554 rss: 264Mb L: 25/110 MS: 4 PersAutoDict-ChangeASCIIInt-CMP-CopyPart- DE: "\001\000\000\000\000\000\000)"-"frue"-
#51518	REDUCE cov: 3863 ft: 9184 corp: 978/31Kb lim: 110 exec/s: 8586 rss: 264Mb L: 28/110 MS: 1 EraseBytes-
#51534	REDUCE cov: 3863 ft: 9184 corp: 978/31Kb lim: 110 exec/s: 8589 rss: 264Mb L: 28/110 MS: 1 EraseBytes-
#51550	REDUCE cov: 3863 ft: 9184 corp: 978/31Kb lim: 110 exec/s: 8591 rss: 264Mb L: 22/110 MS: 1 EraseBytes-
#51597	REDUCE cov: 3863 ft: 9184 corp: 978/31Kb lim: 110 exec/s: 8599 rss: 264Mb L: 31/110 MS: 2 ShuffleBytes-EraseBytes-
#51644	REDUCE cov: 3863 ft: 9184 corp: 978/31Kb lim: 110 exec/s: 8607 rss: 264Mb L: 16/110 MS: 2 CrossOver-EraseBytes-
#51660	REDUCE cov: 3863 ft: 9184 corp: 978/31Kb lim: 110 exec/s: 8610 rss: 264Mb L: 14/110 MS: 1 EraseBytes-
#51712	REDUCE cov: 3864 ft: 9187 corp: 979/31Kb lim: 110 exec/s: 8618 rss: 264Mb L: 73/110 MS: 2 InsertRepeatedBytes-EraseBytes-
#51794	REDUCE cov: 3864 ft: 9187 corp: 979/31Kb lim: 110 exec/s: 8632 rss: 264Mb L: 32/110 MS: 2 ChangeByte-EraseBytes-
#51877	REDUCE cov: 3864 ft: 9187 corp: 979/31Kb lim: 110 exec/s: 8646 rss: 264Mb L: 30/110 MS: 3 ChangeBinInt-ChangeASCIIInt-EraseBytes-
#51928	REDUCE cov: 3864 ft: 9187 corp: 979/31Kb lim: 110 exec/s: 8654 rss: 264Mb L: 34/110 MS: 1 EraseBytes-
#51979	REDUCE cov: 3864 ft: 9187 corp: 979/31Kb lim: 110 exec/s: 8663 rss: 264Mb L: 12/110 MS: 1 EraseBytes-
#52166	NEW    cov: 3864 ft: 9188 corp: 980/31Kb lim: 110 exec/s: 8694 rss: 264Mb L: 79/110 MS: 2 CopyPart-ShuffleBytes-
#52178	REDUCE cov: 3864 ft: 9188 corp: 980/31Kb lim: 110 exec/s: 8696 rss: 264Mb L: 54/110 MS: 2 InsertByte-EraseBytes-
#52210	REDUCE cov: 3864 ft: 9189 corp: 981/31Kb lim: 110 exec/s: 8701 rss: 264Mb L: 91/110 MS: 2 CopyPart-PersAutoDict- DE: "x\002"-
#52217	REDUCE cov: 3864 ft: 9193 corp: 982/31Kb lim: 110 exec/s: 8702 rss: 264Mb L: 43/110 MS: 2 InsertRepeatedBytes-ChangeBinInt-
#52218	NEW    cov: 3864 ft: 9195 corp: 983/31Kb lim: 110 exec/s: 8703 rss: 264Mb L: 28/110 MS: 1 CMP- DE: "\001\000\000\000\000\000\000 "-
#52226	REDUCE cov: 3864 ft: 9196 corp: 984/31Kb lim: 110 exec/s: 8704 rss: 264Mb L: 55/110 MS: 3 CMP-ChangeASCIIInt-CMP- DE: "\026\000\000\000"-"\000\000\000\000\000\000\000\025"-
#52347	NEW    cov: 3864 ft: 9197 corp: 985/31Kb lim: 110 exec/s: 8724 rss: 264Mb L: 10/110 MS: 1 ChangeBit-
#52423	REDUCE cov: 3864 ft: 9197 corp: 985/31Kb lim: 110 exec/s: 8737 rss: 264Mb L: 24/110 MS: 1 EraseBytes-
#52426	REDUCE cov: 3864 ft: 9197 corp: 985/31Kb lim: 110 exec/s: 8737 rss: 264Mb L: 19/110 MS: 3 ChangeBinInt-InsertByte-EraseBytes-
#52462	NEW    cov: 3864 ft: 9198 corp: 986/31Kb lim: 110 exec/s: 8743 rss: 264Mb L: 33/110 MS: 1 EraseBytes-
#52488	REDUCE cov: 3864 ft: 9198 corp: 986/31Kb lim: 110 exec/s: 8748 rss: 264Mb L: 22/110 MS: 1 EraseBytes-
#52590	REDUCE cov: 3864 ft: 9198 corp: 986/31Kb lim: 110 exec/s: 8765 rss: 264Mb L: 3/110 MS: 2 InsertByte-EraseBytes-
#52617	REDUCE cov: 3864 ft: 9198 corp: 986/31Kb lim: 110 exec/s: 8769 rss: 264Mb L: 18/110 MS: 2 CrossOver-EraseBytes-
#52631	REDUCE cov: 3864 ft: 9198 corp: 986/31Kb lim: 110 exec/s: 8771 rss: 264Mb L: 10/110 MS: 4 CopyPart-ChangeByte-CopyPart-EraseBytes-
#52649	REDUCE cov: 3864 ft: 9198 corp: 986/31Kb lim: 110 exec/s: 8774 rss: 264Mb L: 8/110 MS: 3 PersAutoDict-ChangeASCIIInt-EraseBytes- DE: "\032\000\000\000"-
#52650	NEW    cov: 3864 ft: 9204 corp: 987/31Kb lim: 110 exec/s: 8775 rss: 264Mb L: 12/110 MS: 1 EraseBytes-
#52697	REDUCE cov: 3864 ft: 9205 corp: 988/31Kb lim: 110 exec/s: 8782 rss: 264Mb L: 74/110 MS: 2 CrossOver-InsertByte-
#52698	REDUCE cov: 3864 ft: 9206 corp: 989/31Kb lim: 110 exec/s: 8783 rss: 264Mb L: 89/110 MS: 1 CopyPart-
#52770	REDUCE cov: 3864 ft: 9206 corp: 989/31Kb lim: 110 exec/s: 8795 rss: 264Mb L: 13/110 MS: 2 CMP-EraseBytes- DE: "@\002\001\006"-
#52812	REDUCE cov: 3864 ft: 9207 corp: 990/32Kb lim: 110 exec/s: 8802 rss: 264Mb L: 80/110 MS: 2 CMP-CMP- DE: "\\["-"\000\010\000\000"-
#52888	REDUCE cov: 3864 ft: 9207 corp: 990/32Kb lim: 110 exec/s: 8814 rss: 264Mb L: 7/110 MS: 1 EraseBytes-
#52895	REDUCE cov: 3864 ft: 9207 corp: 990/32Kb lim: 110 exec/s: 8815 rss: 264Mb L: 7/110 MS: 2 CopyPart-EraseBytes-
#52973	REDUCE cov: 3864 ft: 9207 corp: 990/31Kb lim: 110 exec/s: 8828 rss: 264Mb L: 41/110 MS: 3 InsertRepeatedBytes-InsertByte-EraseBytes-
#53145	REDUCE cov: 3864 ft: 9207 corp: 990/31Kb lim: 110 exec/s: 8857 rss: 264Mb L: 29/110 MS: 2 ChangeBit-EraseBytes-
	NEW_FUNC[1/2]: 0x564ed77616e0 in <serde_json::de::Deserializer<serde_json::read::StrRead>>::parse_exponent /home/meme/.cargo/registry/src/index.crates.io-1949cf8c6b5b557f/serde_json-1.0.151/src/de.rs:567
	NEW_FUNC[2/2]: 0x564ed7763a40 in <serde_json::de::Deserializer<serde_json::read::StrRead>>::error /home/meme/.cargo/registry/src/index.crates.io-1949cf8c6b5b557f/serde_json-1.0.151/src/de.rs:241
#53201	NEW    cov: 3877 ft: 9221 corp: 991/32Kb lim: 110 exec/s: 8866 rss: 264Mb L: 63/110 MS: 1 CrossOver-
#53498	REDUCE cov: 3877 ft: 9221 corp: 991/32Kb lim: 110 exec/s: 8916 rss: 264Mb L: 11/110 MS: 2 ChangeByte-EraseBytes-
#53540	REDUCE cov: 3877 ft: 9222 corp: 992/32Kb lim: 110 exec/s: 8923 rss: 264Mb L: 32/110 MS: 2 CMP-CopyPart- DE: "\000\000\000\001"-
#53582	REDUCE cov: 3877 ft: 9222 corp: 992/32Kb lim: 110 exec/s: 8930 rss: 264Mb L: 60/110 MS: 2 ChangeBinInt-EraseBytes-
#53649	NEW    cov: 3877 ft: 9223 corp: 993/32Kb lim: 110 exec/s: 8941 rss: 264Mb L: 25/110 MS: 2 CopyPart-CrossOver-
#53661	REDUCE cov: 3877 ft: 9223 corp: 993/32Kb lim: 110 exec/s: 8943 rss: 264Mb L: 81/110 MS: 2 PersAutoDict-EraseBytes- DE: "\001\000\000\000\000\000\000\005"-
#53757	REDUCE cov: 3877 ft: 9223 corp: 993/32Kb lim: 110 exec/s: 8959 rss: 264Mb L: 21/110 MS: 1 EraseBytes-
#53761	NEW    cov: 3879 ft: 9233 corp: 994/32Kb lim: 110 exec/s: 8960 rss: 264Mb L: 108/110 MS: 4 ChangeBit-CopyPart-ChangeByte-CrossOver-
#53773	REDUCE cov: 3879 ft: 9233 corp: 994/32Kb lim: 110 exec/s: 8962 rss: 264Mb L: 19/110 MS: 2 EraseBytes-CrossOver-
#53784	REDUCE cov: 3879 ft: 9233 corp: 994/32Kb lim: 110 exec/s: 8964 rss: 264Mb L: 6/110 MS: 1 EraseBytes-
#53895	REDUCE cov: 3879 ft: 9233 corp: 994/32Kb lim: 110 exec/s: 8982 rss: 264Mb L: 62/110 MS: 1 EraseBytes-
#53937	REDUCE cov: 3879 ft: 9234 corp: 995/32Kb lim: 110 exec/s: 8989 rss: 264Mb L: 36/110 MS: 2 CopyPart-EraseBytes-
#53950	NEW    cov: 3879 ft: 9282 corp: 996/32Kb lim: 110 exec/s: 8991 rss: 264Mb L: 102/110 MS: 3 ChangeByte-InsertByte-PersAutoDict- DE: "\000\000\000\034"-
#53982	REDUCE cov: 3879 ft: 9282 corp: 996/32Kb lim: 110 exec/s: 8997 rss: 264Mb L: 24/110 MS: 2 ShuffleBytes-EraseBytes-
#54249	REDUCE cov: 3879 ft: 9282 corp: 996/32Kb lim: 110 exec/s: 9041 rss: 264Mb L: 35/110 MS: 2 InsertByte-EraseBytes-
#54294	REDUCE cov: 3879 ft: 9282 corp: 996/32Kb lim: 110 exec/s: 9049 rss: 264Mb L: 17/110 MS: 5 EraseBytes-CMP-ChangeBit-ShuffleBytes-ChangeBinInt- DE: "true]"-
#54384	NEW    cov: 3879 ft: 9283 corp: 997/32Kb lim: 110 exec/s: 9064 rss: 264Mb L: 7/110 MS: 5 ChangeByte-EraseBytes-ShuffleBytes-EraseBytes-PersAutoDict- DE: "true"-
#54505	REDUCE cov: 3879 ft: 9283 corp: 997/32Kb lim: 110 exec/s: 9084 rss: 264Mb L: 8/110 MS: 1 EraseBytes-
#54531	REDUCE cov: 3879 ft: 9283 corp: 997/32Kb lim: 110 exec/s: 9088 rss: 264Mb L: 14/110 MS: 1 EraseBytes-
#54623	NEW    cov: 3879 ft: 9290 corp: 998/32Kb lim: 110 exec/s: 9103 rss: 264Mb L: 49/110 MS: 2 ChangeBit-ShuffleBytes-
#54769	REDUCE cov: 3879 ft: 9290 corp: 998/32Kb lim: 110 exec/s: 9128 rss: 264Mb L: 14/110 MS: 1 EraseBytes-
#54939	REDUCE cov: 3879 ft: 9290 corp: 998/32Kb lim: 110 exec/s: 9156 rss: 264Mb L: 31/110 MS: 5 ChangeBinInt-CMP-CopyPart-CrossOver-ChangeBit- DE: "\376\377\377\377\377\377\377\377"-
#55021	REDUCE cov: 3879 ft: 9290 corp: 998/32Kb lim: 110 exec/s: 9170 rss: 264Mb L: 80/110 MS: 2 ChangeByte-EraseBytes-
#55022	REDUCE cov: 3879 ft: 9291 corp: 999/32Kb lim: 110 exec/s: 9170 rss: 264Mb L: 73/110 MS: 1 PersAutoDict- DE: "\001\000\000\000\000\000\000+"-
#55069	NEW    cov: 3879 ft: 9292 corp: 1000/32Kb lim: 110 exec/s: 9178 rss: 264Mb L: 44/110 MS: 2 InsertByte-CrossOver-
#55070	NEW    cov: 3879 ft: 9293 corp: 1001/32Kb lim: 110 exec/s: 9178 rss: 264Mb L: 50/110 MS: 1 CMP- DE: "New"-
#55131	REDUCE cov: 3879 ft: 9293 corp: 1001/32Kb lim: 110 exec/s: 9188 rss: 264Mb L: 30/110 MS: 1 CrossOver-
#55269	NEW    cov: 3879 ft: 9301 corp: 1002/32Kb lim: 110 exec/s: 9211 rss: 264Mb L: 32/110 MS: 3 ChangeBit-ChangeBit-ChangeBinInt-
#55326	REDUCE cov: 3879 ft: 9301 corp: 1002/32Kb lim: 110 exec/s: 9221 rss: 264Mb L: 10/110 MS: 2 EraseBytes-CrossOver-
#55330	REDUCE cov: 3879 ft: 9301 corp: 1002/32Kb lim: 110 exec/s: 9221 rss: 264Mb L: 30/110 MS: 4 ChangeByte-EraseBytes-ChangeBinInt-CopyPart-
#55332	REDUCE cov: 3879 ft: 9301 corp: 1002/32Kb lim: 110 exec/s: 9222 rss: 264Mb L: 14/110 MS: 2 CMP-EraseBytes- DE: "A\020B\020"-
#55396	REDUCE cov: 3879 ft: 9301 corp: 1002/32Kb lim: 110 exec/s: 9232 rss: 264Mb L: 76/110 MS: 4 ChangeBit-ChangeASCIIInt-ShuffleBytes-EraseBytes-
#55489	REDUCE cov: 3879 ft: 9301 corp: 1002/32Kb lim: 110 exec/s: 9248 rss: 264Mb L: 61/110 MS: 3 ChangeBit-ChangeBit-EraseBytes-
#55551	REDUCE cov: 3879 ft: 9301 corp: 1002/32Kb lim: 110 exec/s: 9258 rss: 264Mb L: 37/110 MS: 2 ChangeBit-EraseBytes-
#55594	NEW    cov: 3879 ft: 9302 corp: 1003/32Kb lim: 110 exec/s: 9265 rss: 264Mb L: 19/110 MS: 3 ChangeBit-ChangeByte-EraseBytes-
#55725	REDUCE cov: 3879 ft: 9303 corp: 1004/32Kb lim: 110 exec/s: 9287 rss: 264Mb L: 51/110 MS: 1 CMP- DE: "\001\000{\304\276\245k\000"-
#55757	NEW    cov: 3879 ft: 9305 corp: 1005/32Kb lim: 110 exec/s: 9292 rss: 264Mb L: 50/110 MS: 2 CrossOver-CMP- DE: "drue"-
#55919	REDUCE cov: 3879 ft: 9305 corp: 1005/32Kb lim: 110 exec/s: 9319 rss: 264Mb L: 10/110 MS: 2 ShuffleBytes-EraseBytes-
#55970	REDUCE cov: 3879 ft: 9305 corp: 1005/32Kb lim: 110 exec/s: 9328 rss: 264Mb L: 18/110 MS: 1 EraseBytes-
#56081	REDUCE cov: 3879 ft: 9305 corp: 1005/32Kb lim: 110 exec/s: 9346 rss: 264Mb L: 14/110 MS: 1 EraseBytes-
#56154	NEW    cov: 3879 ft: 9307 corp: 1006/32Kb lim: 110 exec/s: 9359 rss: 264Mb L: 23/110 MS: 3 CrossOver-ChangeBit-ShuffleBytes-
#56330	REDUCE cov: 3879 ft: 9307 corp: 1006/32Kb lim: 110 exec/s: 9388 rss: 264Mb L: 51/110 MS: 1 EraseBytes-
#56428	REDUCE cov: 3879 ft: 9307 corp: 1006/32Kb lim: 110 exec/s: 9404 rss: 264Mb L: 61/110 MS: 3 CMP-ShuffleBytes-EraseBytes- DE: "\377\377"-
#56444	NEW    cov: 3879 ft: 9308 corp: 1007/32Kb lim: 110 exec/s: 9407 rss: 264Mb L: 53/110 MS: 1 CMP- DE: "Un{"-
#56557	REDUCE cov: 3879 ft: 9309 corp: 1008/32Kb lim: 110 exec/s: 9426 rss: 264Mb L: 84/110 MS: 3 InsertByte-ChangeByte-InsertRepeatedBytes-
#56583	REDUCE cov: 3880 ft: 9310 corp: 1009/32Kb lim: 110 exec/s: 9430 rss: 264Mb L: 102/110 MS: 1 CopyPart-
#56596	NEW    cov: 3880 ft: 9311 corp: 1010/32Kb lim: 110 exec/s: 9432 rss: 264Mb L: 53/110 MS: 3 CopyPart-ShuffleBytes-EraseBytes-
#56852	REDUCE cov: 3880 ft: 9311 corp: 1010/32Kb lim: 110 exec/s: 9475 rss: 264Mb L: 4/110 MS: 1 EraseBytes-
	NEW_FUNC[1/2]: 0x564ed77221a0 in <serde_json::de::Deserializer<serde_json::read::SliceRead>>::parse_exponent_overflow /home/meme/.cargo/registry/src/index.crates.io-1949cf8c6b5b557f/serde_json-1.0.151/src/de.rs:859
	NEW_FUNC[2/2]: 0x564ed77635a0 in <serde_json::de::Deserializer<serde_json::read::StrRead>>::parse_exponent_overflow /home/meme/.cargo/registry/src/index.crates.io-1949cf8c6b5b557f/serde_json-1.0.151/src/de.rs:859
#56923	NEW    cov: 3892 ft: 9325 corp: 1011/32Kb lim: 110 exec/s: 9487 rss: 264Mb L: 79/110 MS: 1 EraseBytes-
#56936	REDUCE cov: 3892 ft: 9325 corp: 1011/32Kb lim: 110 exec/s: 9489 rss: 264Mb L: 95/110 MS: 3 ChangeBinInt-ChangeASCIIInt-EraseBytes-
#56966	NEW    cov: 3892 ft: 9328 corp: 1012/32Kb lim: 110 exec/s: 9494 rss: 264Mb L: 58/110 MS: 5 InsertByte-CrossOver-ChangeBit-EraseBytes-ChangeBit-
#57009	REDUCE cov: 3892 ft: 9328 corp: 1012/32Kb lim: 110 exec/s: 9501 rss: 264Mb L: 56/110 MS: 3 ChangeByte-InsertRepeatedBytes-EraseBytes-
#57050	REDUCE cov: 3892 ft: 9328 corp: 1012/32Kb lim: 110 exec/s: 9508 rss: 264Mb L: 46/110 MS: 1 EraseBytes-
#57103	REDUCE cov: 3892 ft: 9328 corp: 1012/32Kb lim: 110 exec/s: 9517 rss: 264Mb L: 50/110 MS: 3 PersAutoDict-ChangeBit-CrossOver- DE: "C\004\000\000"-
#57120	REDUCE cov: 3892 ft: 9328 corp: 1012/32Kb lim: 110 exec/s: 9520 rss: 264Mb L: 108/110 MS: 2 CrossOver-EraseBytes-
#57161	REDUCE cov: 3892 ft: 9328 corp: 1012/32Kb lim: 110 exec/s: 9526 rss: 264Mb L: 19/110 MS: 1 EraseBytes-
#57182	REDUCE cov: 3892 ft: 9329 corp: 1013/32Kb lim: 110 exec/s: 9530 rss: 264Mb L: 28/110 MS: 1 CrossOver-
#57184	REDUCE cov: 3892 ft: 9329 corp: 1013/32Kb lim: 110 exec/s: 9530 rss: 264Mb L: 71/110 MS: 2 ChangeBit-EraseBytes-
#57200	REDUCE cov: 3892 ft: 9329 corp: 1013/32Kb lim: 110 exec/s: 9533 rss: 264Mb L: 53/110 MS: 1 EraseBytes-
#57221	REDUCE cov: 3892 ft: 9329 corp: 1013/32Kb lim: 110 exec/s: 9536 rss: 264Mb L: 31/110 MS: 1 EraseBytes-
#57285	NEW    cov: 3893 ft: 9330 corp: 1014/32Kb lim: 110 exec/s: 9547 rss: 264Mb L: 62/110 MS: 4 ChangeByte-CopyPart-ShuffleBytes-EraseBytes-
#57342	REDUCE cov: 3893 ft: 9330 corp: 1014/32Kb lim: 110 exec/s: 9557 rss: 264Mb L: 25/110 MS: 2 ChangeByte-EraseBytes-
#57473	REDUCE cov: 3893 ft: 9330 corp: 1014/32Kb lim: 110 exec/s: 9578 rss: 264Mb L: 11/110 MS: 1 EraseBytes-
#57501	REDUCE cov: 3893 ft: 9330 corp: 1014/32Kb lim: 110 exec/s: 9583 rss: 264Mb L: 13/110 MS: 3 CopyPart-ShuffleBytes-EraseBytes-
#57518	REDUCE cov: 3893 ft: 9330 corp: 1014/32Kb lim: 110 exec/s: 9586 rss: 264Mb L: 14/110 MS: 2 ShuffleBytes-EraseBytes-
#57521	REDUCE cov: 3893 ft: 9330 corp: 1014/32Kb lim: 110 exec/s: 9586 rss: 264Mb L: 50/110 MS: 3 ChangeBit-PersAutoDict-EraseBytes- DE: "foo\" :"-
#57596	REDUCE cov: 3893 ft: 9330 corp: 1014/32Kb lim: 110 exec/s: 9599 rss: 264Mb L: 8/110 MS: 5 ShuffleBytes-PersAutoDict-ChangeByte-ChangeByte-CrossOver- DE: "drue"-
#57675	REDUCE cov: 3893 ft: 9330 corp: 1014/32Kb lim: 110 exec/s: 9612 rss: 264Mb L: 72/110 MS: 4 ChangeBinInt-ShuffleBytes-ChangeBit-EraseBytes-
#57728	REDUCE cov: 3893 ft: 9330 corp: 1014/32Kb lim: 110 exec/s: 9621 rss: 264Mb L: 71/110 MS: 3 CMP-EraseBytes-ChangeByte- DE: "title"-
#57751	REDUCE cov: 3893 ft: 9330 corp: 1014/32Kb lim: 110 exec/s: 9625 rss: 264Mb L: 73/110 MS: 3 CrossOver-ChangeBit-EraseBytes-
#57789	REDUCE cov: 3893 ft: 9330 corp: 1014/32Kb lim: 110 exec/s: 9631 rss: 264Mb L: 35/110 MS: 3 PersAutoDict-CopyPart-EraseBytes- DE: "\025\000\000\000\000\000\000\000"-
#57818	REDUCE cov: 3893 ft: 9330 corp: 1014/32Kb lim: 110 exec/s: 9636 rss: 264Mb L: 63/110 MS: 4 ChangeBit-ShuffleBytes-ShuffleBytes-EraseBytes-
#57966	REDUCE cov: 3893 ft: 9330 corp: 1014/32Kb lim: 110 exec/s: 9661 rss: 264Mb L: 82/110 MS: 3 ShuffleBytes-ChangeASCIIInt-EraseBytes-
#58002	REDUCE cov: 3893 ft: 9330 corp: 1014/32Kb lim: 110 exec/s: 9667 rss: 264Mb L: 29/110 MS: 1 EraseBytes-
#58031	REDUCE cov: 3893 ft: 9333 corp: 1015/32Kb lim: 110 exec/s: 9671 rss: 264Mb L: 30/110 MS: 4 ChangeBit-InsertByte-PersAutoDict-EraseBytes- DE: "\010\000\000\000\000\000\000\000"-
#58038	REDUCE cov: 3893 ft: 9339 corp: 1016/32Kb lim: 110 exec/s: 9673 rss: 264Mb L: 63/110 MS: 2 ChangeASCIIInt-ShuffleBytes-
#58059	REDUCE cov: 3893 ft: 9339 corp: 1016/32Kb lim: 110 exec/s: 9676 rss: 264Mb L: 10/110 MS: 1 EraseBytes-
#58375	NEW    cov: 3894 ft: 9340 corp: 1017/32Kb lim: 110 exec/s: 9729 rss: 264Mb L: 29/110 MS: 1 CrossOver-
#58631	REDUCE cov: 3894 ft: 9340 corp: 1017/32Kb lim: 110 exec/s: 9771 rss: 264Mb L: 27/110 MS: 1 EraseBytes-
#58757	NEW    cov: 3894 ft: 9341 corp: 1018/32Kb lim: 110 exec/s: 9792 rss: 264Mb L: 23/110 MS: 1 ChangeBit-
#58799	REDUCE cov: 3894 ft: 9341 corp: 1018/32Kb lim: 110 exec/s: 9799 rss: 264Mb L: 13/110 MS: 2 ChangeBit-EraseBytes-
#58820	NEW    cov: 3894 ft: 9350 corp: 1019/32Kb lim: 110 exec/s: 9803 rss: 264Mb L: 65/110 MS: 1 EraseBytes-
#58881	NEW    cov: 3894 ft: 9352 corp: 1020/32Kb lim: 110 exec/s: 9813 rss: 264Mb L: 46/110 MS: 1 CMP- DE: "I\000\000\000\000\000\000\000"-
#58907	REDUCE cov: 3894 ft: 9352 corp: 1020/32Kb lim: 110 exec/s: 9817 rss: 264Mb L: 10/110 MS: 1 EraseBytes-
#58988	NEW    cov: 3894 ft: 9353 corp: 1021/33Kb lim: 110 exec/s: 8426 rss: 264Mb L: 90/110 MS: 1 InsertRepeatedBytes-
#59005	REDUCE cov: 3894 ft: 9353 corp: 1021/33Kb lim: 110 exec/s: 8429 rss: 264Mb L: 25/110 MS: 2 ChangeByte-EraseBytes-
#59006	REDUCE cov: 3894 ft: 9353 corp: 1021/33Kb lim: 110 exec/s: 8429 rss: 264Mb L: 7/110 MS: 1 EraseBytes-
#59026	REDUCE cov: 3895 ft: 9354 corp: 1022/33Kb lim: 110 exec/s: 8432 rss: 264Mb L: 73/110 MS: 5 CrossOver-PersAutoDict-ChangeBit-CMP-CrossOver- DE: "t\\u00"-"\016\201\377\367"-
#59106	REDUCE cov: 3895 ft: 9354 corp: 1022/33Kb lim: 110 exec/s: 8443 rss: 264Mb L: 6/110 MS: 5 InsertRepeatedBytes-PersAutoDict-ChangeBit-CrossOver-EraseBytes- DE: "true:"-

thread '<unnamed>' (305928) panicked at /rustc/0e29c21d93abc9bdc330182be1fbd33cfd5fee68/library/core/src/fmt/mod.rs:2949:38:
end byte index 0 is out of bounds for string of length 1
note: run with `RUST_BACKTRACE=1` environment variable to display a backtrace
==305928== ERROR: libFuzzer: deadly signal
    #0 0x564ed76c9ac1 in __sanitizer_print_stack_trace (/home/meme/Documentos/GitHub/jzon-rs/fuzz/target/x86_64-unknown-linux-gnu/release/map_keys+0x162ac1) (BuildId: 3df69c325575b4c70834df1d0f6c1d4db26cbefb)
    #1 0x564ed77d87b6 in fuzzer::PrintStackTrace() /home/meme/.cargo/registry/src/index.crates.io-1949cf8c6b5b557f/libfuzzer-sys-0.4.13/libfuzzer/FuzzerUtil.cpp:210:38
    #2 0x564ed7784635 in fuzzer::Fuzzer::CrashCallback() /home/meme/.cargo/registry/src/index.crates.io-1949cf8c6b5b557f/libfuzzer-sys-0.4.13/libfuzzer/FuzzerLoop.cpp:231:18
    #3 0x564ed7784635 in fuzzer::Fuzzer::CrashCallback() /home/meme/.cargo/registry/src/index.crates.io-1949cf8c6b5b557f/libfuzzer-sys-0.4.13/libfuzzer/FuzzerLoop.cpp:226:6
    #4 0x7fc4c0c44e6f  (/usr/lib/libc.so.6+0x44e6f) (BuildId: e363db7c8fcc7c06c6f0d2839b2a8ad875b75406)
    #5 0x7fc4c0caeb8a in __pthread_kill_implementation /usr/src/debug/glibc/glibc/nptl/pthread_kill.c:43:17
    #6 0x7fc4c0caeb8a in __pthread_kill_internal /usr/src/debug/glibc/glibc/nptl/pthread_kill.c:89:10
    #7 0x7fc4c0caeb8a in pthread_kill /usr/src/debug/glibc/glibc/nptl/pthread_kill.c:100:10
    #8 0x7fc4c0c44d47 in raise /usr/src/debug/glibc/glibc/signal/../sysdeps/posix/raise.c:26:13
    #9 0x7fc4c0c257c0 in abort /usr/src/debug/glibc/glibc/stdlib/abort.c:77:3
    #10 0x564ed77fff59 in std::sys::pal::unix::abort_internal /rustc/0e29c21d93abc9bdc330182be1fbd33cfd5fee68/library/std/src/sys/pal/unix/mod.rs:301:14
    #11 0x564ed77febc8 in std::process::abort /rustc/0e29c21d93abc9bdc330182be1fbd33cfd5fee68/library/std/src/process.rs:2638:5
    #12 0x564ed777e274 in libfuzzer_sys::initialize::{closure#0} /home/meme/.cargo/registry/src/index.crates.io-1949cf8c6b5b557f/libfuzzer-sys-0.4.13/src/lib.rs:94:9
    #13 0x564ed77fee51 in <alloc::boxed::Box<dyn for<'a, 'b> core::ops::function::Fn<(&'a std::panic::PanicHookInfo<'b>,), Output = ()> + core::marker::Send + core::marker::Sync> as core::ops::function::Fn<(&std::panic::PanicHookInfo,)>>::call /rustc/0e29c21d93abc9bdc330182be1fbd33cfd5fee68/library/alloc/src/boxed.rs:2335:9
    #14 0x564ed77fee51 in std::panicking::panic_with_hook /rustc/0e29c21d93abc9bdc330182be1fbd33cfd5fee68/library/std/src/panicking.rs:823:13
    #15 0x564ed77ecde1 in std::panicking::panic_handler::{closure#0} /rustc/0e29c21d93abc9bdc330182be1fbd33cfd5fee68/library/std/src/panicking.rs:688:13
    #16 0x564ed77e5528 in std::sys::backtrace::__rust_end_short_backtrace::<std::panicking::panic_handler::{closure#0}, !> /rustc/0e29c21d93abc9bdc330182be1fbd33cfd5fee68/library/std/src/sys/backtrace.rs:182:18
    #17 0x564ed77ed4dc in __rustc::rust_begin_unwind /rustc/0e29c21d93abc9bdc330182be1fbd33cfd5fee68/library/std/src/panicking.rs:679:5
    #18 0x564ed7813bcb in core::panicking::panic_fmt /rustc/0e29c21d93abc9bdc330182be1fbd33cfd5fee68/library/core/src/panicking.rs:80:14
    #19 0x564ed7813568 in core::str::slice_error_fail_rt /rustc/0e29c21d93abc9bdc330182be1fbd33cfd5fee68/library/core/src/str/mod.rs
    #20 0x564ed78134d9 in core::str::slice_error_fail /rustc/0e29c21d93abc9bdc330182be1fbd33cfd5fee68/library/core/src/str/mod.rs:70:5
    #21 0x564ed781a1a1 in <core::range::Range<usize> as core::slice::index::SliceIndex<str>>::index /rustc/0e29c21d93abc9bdc330182be1fbd33cfd5fee68/library/core/src/str/traits.rs:335:21
    #22 0x564ed781a1a1 in <core::ops::range::Range<usize> as core::slice::index::SliceIndex<str>>::index /rustc/0e29c21d93abc9bdc330182be1fbd33cfd5fee68/library/core/src/str/traits.rs:248:34
    #23 0x564ed781a1a1 in <str as core::ops::index::Index<core::ops::range::Range<usize>>>::index /rustc/0e29c21d93abc9bdc330182be1fbd33cfd5fee68/library/core/src/str/traits.rs:63:15
    #24 0x564ed781a1a1 in <str as core::fmt::Debug>::fmt /rustc/0e29c21d93abc9bdc330182be1fbd33cfd5fee68/library/core/src/fmt/mod.rs:2949:38
    #25 0x564ed7813479 in <core::fmt::rt::Argument>::fmt /rustc/0e29c21d93abc9bdc330182be1fbd33cfd5fee68/library/core/src/fmt/rt.rs:152:76
    #26 0x564ed7813479 in core::fmt::write /rustc/0e29c21d93abc9bdc330182be1fbd33cfd5fee68/library/core/src/fmt/mod.rs
    #27 0x564ed77da4d1 in write_fmt /home/meme/.rustup/toolchains/nightly-x86_64-unknown-linux-gnu/lib/rustlib/src/rust/library/core/src/fmt/mod.rs:2132:13
    #28 0x564ed77da4d1 in <serde_core::de::Unexpected as core::fmt::Display>::fmt /home/meme/.cargo/registry/src/index.crates.io-1949cf8c6b5b557f/serde_core-1.0.229/src/de/mod.rs:410:23
    #29 0x564ed776bee0 in <serde_json::error::JsonUnexpected as core::fmt::Display>::fmt /home/meme/.cargo/registry/src/index.crates.io-1949cf8c6b5b557f/serde_json-1.0.151/src/error.rs:476:22
    #30 0x564ed7813479 in <core::fmt::rt::Argument>::fmt /rustc/0e29c21d93abc9bdc330182be1fbd33cfd5fee68/library/core/src/fmt/rt.rs:152:76
    #31 0x564ed7813479 in core::fmt::write /rustc/0e29c21d93abc9bdc330182be1fbd33cfd5fee68/library/core/src/fmt/mod.rs
    #32 0x564ed780feb8 in <&mut alloc::string::String as core::fmt::Write::write_fmt::SpecWriteFmt>::spec_write_fmt /rustc/0e29c21d93abc9bdc330182be1fbd33cfd5fee68/library/core/src/fmt/mod.rs:238:21
    #33 0x564ed780feb8 in <alloc::string::String as core::fmt::Write>::write_fmt /rustc/0e29c21d93abc9bdc330182be1fbd33cfd5fee68/library/core/src/fmt/mod.rs:243:14
    #34 0x564ed780feb8 in alloc::fmt::format::format_inner /rustc/0e29c21d93abc9bdc330182be1fbd33cfd5fee68/library/alloc/src/fmt.rs:654:14
    #35 0x564ed7760326 in {closure#0} /home/meme/.rustup/toolchains/nightly-x86_64-unknown-linux-gnu/lib/rustlib/src/rust/library/alloc/src/fmt.rs:659:34
    #36 0x564ed7760326 in map_or_else<&str, alloc::string::String, alloc::fmt::format::{closure_env#0}, fn(&str) -> alloc::string::String> /home/meme/.rustup/toolchains/nightly-x86_64-unknown-linux-gnu/lib/rustlib/src/rust/library/core/src/option.rs:1276:21
    #37 0x564ed7760326 in format /home/meme/.rustup/toolchains/nightly-x86_64-unknown-linux-gnu/lib/rustlib/src/rust/library/alloc/src/fmt.rs:659:19
    #38 0x564ed7760326 in spec_to_string /home/meme/.rustup/toolchains/nightly-x86_64-unknown-linux-gnu/lib/rustlib/src/rust/library/alloc/src/string.rs:3115:9
    #39 0x564ed7760326 in to_string<core::fmt::Arguments> /home/meme/.rustup/toolchains/nightly-x86_64-unknown-linux-gnu/lib/rustlib/src/rust/library/alloc/src/string.rs:2931:9
    #40 0x564ed7760326 in <serde_json::error::Error as serde_core::de::Error>::custom::<core::fmt::Arguments> /home/meme/.cargo/registry/src/index.crates.io-1949cf8c6b5b557f/serde_json-1.0.151/src/error.rs:436:24
    #41 0x564ed776a9c5 in <serde_json::error::Error as serde_core::de::Error>::invalid_type /home/meme/.cargo/registry/src/index.crates.io-1949cf8c6b5b557f/serde_json-1.0.151/src/error.rs:441:9
    #42 0x564ed770781d in <serde_json::de::MapKey<serde_json::read::StrRead> as serde_core::de::Deserializer>::deserialize_bool::<serde_core::de::impls::BoolVisitor> /home/meme/.cargo/registry/src/index.crates.io-1949cf8c6b5b557f/serde_json-1.0.151/src/de.rs:2268:21
    #43 0x564ed773ec90 in deserialize<serde_json::de::MapKey<serde_json::read::StrRead>> /home/meme/.cargo/registry/src/index.crates.io-1949cf8c6b5b557f/serde_core-1.0.229/src/de/impls.rs:75:22
    #44 0x564ed773ec90 in deserialize<bool, serde_json::de::MapKey<serde_json::read::StrRead>> /home/meme/.cargo/registry/src/index.crates.io-1949cf8c6b5b557f/serde_core-1.0.229/src/de/mod.rs:825:9
    #45 0x564ed773ec90 in next_key_seed<serde_json::read::StrRead, core::marker::PhantomData<bool>> /home/meme/.cargo/registry/src/index.crates.io-1949cf8c6b5b557f/serde_json-1.0.151/src/de.rs:2021:31
    #46 0x564ed773ec90 in next_entry_seed<serde_json::de::MapAccess<serde_json::read::StrRead>, core::marker::PhantomData<bool>, core::marker::PhantomData<u8>> /home/meme/.cargo/registry/src/index.crates.io-1949cf8c6b5b557f/serde_core-1.0.229/src/de/mod.rs:1882:25
    #47 0x564ed773ec90 in next_entry<serde_json::de::MapAccess<serde_json::read::StrRead>, bool, u8> /home/meme/.cargo/registry/src/index.crates.io-1949cf8c6b5b557f/serde_core-1.0.229/src/de/mod.rs:1932:14
    #48 0x564ed773ec90 in visit_map<bool, u8, serde_json::de::MapAccess<serde_json::read::StrRead>> /home/meme/.cargo/registry/src/index.crates.io-1949cf8c6b5b557f/serde_core-1.0.229/src/de/impls.rs:1542:69
    #49 0x564ed773ec90 in deserialize_map<serde_json::read::StrRead, serde_core::de::impls::{impl#201}::deserialize::MapVisitor<bool, u8>> /home/meme/.cargo/registry/src/index.crates.io-1949cf8c6b5b557f/serde_json-1.0.151/src/de.rs:1803:39
    #50 0x564ed773ec90 in deserialize<bool, u8, &mut serde_json::de::Deserializer<serde_json::read::StrRead>> /home/meme/.cargo/registry/src/index.crates.io-1949cf8c6b5b557f/serde_core-1.0.229/src/de/impls.rs:1551:30
    #51 0x564ed773ec90 in from_trait<serde_json::read::StrRead, alloc::collections::btree::map::BTreeMap<bool, u8, alloc::alloc::Global>> /home/meme/.cargo/registry/src/index.crates.io-1949cf8c6b5b557f/serde_json-1.0.151/src/de.rs:2513:22
    #52 0x564ed773ec90 in from_str<alloc::collections::btree::map::BTreeMap<bool, u8, alloc::alloc::Global>> /home/meme/.cargo/registry/src/index.crates.io-1949cf8c6b5b557f/serde_json-1.0.151/src/de.rs:2713:5
    #53 0x564ed773ec90 in compare<alloc::collections::btree::map::BTreeMap<bool, u8, alloc::alloc::Global>> /home/meme/Documentos/GitHub/jzon-rs/fuzz/fuzz_targets/map_keys.rs:18:17
    #54 0x564ed773ec90 in map_keys::_::__libfuzzer_sys_run /home/meme/Documentos/GitHub/jzon-rs/fuzz/fuzz_targets/map_keys.rs:33:5
    #55 0x564ed775c575 in rust_fuzzer_test_input /home/meme/.cargo/registry/src/index.crates.io-1949cf8c6b5b557f/libfuzzer-sys-0.4.13/src/lib.rs:276:60
    #56 0x564ed777de04 in {closure#0} /home/meme/.cargo/registry/src/index.crates.io-1949cf8c6b5b557f/libfuzzer-sys-0.4.13/src/lib.rs:62:9
    #57 0x564ed777de04 in std::panicking::catch_unwind::do_call::<libfuzzer_sys::test_input_wrap::{closure#0}, i32> /home/meme/.rustup/toolchains/nightly-x86_64-unknown-linux-gnu/lib/rustlib/src/rust/library/std/src/panicking.rs:576:43
    #58 0x564ed777ea48 in __rust_try libfuzzer_sys.3836617bc9536a93-cgu.0
    #59 0x564ed777d4fd in catch_unwind<i32, libfuzzer_sys::test_input_wrap::{closure_env#0}> /home/meme/.rustup/toolchains/nightly-x86_64-unknown-linux-gnu/lib/rustlib/src/rust/library/std/src/panicking.rs:544:19
    #60 0x564ed777d4fd in catch_unwind<libfuzzer_sys::test_input_wrap::{closure_env#0}, i32> /home/meme/.rustup/toolchains/nightly-x86_64-unknown-linux-gnu/lib/rustlib/src/rust/library/std/src/panic.rs:359:14
    #61 0x564ed777d4fd in LLVMFuzzerTestOneInput /home/meme/.cargo/registry/src/index.crates.io-1949cf8c6b5b557f/libfuzzer-sys-0.4.13/src/lib.rs:60:22
    #62 0x564ed7784bdb in fuzzer::Fuzzer::ExecuteCallback(unsigned char const*, unsigned long) /home/meme/.cargo/registry/src/index.crates.io-1949cf8c6b5b557f/libfuzzer-sys-0.4.13/libfuzzer/FuzzerLoop.cpp:619:15
    #63 0x564ed7789268 in fuzzer::Fuzzer::RunOne(unsigned char const*, unsigned long, bool, fuzzer::InputInfo*, bool, bool*) /home/meme/.cargo/registry/src/index.crates.io-1949cf8c6b5b557f/libfuzzer-sys-0.4.13/libfuzzer/FuzzerLoop.cpp:516:22
    #64 0x564ed778bdd2 in fuzzer::Fuzzer::MutateAndTestOne() /home/meme/.cargo/registry/src/index.crates.io-1949cf8c6b5b557f/libfuzzer-sys-0.4.13/libfuzzer/FuzzerLoop.cpp:765:25
    #65 0x564ed778ea37 in fuzzer::Fuzzer::Loop(std::vector<fuzzer::SizedFile, std::allocator<fuzzer::SizedFile>>&) /home/meme/.cargo/registry/src/index.crates.io-1949cf8c6b5b557f/libfuzzer-sys-0.4.13/libfuzzer/FuzzerLoop.cpp:910:21
    #66 0x564ed77a5b4f in fuzzer::FuzzerDriver(int*, char***, int (*)(unsigned char const*, unsigned long)) /home/meme/.cargo/registry/src/index.crates.io-1949cf8c6b5b557f/libfuzzer-sys-0.4.13/libfuzzer/FuzzerDriver.cpp:923:10
    #67 0x564ed77bd962 in main /home/meme/.cargo/registry/src/index.crates.io-1949cf8c6b5b557f/libfuzzer-sys-0.4.13/libfuzzer/FuzzerMain.cpp:20:30
    #68 0x7fc4c0c27d0d in __libc_start_call_main /usr/src/debug/glibc/glibc/csu/../sysdeps/nptl/libc_start_call_main.h:59:16
    #69 0x7fc4c0c27e4a in __libc_start_main /usr/src/debug/glibc/glibc/csu/../csu/libc-start.c:372:3
    #70 0x564ed76340e4 in _start (/home/meme/Documentos/GitHub/jzon-rs/fuzz/target/x86_64-unknown-linux-gnu/release/map_keys+0xcd0e4) (BuildId: 3df69c325575b4c70834df1d0f6c1d4db26cbefb)

NOTE: libFuzzer has rudimentary signal handlers.
      Combine libFuzzer with AddressSanitizer or similar for better crash reports.
SUMMARY: libFuzzer: deadly signal
MS: 2 ChangeBinInt-InsertByte-; base unit: dcf8a232d71786b83727a06d94566511ac65b0ce
0x7b,0x22,0xd4,0x8e,0x22,0x3a,0xe,0x0,0x0,0x0,0x0,0x0,0x0,0x0,0x78,
{\"\324\216\":\016\000\000\000\000\000\000\000x
artifact_prefix='/home/meme/Documentos/GitHub/jzon-rs/fuzz/artifacts/map_keys/'; Test unit written to /home/meme/Documentos/GitHub/jzon-rs/fuzz/artifacts/map_keys/crash-b25fe08f684161a3837131c7b385268957e33c51
Base64: eyLUjiI6DgAAAAAAAAB4

────────────────────────────────────────────────────────────────────────────────

Failing input:

	artifacts/map_keys/crash-b25fe08f684161a3837131c7b385268957e33c51

Output of `std::fmt::Debug`:

	[123, 34, 212, 142, 34, 58, 14, 0, 0, 0, 0, 0, 0, 0, 120]

Reproduce with:

	cargo fuzz run map_keys artifacts/map_keys/crash-b25fe08f684161a3837131c7b385268957e33c51

Minimize test case with:

	cargo fuzz tmin map_keys artifacts/map_keys/crash-b25fe08f684161a3837131c7b385268957e33c51

────────────────────────────────────────────────────────────────────────────────

Error: Fuzz target exited with exit status: 77
